date,CHN,EUR,GBP,USD,ZAR,SDR,YEN,first_seen
2001-01-04,,0.2001,0.125,0.1863,1.413,0.1427,21.21,2026-09-10
2001-01-05,,0.1967,0.1248,0.1878,1.409,0.1434,21.87,2026-09-10
2001-01-08,,0.196,0.1247,0.1876,1.4105,0.1432,21.82,2026-09-10
2001-01-09,,0.1966,0.1242,0.1858,1.4157,0.1423,21.55,2026-09-10
2001-01-10,,0.195,0.1237,0.184,1.4227,0.1411,21.37,2026-09-10
2001-01-11,,0.1928,0.1217,0.1812,1.4344,0.1391,21.14,2026-09-10
2001-01-12,,0.1912,0.122,0.1829,1.4293,0.14,21.58,2026-09-10
2001-01-15,,0.1921,0.1232,0.1822,1.4277,0.1402,21.72,2026-09-10
2001-01-16,,0.1935,0.1231,0.1819,1.4288,0.1401,21.45,2026-09-10
2001-01-17,,0.1941,0.1244,0.1832,1.424,0.1408,21.49,2026-09-10
2001-01-18,,0.1944,0.1235,0.1823,1.4249,0.1407,21.69,2026-09-10
2001-01-19,,0.1923,0.1234,0.182,1.43,0.1399,21.39,2026-09-10
2001-01-22,,0.1932,0.1234,0.1809,1.4334,0.1393,21.11,2026-09-10
2001-01-23,,0.1933,0.1239,0.1819,1.4292,0.14,21.3,2026-09-10
2001-01-24,,0.1946,0.1241,0.1819,1.428,0.1402,21.26,2026-09-10
2001-01-25,,0.1964,0.1245,0.1811,1.4271,0.1403,21.31,2026-09-10
2001-01-26,,0.1962,0.1242,0.1812,1.4281,0.1402,21.19,2026-09-10
2001-01-29,,0.1964,0.1242,0.1814,1.4272,0.1403,21.25,2026-09-10
2001-01-30,,0.1971,0.1239,0.1807,1.4291,0.14,21.09,2026-09-10
2001-01-31,,0.197,0.125,0.1826,1.4232,0.141,21.25,2026-09-10
2001-02-01,,0.1954,0.1254,0.1838,1.4212,0.1413,21.4,2026-09-10
2001-02-02,,0.1959,0.1245,0.184,1.4224,0.1411,21.19,2026-09-10
2001-02-05,,0.1951,0.1246,0.1832,1.4245,0.1408,21.24,2026-09-10
2001-02-06,,0.1956,0.1245,0.1833,1.4248,0.1407,21.1,2026-09-10
2001-02-07,,0.197,0.1256,0.183,1.4236,0.1409,21.03,2026-09-10
2001-02-08,,0.195,0.1246,0.181,1.4307,0.1397,21.04,2026-09-10
2001-02-09,,0.1956,0.1245,0.1799,1.4332,0.1393,20.96,2026-09-10
2001-02-12,,0.1954,0.125,0.1814,1.4266,0.1404,21.38,2026-09-10
2001-02-13,,0.1956,0.1254,0.1821,1.4249,0.1407,21.35,2026-09-10
2001-02-14,,0.1962,0.1242,0.1805,1.4308,0.1397,21.04,2026-09-10
2001-02-15,,0.1976,0.1246,0.1816,1.4258,0.1405,21.14,2026-09-10
2001-02-16,,0.1998,0.1249,0.1812,1.4254,0.1406,20.98,2026-09-10
2001-02-19,,0.1993,0.1256,0.1819,1.4231,0.141,21.06,2026-09-10
2001-02-20,,0.1987,0.1267,0.1835,1.4181,0.1418,21.3,2026-09-10
2001-02-21,,0.2012,0.1263,0.1828,1.4177,0.1419,21.2,2026-09-10
2001-02-22,,0.2002,0.1259,0.1816,1.4228,0.141,21.05,2026-09-10
2001-02-23,,0.2002,0.1253,0.1813,1.4232,0.141,21.15,2026-09-10
2001-02-26,,0.1984,0.1251,0.1822,1.4233,0.141,21.05,2026-09-10
2001-02-27,,0.2002,0.1263,0.1827,1.419,0.1417,21.21,2026-09-10
2001-02-28,,0.2003,0.1276,0.184,1.4143,0.1425,21.35,2026-09-10
2001-03-01,,0.1995,0.1274,0.1841,1.4135,0.1426,21.57,2026-09-10
2001-03-02,,0.1975,0.1261,0.1841,1.4135,0.142,21.57,2026-09-10
2001-03-05,,0.1965,0.1248,0.1832,1.4183,0.1418,21.88,2026-09-10
2001-03-06,,0.1968,0.1248,0.1827,1.4203,0.1415,21.69,2026-09-10
2001-03-07,,0.1937,0.1232,0.1814,1.4282,0.1402,21.65,2026-09-10
2001-03-08,,0.194,0.1235,0.1805,1.4293,0.14,21.69,2026-09-10
2001-03-09,,0.1971,0.1249,0.1838,1.416,0.1422,21.95,2026-09-10
2001-03-12,,0.1962,0.1249,0.1831,1.4175,0.1419,22.08,2026-09-10
2001-03-13,,0.1962,0.1243,0.1821,1.4213,0.1413,21.88,2026-09-10
2001-03-14,,0.1984,0.1252,0.1813,1.4206,0.1414,21.79,2026-09-10
2001-03-15,,0.1983,0.1248,0.1803,1.4234,0.1409,21.75,2026-09-10
2001-03-16,,0.2005,0.1251,0.1799,1.42,0.1415,22.03,2026-09-10
2001-03-19,,0.2002,0.1257,0.1793,1.4204,0.1415,22.11,2026-09-10
2001-03-20,,0.1986,0.1253,0.1788,1.4247,0.1407,21.94,2026-09-10
2001-03-21,,0.1967,0.1244,0.1787,1.4273,0.1403,21.97,2026-09-10
2001-03-22,,0.1983,0.1243,0.1778,1.4276,0.1402,21.99,2026-09-10
2001-03-23,,0.2003,0.1252,0.1781,1.4248,0.1407,21.87,2026-09-10
2001-03-26,,0.2003,0.125,0.1786,1.423,0.141,22.02,2026-09-10
2001-03-27,,0.1999,0.1247,0.1789,1.4237,0.1409,21.91,2026-09-10
2001-03-28,,0.1998,0.1246,0.1786,1.4253,0.1406,21.81,2026-09-10
2001-03-29,,0.2003,0.1236,0.1776,1.4276,0.1402,21.81,2026-09-10
2001-03-30,,0.2013,0.124,0.1769,1.4262,0.1405,22.05,2026-09-10
2001-04-02,,0.2019,0.1247,0.1766,1.4238,0.1409,22.33,2026-09-10
2001-04-03,,0.1993,0.124,0.176,1.4294,0.14,22.17,2026-09-10
2001-04-04,,0.1965,0.1228,0.1759,1.4339,0.1392,22.17,2026-09-10
2001-04-05,,0.1962,0.1237,0.1776,1.4302,0.1398,22.1,2026-09-10
2001-04-06,,0.1972,0.1239,0.1768,1.4302,0.1398,22.15,2026-09-10
2001-04-09,,0.1965,0.1229,0.1773,1.4309,0.1397,22.14,2026-09-10
2001-04-10,,0.1976,0.1226,0.1772,1.4307,0.1397,22.06,2026-09-10
2001-04-11,,0.1999,0.124,0.178,1.4252,0.1406,22.06,2026-09-10
2001-04-12,,0.2003,0.1237,0.1777,1.4264,0.1404,21.94,2026-09-10
2001-04-17,,0.2003,0.1233,0.1775,1.4286,0.1401,21.88,2026-09-10
2001-04-18,,0.1999,0.1232,0.1762,1.4328,0.1394,21.64,2026-09-10
2001-04-19,,0.1988,0.1234,0.1763,1.4344,0.1391,21.53,2026-09-10
2001-04-20,,0.1974,0.1225,0.1771,1.4345,0.1391,21.59,2026-09-10
2001-04-23,,0.1948,0.1222,0.1764,1.4394,0.1383,21.55,2026-09-10
2001-04-24,,0.1964,0.1225,0.1762,1.4321,0.1385,21.42,2026-09-10
2001-04-25,,0.1982,0.1235,0.1772,1.4321,0.1395,21.64,2026-09-10
2001-04-26,,0.1973,0.123,0.1773,1.4327,0.1394,21.71,2026-09-10
2001-04-27,,0.1972,0.1237,0.1782,1.4277,0.1402,22.09,2026-09-10
2001-04-30,,0.2005,0.1244,0.1785,1.4229,0.141,22.11,2026-09-10
2001-05-03,,0.1983,0.1238,0.1777,1.4309,0.1397,21.6,2026-09-10
2001-05-04,,0.1986,0.1232,0.177,1.4337,0.1393,21.45,2026-09-10
2001-05-07,,0.1995,0.1239,0.178,1.4288,0.1401,21.6,2026-09-10
2001-05-08,,0.2004,0.1241,0.1783,1.4267,0.1404,21.64,2026-09-10
2001-05-09,,0.2019,0.1251,0.1786,1.4232,0.141,21.74,2026-09-10
2001-05-10,,0.2019,0.1258,0.179,1.4205,0.1414,21.87,2026-09-10
2001-05-11,,0.2029,0.1257,0.1788,1.42,0.1415,21.93,2026-09-10
2001-05-14,,0.2037,0.1256,0.1781,1.4212,0.1413,21.85,2026-09-10
2001-05-15,,0.2037,0.1256,0.1781,1.4204,0.1415,21.97,2026-09-10
2001-05-16,,0.2033,0.1252,0.178,1.4211,0.1413,21.03,2026-09-10
2001-05-17,,0.2012,0.1243,0.1776,1.4257,0.1406,21.87,2026-09-10
2001-05-18,,0.2027,0.1251,0.1786,1.4202,0.1415,22.04,2026-09-10
2001-05-21,,0.2038,0.1246,0.1795,1.4173,0.142,22.11,2026-09-10
2001-05-22,,0.2048,0.1246,0.1794,1.417,0.142,22.03,2026-09-10
2001-05-23,,0.2027,0.1256,0.1792,1.4162,0.1422,21.74,2026-09-10
2001-05-25,,0.2078,0.1267,0.1788,1.417,0.142,21.54,2026-09-10
2001-05-28,,0.2086,0.1261,0.1795,1.4145,0.1425,21.7,2026-09-10
2001-05-29,,0.2091,0.1262,0.1789,1.4155,0.1423,21.59,2026-09-10
2001-05-30,,0.2081,0.1255,0.1785,1.4186,0.1417,21.49,2026-09-10
2001-05-31,,0.2085,0.1249,0.1777,1.4225,0.1411,21.2,2026-09-10
2001-06-01,,0.2097,0.1251,0.1777,1.4215,0.1413,21.15,2026-09-10
2001-06-04,,0.2084,0.1252,0.1777,1.4222,0.1411,21.21,2026-09-10
2001-06-05,,0.2093,0.1253,0.1767,1.4241,0.1408,21.13,2026-09-10
2001-06-06,,0.2079,0.1269,0.1776,1.4214,0.1413,21.39,2026-09-10
2001-06-07,,0.208,0.1269,0.1764,1.4243,0.1408,21.19,2026-09-10
2001-06-08,,0.2078,0.1266,0.1762,1.4253,0.1406,21.17,2026-09-10
2001-06-11,,0.2071,0.1276,0.1766,1.4224,0.1411,21.46,2026-09-10
2001-06-12,,0.2083,0.1281,0.1755,1.4236,0.1409,21.39,2026-09-10
2001-06-13,,0.2063,0.1281,0.1759,1.424,0.1408,21.49,2026-09-10
2001-06-14,,0.2063,0.1268,0.1761,1.4246,0.1407,21.48,2026-09-10
2001-06-15,,0.2056,0.1266,0.1773,1.4223,0.1411,21.54,2026-09-10
2001-06-18,,0.2053,0.1261,0.1773,1.4212,0.1413,21.83,2026-09-10
2001-06-19,,0.2058,0.1261,0.1767,1.4219,0.1412,21.85,2026-09-10
2001-06-20,,0.2064,0.1261,0.1762,1.4237,0.1409,21.65,2026-09-10
2001-06-21,,0.206,0.126,0.1761,1.4234,0.1409,21.8,2026-09-10
2001-06-22,,0.2065,0.1247,0.1764,1.4223,0.1411,21.93,2026-09-10
2001-06-25,,0.2061,0.125,0.177,1.421,0.1413,21.97,2026-09-10
2001-06-26,,0.2053,0.1254,0.1773,1.4212,0.1413,21.91,2026-09-10
2001-06-27,,0.2052,0.1251,0.1772,1.4209,0.1414,22.04,2026-09-10
2001-06-28,,0.2057,0.1247,0.1767,1.4219,0.1412,22.03,2026-09-10
2001-06-29,,0.2085,0.1253,0.1763,1.4205,0.1414,21.88,2026-09-10
2001-07-03,,0.209,0.125,0.1771,1.4179,0.1419,21.95,2026-09-10
2001-07-04,,0.2085,0.1256,0.1767,1.4184,0.1418,22.04,2026-09-10
2001-07-05,,0.2077,0.1246,0.1753,1.4233,0.141,21.99,2026-09-10
2001-07-06,,0.2086,0.1245,0.1746,1.4244,0.1408,21.96,2026-09-10
2001-07-09,,0.2055,0.1235,0.1743,1.4295,0.1399,21.88,2026-09-10
2001-07-10,,0.2052,0.1239,0.1746,1.4283,0.1401,21.95,2026-09-10
2001-07-11,,0.2024,0.1226,0.1728,1.4379,0.1386,21.72,2026-09-10
2001-07-12,,0.2028,0.1234,0.1739,1.4352,0.139,21.58,2026-09-10
2001-07-13,,0.2034,0.1235,0.1733,1.4364,0.1388,21.52,2026-09-10
2001-07-18,,0.2026,0.1246,0.1746,1.4311,0.1397,21.85,2026-09-10
2001-07-19,,0.1996,0.1227,0.1741,1.4387,0.1385,21.58,2026-09-10
2001-07-20,,0.1993,0.1218,0.174,1.4412,0.1381,21.41,2026-09-10
2001-07-23,,0.2006,0.1224,0.1744,1.4377,0.1386,21.52,2026-09-10
2001-07-24,,0.201,0.1233,0.1751,1.4331,0.1393,21.75,2026-09-10
2001-07-25,,0.2,0.123,0.1748,1.4356,0.139,21.72,2026-09-10
2001-07-26,,0.1991,0.1227,0.1755,1.4357,0.1389,21.64,2026-09-10
2001-07-27,,0.1995,0.1228,0.1753,1.4351,0.139,21.7,2026-09-10
2001-07-30,,0.1998,0.1227,0.1746,1.436,0.1389,21.77,2026-09-10
2001-07-31,,0.1993,0.1222,0.1745,1.4373,0.1387,21.78,2026-09-10
2001-08-01,,0.1977,0.1218,0.1742,1.4404,0.1382,21.73,2026-09-10
2001-08-02,,0.1981,0.1218,0.1748,1.4382,0.1385,21.75,2026-09-10
2001-08-03,,0.1984,0.1222,0.1748,1.4381,0.1386,21.66,2026-09-10
2001-08-07,,0.1976,0.1224,0.1736,1.4429,0.1378,21.48,2026-09-10
2001-08-08,,0.1981,0.1225,0.1737,1.4422,0.1379,21.47,2026-09-10
2001-08-09,,0.1974,0.1229,0.1741,1.4413,0.138,21.54,2026-09-10
2001-08-10,,0.1961,0.1227,0.1748,1.4428,0.1378,21.32,2026-09-10
2001-08-13,,0.1956,0.1228,0.1751,1.4422,0.1379,21.36,2026-09-10
2001-08-14,,0.194,0.1227,0.1744,1.4453,0.1374,21.43,2026-09-10
2001-08-15,,0.1934,0.1223,0.1749,1.4467,0.1372,21.22,2026-09-10
2001-08-16,,0.192,0.1217,0.1759,1.4477,0.1371,21.07,2026-09-10
2001-08-17,,0.1923,0.1216,0.1755,1.4479,0.137,21.12,2026-09-10
2001-08-20,,0.1902,0.121,0.1749,1.4529,0.1363,21.04,2026-09-10
2001-08-21,,0.1918,0.1211,0.1749,1.4507,0.1366,21.08,2026-09-10
2001-08-22,,0.1896,0.1196,0.1738,1.4592,0.1353,20.82,2026-09-10
2001-08-23,,0.1902,0.1199,0.1737,1.458,0.1355,20.88,2026-09-10
2001-08-24,,0.1902,0.1203,0.1742,1.4566,0.1357,20.85,2026-09-10
2001-08-27,,0.1909,0.1206,0.1739,1.4559,0.1358,20.91,2026-09-10
2001-08-28,,0.1912,0.1202,0.1732,1.4584,0.1355,20.8,2026-09-10
2001-08-29,,0.1911,0.12,0.1744,1.4551,0.1359,20.9,2026-09-10
2001-08-30,,0.1918,0.1203,0.1743,1.4546,0.136,20.86,2026-09-10
2001-08-31,,0.1937,0.1194,0.1744,1.459,0.1369,20.72,2026-09-10
2001-09-03,,0.1905,0.1193,0.1733,1.4615,0.135,20.6,2026-09-10
2001-09-05,,0.1939,0.1192,0.1722,1.4602,0.1352,20.6,2026-09-10
2001-09-06,,0.1938,0.1182,0.172,1.4597,0.1353,20.86,2026-09-10
2001-09-07,,0.1929,0.1185,0.1726,1.4587,0.1354,20.9,2026-09-10
2001-09-10,,0.191,0.1181,0.1727,1.4625,0.1349,20.72,2026-09-10
2001-09-11,,0.1908,0.1177,0.1714,1.4652,0.1345,20.85,2026-09-10
2001-09-12,,0.1878,0.1163,0.1715,1.474,0.1332,20.38,2026-09-10
2001-09-13,,0.1884,0.1165,0.1709,1.4743,0.1332,20.4,2026-09-10
2001-09-14,,0.1878,0.1162,0.171,1.4755,0.133,20.36,2026-09-10
2001-09-17,,0.1853,0.1164,0.1718,1.4777,0.1327,20.21,2026-09-10
2001-09-18,,0.1856,0.1168,0.1711,1.4789,0.1326,20.18,2026-09-10
2001-09-19,,0.1851,0.1169,0.1711,1.4798,0.1324,20.17,2026-09-10
2001-09-20,,0.1844,0.1166,0.1711,1.4815,0.1322,20.11,2026-09-10
2001-09-21,,0.1847,0.1164,0.1703,1.4847,0.1318,19.95,2026-09-10
2001-09-24,,0.186,0.1167,0.17,1.4849,0.1317,19.8,2026-09-10
2001-09-25,,0.1856,0.1162,0.17,1.4843,0.1318,19.95,2026-09-10
2001-09-26,,0.1836,0.1152,0.1695,1.4902,0.131,19.87,2026-09-10
2001-09-27,,0.1833,0.1143,0.1683,1.4939,0.1306,19.97,2026-09-10
2001-09-28,,0.1822,0.1134,0.1666,1.5019,0.1295,19.85,2026-09-10
2001-10-03,,0.1792,0.1124,0.1651,1.511,0.1284,19.94,2026-09-10
2001-10-04,,0.178,0.1105,0.1629,1.5243,0.1268,19.61,2026-09-10
2001-10-08,,0.1783,0.1105,0.1636,1.5213,0.1271,19.66,2026-09-10
2001-10-10,,0.179,0.1121,0.1636,1.5181,0.1275,19.69,2026-09-10
2001-10-11,,0.1806,0.1134,0.1646,1.5103,0.1285,19.82,2026-09-10
2001-10-12,,0.1824,0.1138,0.1646,1.5059,0.129,19.97,2026-09-10
2001-10-15,,0.1819,0.1144,0.1659,1.5013,0.1296,20.08,2026-09-10
2001-10-16,,0.1833,0.1147,0.166,1.4991,0.1299,20.05,2026-09-10
2001-10-17,,0.1803,0.1129,0.1635,1.5138,0.128,19.88,2026-09-10
2001-10-18,,0.1805,0.1125,0.163,1.5173,0.1276,19.7,2026-09-10
2001-10-19,,0.1816,0.1138,0.1641,1.5093,0.1286,19.89,2026-09-10
2001-10-22,,0.1816,0.1139,0.1633,1.5118,0.1283,19.84,2026-09-10
2001-10-23,,0.18,0.1127,0.1604,1.5258,0.1266,19.7,2026-09-10
2001-10-24,,0.1806,0.1127,0.1609,1.5233,0.1269,19.69,2026-09-10
2001-10-25,,0.1808,0.1131,0.1617,1.5184,0.1275,19.84,2026-09-10
2001-10-29,,0.1813,0.1127,0.1621,1.5172,0.1272,19.84,2026-09-10
2001-10-30,,0.1795,0.1116,0.1624,1.5206,0.1272,19.8,2026-09-10
2001-10-31,,0.1784,0.1113,0.1618,1.5251,0.1267,19.71,2026-09-10
2001-11-01,,0.1795,0.1113,0.1618,1.5226,0.127,19.81,2026-09-10
2001-11-02,,0.1777,0.1097,0.1606,1.5334,0.1257,19.57,2026-09-10
2001-11-05,,0.1789,0.1103,0.1605,1.5313,0.126,19.55,2026-09-10
2001-11-06,,0.1791,0.1102,0.1608,1.5296,0.1262,19.57,2026-09-10
2001-11-08,,0.1793,0.1098,0.1608,1.5313,0.126,19.45,2026-09-10
2001-11-09,,0.18,0.1103,0.1601,1.5334,0.1257,19.26,2026-09-10
2001-11-12,,0.1785,0.1094,0.1595,1.5392,0.1251,19.23,2026-09-10
2001-11-13,,0.1781,0.1093,0.1588,1.5424,0.1247,19.2,2026-09-10
2001-11-14,,0.1796,0.1098,0.1584,1.5404,0.1249,19.25,2026-09-10
2001-11-15,,0.1803,0.1103,0.1589,1.5353,0.1255,19.41,2026-09-10
2001-11-16,,0.1809,0.1114,0.1599,1.529,0.1262,19.54,2026-09-10
2001-11-19,,0.181,0.1119,0.1596,1.5278,0.1264,19.55,2026-09-10
2001-11-20,,0.1796,0.1117,0.1579,1.5376,0.1253,19.44,2026-09-10
2001-11-21,,0.1792,0.1114,0.1579,1.5385,0.1252,19.47,2026-09-10
2001-11-22,,0.1777,0.11,0.1558,1.5524,0.1236,19.2,2026-09-10
2001-11-23,,0.1771,0.1103,0.1558,1.5518,0.1237,19.3,2026-09-10
2001-11-26,,0.1771,0.1101,0.1558,1.5513,0.1237,19.35,2026-09-10
2001-11-27,,0.1776,0.1109,0.1567,1.5451,0.1244,19.49,2026-09-10
2001-11-28,,0.1761,0.11,0.156,1.5532,0.1235,19.28,2026-09-10
2001-11-29,,0.1768,0.11,0.1569,1.5488,0.124,19.3,2026-09-10
2001-11-30,,0.1734,0.108,0.1539,1.5696,0.1218,19.08,2026-09-10
2001-12-03,,0.1715,0.1078,0.1534,1.5761,0.1212,18.97,2026-09-10
2001-12-04,,0.1717,0.1074,0.1528,1.5788,0.1209,18.05,2026-09-10
2001-12-05,,0.1684,0.1055,0.1501,1.6007,0.1187,18.64,2026-09-10
2001-12-06,,0.1644,0.1031,0.146,1.6347,0.1157,18.2,2026-09-10
2001-12-07,,0.1658,0.1038,0.1482,1.6178,0.1172,18.51,2026-09-10
2001-12-10,,0.1663,0.1034,0.1482,1.616,0.1174,18.62,2026-09-10
2001-12-11,,0.1644,0.1022,0.1465,1.6303,0.1161,18.45,2026-09-10
2001-12-12,,0.164,0.1021,0.1471,1.6283,0.1163,18.5,2026-09-10
2001-12-13,,0.1633,0.1014,0.1467,1.6324,0.1159,18.51,2026-09-10
2001-12-14,,0.1605,0.0996,0.1437,1.6572,0.1139,18.31,2026-09-10
2001-12-17,,0.1548,0.0962,0.1398,1.7018,0.1105,17.86,2026-09-10
2001-12-18,,0.1559,0.0965,0.1407,1.6915,0.1112,18.04,2026-09-10
2001-12-24,,0.1605,0.0991,0.1427,1.7235,0.1136,18.48,2026-09-10
2001-12-27,,0.1632,0.0989,0.1433,1.7158,0.1147,18.87,2026-09-10
2001-12-28,,0.1636,0.0997,0.1446,1.7101,0.1155,19.03,2026-09-10
2001-12-31,,0.1617,0.0987,0.1432,1.7188,0.1143,18.8,2026-09-10
2002-01-04,,0.1566,0.0976,0.1408,1.7353,0.112,18.47,2026-09-10
2002-01-07,,0.1588,0.0987,0.1426,1.7252,0.1134,18.65,2026-09-10
2002-01-08,,0.1631,0.1011,0.1456,1.7053,0.1162,19.31,2026-09-10
2002-01-09,,0.1656,0.1027,0.1479,1.6933,0.1181,19.6,2026-09-10
2002-01-10,,0.1665,0.1032,0.1485,1.6902,0.1185,19.62,2026-09-10
2002-01-11,,0.1642,0.1016,0.1464,1.7011,0.1168,19.36,2026-09-10
2002-01-14,,0.1661,0.1026,0.1487,1.691,0.1184,19.59,2026-09-10
2002-01-15,,0.1649,0.1017,0.1473,1.698,0.1173,19.33,2026-09-10
2002-01-16,,0.1649,0.101,0.1455,1.7043,0.1164,19.15,2026-09-10
2002-01-17,,0.166,0.1022,0.1466,1.698,0.1173,19.37,2026-09-10
2002-01-18,,0.1677,0.1028,0.1477,1.691,0.1184,19.63,2026-09-10
2002-01-21,,0.1669,0.1028,0.1478,1.6921,0.1182,19.56,2026-09-10
2002-01-22,,0.1669,0.1029,0.1473,1.6923,0.1182,19.69,2026-09-10
2002-01-24,,0.1688,0.104,0.1481,1.686,0.1192,19.94,2026-09-10
2002-01-25,,0.1713,0.1055,0.1502,1.6754,0.1209,20.25,2026-09-10
2002-01-28,,0.1711,0.105,0.1481,1.6834,0.1196,19.82,2026-09-10
2002-01-29,,0.1704,0.1041,0.1467,1.6898,0.1186,19.54,2026-09-10
2002-01-30,,0.1703,0.1042,0.1473,1.6885,0.1188,19.55,2026-09-10
2002-01-31,,0.1708,0.1042,0.1473,1.6878,0.1189,19.57,2026-09-10
2002-02-01,,0.1718,0.1045,0.1475,1.6847,0.1194,19.8,2026-09-10
2002-02-04,,0.1693,0.103,0.1459,1.6944,0.1179,19.47,2026-09-10
2002-02-05,,0.1679,0.1026,0.1461,1.6968,0.1175,19.35,2026-09-10
2002-02-06,,0.1695,0.1039,0.1471,1.6893,0.1187,19.68,2026-09-10
2002-02-07,,0.1698,0.1041,0.147,1.6889,0.1187,19.69,2026-09-10
2002-02-08,,0.1701,0.1048,0.1482,1.6844,0.1195,19.81,2026-09-10
2002-02-11,,0.169,0.1041,0.1476,1.6873,0.119,19.88,2026-09-10
2002-02-12,,0.1673,0.103,0.1466,1.6945,0.1179,19.56,2026-09-10
2002-02-13,,0.1688,0.1032,0.1478,1.6889,0.1187,19.68,2026-09-10
2002-02-14,,0.1688,0.103,0.1472,1.6918,0.1183,19.49,2026-09-10
2002-02-15,,0.1681,0.1027,0.1468,1.6937,0.118,19.49,2026-09-10
2002-02-18,,0.169,0.1031,0.1476,1.6898,0.1186,19.58,2026-09-10
2002-02-19,,0.1687,0.1029,0.1469,1.6919,0.1183,19.61,2026-09-10
2002-02-20,,0.1678,0.1029,0.1473,1.6918,0.1183,19.64,2026-09-10
2002-02-21,,0.1701,0.1038,0.1482,1.6855,0.1193,19.78,2026-09-10
2002-02-22,,0.1697,0.1036,0.1476,1.6875,0.119,19.79,2026-09-10
2002-02-25,,0.169,0.1033,0.1478,1.6881,0.1189,19.79,2026-09-10
2002-02-26,,0.1691,0.1031,0.1472,1.6901,0.1186,19.71,2026-09-10
2002-02-27,,0.1709,0.1043,0.1478,1.6844,0.1195,19.88,2026-09-10
2002-02-28,,0.1706,0.1039,0.1475,1.6866,0.1191,19.77,2026-09-10
2002-03-01,,0.1707,0.1044,0.148,1.6849,0.1194,19.78,2026-09-10
2002-03-04,,0.1719,0.1048,0.149,1.681,0.12,19.77,2026-09-10
2002-03-05,,0.1746,0.1067,0.1519,1.6681,0.1222,20.12,2026-09-10
2002-03-06,,0.1743,0.1066,0.1517,1.6692,0.122,20.04,2026-09-10
2002-03-07,,0.1726,0.1064,0.1515,1.6738,0.1212,19.66,2026-09-10
2002-03-08,,0.1666,0.1028,0.1466,1.7011,0.1169,18.71,2026-09-10
2002-03-11,,0.1676,0.1032,0.1467,1.6976,0.1173,18.89,2026-09-10
2002-03-12,,0.1675,0.1033,0.1467,1.6975,0.1173,18.87,2026-09-10
2002-03-13,,0.1655,0.1024,0.1447,1.7087,0.1159,18.71,2026-09-10
2002-03-14,,0.1664,0.1032,0.1461,1.7015,0.1168,18.8,2026-09-10
2002-03-15,,0.1652,0.1027,0.1459,1.7039,0.1165,18.85,2026-09-10
2002-03-18,,0.1632,0.101,0.1437,1.7175,0.1149,18.65,2026-09-10
2002-03-19,,0.1623,0.1003,0.1432,1.7201,0.1146,18.79,2026-09-10
2002-03-20,,0.1674,0.1037,0.1475,1.6899,0.1183,19.5,2026-09-10
2002-03-21,,0.1654,0.1025,0.1463,1.6995,0.117,19.24,2026-09-10
2002-03-22,,0.1669,0.1032,0.1472,1.6921,0.118,19.5,2026-09-10
2002-03-25,,0.1676,0.1033,0.1469,1.6918,0.118,19.5,2026-09-10
2002-03-26,,0.167,0.1027,0.1465,1.6948,0.1176,19.46,2026-09-10
2002-03-27,,0.1677,0.103,0.1469,1.6921,0.118,19.51,2026-09-10
2002-03-28,,0.169,0.1036,0.1477,1.6869,0.1186,19.57,2026-09-10
2002-04-02,,0.1685,0.103,0.1482,1.6852,0.1189,19.77,2026-09-10
2002-04-03,,0.1702,0.1041,0.1496,1.6772,0.1199,19.86,2026-09-10
2002-04-04,,0.1706,0.1048,0.1503,1.6734,0.1204,19.91,2026-09-10
2002-04-05,,0.1697,0.1039,0.149,1.6809,0.1194,19.7,2026-09-10
2002-04-08,,0.1717,0.1053,0.1508,1.6705,0.1208,19.84,2026-09-10
2002-04-09,,0.1715,0.1047,0.1499,1.6748,0.1203,19.75,2026-09-10
2002-04-10,,0.1699,0.1041,0.1497,1.6799,0.1196,19.51,2026-09-10
2002-04-11,,0.17,0.1042,0.1496,1.6789,0.1197,19.66,2026-09-10
2002-04-12,,0.17,0.1042,0.1496,1.6779,0.1198,19.76,2026-09-10
2002-04-15,,0.1701,0.1043,0.1499,1.6772,0.1199,19.73,2026-09-10
2002-04-16,,0.1702,0.1043,0.1499,1.6771,0.1199,19.72,2026-09-10
2002-04-17,,0.1692,0.1037,0.1495,1.6813,0.1194,19.58,2026-09-10
2002-04-18,,0.1691,0.1041,0.1505,1.6775,0.1199,19.66,2026-09-10
2002-04-19,,0.1693,0.1041,0.1508,1.6766,0.12,19.61,2026-09-10
2002-04-22,,0.1695,0.1042,0.1508,1.6764,0.12,19.62,2026-09-10
2002-04-23,,0.1713,0.1049,0.1521,1.6688,0.1211,19.75,2026-09-10
2002-04-24,,0.1711,0.105,0.152,1.6688,0.1211,19.82,2026-09-10
2002-04-25,,0.1711,0.1054,0.1529,1.6665,0.1214,19.73,2026-09-10
2002-04-26,,0.1701,0.1051,0.1528,1.6692,0.121,19.62,2026-09-10
2002-04-29,,0.1727,0.1068,0.1557,1.6546,0.1231,19.9,2026-09-10
2002-04-30,,0.1725,0.107,0.1558,1.6542,0.1231,19.94,2026-09-10
2002-05-02,,0.1729,0.1069,0.1567,1.6518,0.1235,19.91,2026-09-10
2002-05-03,,0.1735,0.1072,0.1567,1.65,0.1238,20.04,2026-09-10
2002-05-06,,0.1724,0.1076,0.1578,1.6478,0.1241,20.09,2026-09-10
2002-05-07,,0.1721,0.1077,0.1581,1.6475,0.1241,20.08,2026-09-10
2002-05-08,,0.1763,0.1099,0.161,1.6301,0.1268,20.63,2026-09-10
2002-05-10,,0.1736,0.1082,0.1584,1.6425,0.1249,20.36,2026-09-10
2002-05-13,,0.1751,0.1095,0.1603,1.6349,0.1261,20.4,2026-09-10
2002-05-14,,0.1777,0.1109,0.1613,1.6265,0.1274,20.69,2026-09-10
2002-05-15,,0.1769,0.1101,0.1596,1.6332,0.1263,20.5,2026-09-10
2002-05-16,,0.1759,0.1099,0.1602,1.6334,0.1263,20.46,2026-09-10
2002-05-17,,0.1767,0.1109,0.1615,1.6278,0.1272,20.61,2026-09-10
2002-05-20,,0.1766,0.1112,0.1626,1.626,0.1275,20.45,2026-09-10
2002-05-21,,0.1767,0.1114,0.1623,1.6267,0.1274,20.43,2026-09-10
2002-05-22,,0.1757,0.111,0.1619,1.6311,0.1267,20.18,2026-09-10
2002-05-23,,0.1746,0.1108,0.1614,1.6346,0.1262,20.05,2026-09-10
2002-05-24,,0.1752,0.1108,0.1612,1.6338,0.1263,20.14,2026-09-10
2002-05-27,,0.1769,0.1118,0.1629,1.6254,0.1276,20.32,2026-09-10
2002-05-28,,0.1773,0.1121,0.1634,1.623,0.1279,20.4,2026-09-10
2002-05-29,,0.1765,0.1124,0.1639,1.6223,0.128,20.42,2026-09-10
2002-05-30,,0.1767,0.1131,0.1654,1.6171,0.1288,20.55,2026-09-10
2002-05-31,,0.1767,0.1131,0.1658,1.616,0.129,20.57,2026-09-10
2002-06-03,,0.1767,0.1131,0.1648,1.619,0.1285,20.48,2026-09-10
2002-06-04,,0.1761,0.1133,0.1657,1.6173,0.1288,20.5,2026-09-10
2002-06-05,,0.1767,0.1139,0.1661,1.6144,0.1292,20.6,2026-09-10
2002-06-06,,0.1748,0.1123,0.1634,1.6259,0.1275,20.41,2026-09-10
2002-06-07,,0.1753,0.1137,0.1662,1.6159,0.129,20.65,2026-09-10
2002-06-10,,0.1747,0.1128,0.1644,1.6223,0.128,20.53,2026-09-10
2002-06-11,,0.1724,0.1113,0.1627,1.6323,0.1265,20.28,2026-09-10
2002-06-12,,0.1717,0.1105,0.1628,1.6329,0.1264,20.42,2026-09-10
2002-06-13,,0.1711,0.1099,0.1615,1.6379,0.1257,20.31,2026-09-10
2002-06-14,,0.1686,0.108,0.1592,1.6523,0.1237,19.87,2026-09-10
2002-06-17,,0.1672,0.1071,0.1581,1.66,0.1227,19.64,2026-09-10
2002-06-18,,0.1663,0.1064,0.1574,1.6642,0.1221,19.6,2026-09-10
2002-06-19,,0.169,0.108,0.1613,1.6453,0.1247,20.03,2026-09-10
2002-06-20,,0.1682,0.108,0.1612,1.6471,0.1244,19.97,2026-09-10
2002-06-21,,0.1646,0.106,0.1589,1.6632,0.1222,19.59,2026-09-10
2002-06-24,,0.1661,0.1076,0.1613,1.6527,0.1237,19.65,2026-09-10
2002-06-25,,0.1657,0.1072,0.1609,1.6554,0.1233,19.57,2026-09-10
2002-06-26,,0.1619,0.1052,0.1599,1.6683,0.1216,19.26,2026-09-10
2002-06-27,,0.1633,0.1053,0.1607,1.6638,0.1222,19.28,2026-09-10
2002-06-28,,0.1624,0.1051,0.1605,1.6667,0.1218,19.19,2026-09-10
2002-07-02,,0.1671,0.1076,0.1645,1.6428,0.125,19.72,2026-09-10
2002-07-03,,0.1666,0.1069,0.1634,1.6472,0.1244,19.68,2026-09-10
2002-07-04,,0.1665,0.1065,0.1626,1.6507,0.1239,19.55,2026-09-10
2002-07-05,,0.1663,0.1067,0.1621,1.6524,0.1237,19.52,2026-09-10
2002-07-08,,0.1663,0.1069,0.164,1.6478,0.1243,19.49,2026-09-10
2002-07-09,,0.1648,0.1056,0.1628,1.6556,0.1233,19.33,2026-09-10
2002-07-10,,0.1661,0.1064,0.1651,1.6462,0.1246,19.46,2026-09-10
2002-07-11,,0.1664,0.1062,0.1646,1.6479,0.1243,19.37,2026-09-10
2002-07-12,,0.1658,0.1055,0.1636,1.6541,0.1235,19.12,2026-09-10
2002-07-17,,0.1621,0.1042,0.1641,1.6606,0.1226,19.01,2026-09-10
2002-07-18,,0.1627,0.1045,0.1638,1.6592,0.1228,19.1,2026-09-10
2002-07-19,,0.1633,0.1049,0.166,1.6515,0.1238,19.25,2026-09-10
2002-07-22,,0.1637,0.1051,0.1657,1.6515,0.1238,19.24,2026-09-10
2002-07-23,,0.1645,0.1046,0.1643,1.654,0.1235,19.25,2026-09-10
2002-07-24,,0.165,0.1046,0.1636,1.6555,0.1233,19.2,2026-09-10
2002-07-25,,0.1621,0.1028,0.1623,1.6679,0.1216,18.86,2026-09-10
2002-07-26,,0.1632,0.1034,0.1633,1.6602,0.1226,19.19,2026-09-10
2002-07-29,,0.1636,0.1032,0.1616,1.6635,0.1222,19.26,2026-09-10
2002-07-30,,0.1662,0.1042,0.1627,1.6535,0.1235,19.56,2026-09-10
2002-07-31,,0.1658,0.1036,0.1628,1.6553,0.1233,19.46,2026-09-10
2002-08-01,,0.166,0.1039,0.1622,1.6563,0.1232,19.42,2026-09-10
2002-08-02,,0.1646,0.1039,0.1622,1.659,0.1228,19.34,2026-09-10
2002-08-05,,0.1649,0.1036,0.1622,1.659,0.1228,19.34,2026-09-10
2002-08-06,,0.1623,0.1019,0.1586,1.6767,0.1205,19.02,2026-09-10
2002-08-07,,0.1634,0.1027,0.1582,1.6746,0.1208,19.11,2026-09-10
2002-08-08,,0.1644,0.1043,0.1604,1.6638,0.1222,19.29,2026-09-10
2002-08-09,,0.165,0.1043,0.16,1.6636,0.1222,19.33,2026-09-10
2002-08-12,,0.1638,0.1045,0.1595,1.668,0.1216,19.14,2026-09-10
2002-08-13,,0.1633,0.1044,0.1598,1.6696,0.1214,18.99,2026-09-10
2002-08-14,,0.1612,0.1034,0.1591,1.6787,0.1203,18.63,2026-09-10
2002-08-15,,0.1624,0.1036,0.1589,1.6771,0.1205,18.66,2026-09-10
2002-08-16,,0.1611,0.103,0.158,1.6829,0.1197,18.59,2026-09-10
2002-08-19,,0.1609,0.1029,0.1586,1.6805,0.12,18.72,2026-09-10
2002-08-20,,0.1617,0.1034,0.158,1.6792,0.1202,18.81,2026-09-10
2002-08-21,,0.1588,0.1019,0.1562,1.6947,0.1183,18.4,2026-09-10
2002-08-22,,0.1588,0.1018,0.1553,1.6968,0.1181,18.43,2026-09-10
2002-08-23,,0.1605,0.1023,0.1554,1.6914,0.1187,18.66,2026-09-10
2002-08-26,,0.1605,0.1025,0.1557,1.6905,0.1189,18.64,2026-09-10
2002-08-27,,0.1606,0.1026,0.1567,1.6881,0.1192,18.6,2026-09-10
2002-08-28,,0.1623,0.104,0.1593,1.675,0.1208,18.86,2026-09-10
2002-08-29,,0.1614,0.1032,0.1585,1.6803,0.1202,18.72,2026-09-10
2002-08-30,,0.161,0.1023,0.1585,1.6821,0.1199,18.71,2026-09-10
2002-09-02,,0.1618,0.1027,0.1588,1.6786,0.1204,18.83,2026-09-10
2002-09-03,,0.1602,0.1018,0.1581,1.6854,0.1195,18.64,2026-09-10
2002-09-04,,0.1574,0.1002,0.1568,1.6976,0.118,18.38,2026-09-10
2002-09-05,,0.159,0.1008,0.1581,1.6886,0.1191,18.6,2026-09-10
2002-09-06,,0.1599,0.1013,0.1588,1.6833,0.1198,18.79,2026-09-10
2002-09-09,,0.1619,0.102,0.1591,1.6784,0.1204,18.84,2026-09-10
2002-09-10,,0.1624,0.1023,0.1596,1.6755,0.1208,18.91,2026-09-10
2002-09-11,,0.162,0.1016,0.158,1.6807,0.1201,18.92,2026-09-10
2002-09-12,,0.1625,0.1021,0.1585,1.6769,0.1206,19.08,2026-09-10
2002-09-13,,0.163,0.1026,0.1601,1.6713,0.1213,19.14,2026-09-10
2002-09-16,,0.1633,0.1023,0.1585,1.6737,0.121,19.32,2026-09-10
2002-09-17,,0.1623,0.102,0.1567,1.6806,0.1201,19.23,2026-09-10
2002-09-18,,0.1633,0.103,0.1583,1.6726,0.1212,19.41,2026-09-10
2002-09-19,,0.1619,0.1022,0.1583,1.6765,0.1206,19.28,2026-09-10
2002-09-20,,0.1613,0.1021,0.1586,1.6752,0.1208,19.48,2026-09-10
2002-09-23,,0.1611,0.1018,0.1581,1.6775,0.1205,19.45,2026-09-10
2002-09-24,,0.161,0.1014,0.1574,1.6796,0.1202,19.47,2026-09-10
2002-09-25,,0.1603,0.1008,0.1572,1.6833,0.1198,19.28,2026-09-10
2002-09-26,,0.1618,0.1015,0.1583,1.6759,0.1207,19.47,2026-09-10
2002-09-27,,0.1622,0.1018,0.1585,1.6751,0.1208,19.39,2026-09-10
2002-10-02,,0.1627,0.1022,0.1598,1.6687,0.1217,19.66,2026-09-10
2002-10-03,,0.1615,0.1016,0.1595,1.6722,0.1212,19.59,2026-09-10
2002-10-04,,0.1627,0.1023,0.1604,1.6667,0.122,19.7,2026-09-10
2002-10-07,,0.1633,0.1021,0.1599,1.6667,0.122,19.79,2026-09-10
2002-10-08,,0.162,0.1016,0.1591,1.6715,0.1213,19.75,2026-09-10
2002-10-09,,0.1625,0.1023,0.1592,1.6698,0.1216,19.73,2026-09-10
2002-10-10,,0.1611,0.1018,0.1594,1.6725,0.1212,19.65,2026-09-10
2002-10-11,,0.1622,0.1023,0.1601,1.667,0.1219,19.85,2026-09-10
2002-10-14,,0.1618,0.1023,0.1599,1.6685,0.1217,19.8,2026-09-10
2002-10-15,,0.1617,0.1026,0.1597,1.6684,0.1217,19.85,2026-09-10
2002-10-16,,0.1626,0.1027,0.1598,1.6666,0.122,19.88,2026-09-10
2002-10-17,,0.1635,0.1031,0.1599,1.6644,0.1223,19.88,2026-09-10
2002-10-18,,0.1655,0.1038,0.1607,1.6573,0.1233,20.13,2026-09-10
2002-10-21,,0.1649,0.1036,0.1604,1.6594,0.123,20.05,2026-09-10
2002-10-22,,0.166,0.1047,0.1616,1.6526,0.124,20.24,2026-09-10
2002-10-23,,0.1658,0.1049,0.1621,1.652,0.124,20.16,2026-09-10
2002-10-24,,0.1663,0.1048,0.1621,1.6519,0.124,20.12,2026-09-10
2002-10-25,,0.1664,0.1048,0.1628,1.6496,0.1244,20.19,2026-09-10
2002-10-28,,0.1672,0.1052,0.1629,1.6468,0.1248,20.33,2026-09-10
2002-10-29,,0.1665,0.1051,0.1639,1.6462,0.1249,20.24,2026-09-10
2002-10-30,,0.1645,0.1039,0.1616,1.6579,0.1232,19.9,2026-09-10
2002-10-31,,0.1654,0.1047,0.1633,1.6512,0.1241,20.0,2026-09-10
2002-11-01,,0.1658,0.105,0.1643,1.647,0.1248,20.14,2026-09-10
2002-11-04,,0.1652,0.1052,0.1646,1.6472,0.1247,20.12,2026-09-10
2002-11-05,,0.1662,0.1065,0.1658,1.641,0.1256,20.22,2026-09-10
2002-11-06,,0.1659,0.1061,0.1655,1.6424,0.1254,20.25,2026-09-10
2002-11-07,,0.1656,0.1064,0.1664,1.6404,0.1257,20.25,2026-09-10
2002-11-08,,0.1662,0.1061,0.1676,1.637,0.1262,20.29,2026-09-10
2002-11-11,,0.1658,0.1055,0.1679,1.6386,0.126,20.11,2026-09-10
2002-11-12,,0.1653,0.1052,0.1669,1.6429,0.1254,19.98,2026-09-10
2002-11-13,,0.1658,0.1055,0.1677,1.6394,0.1259,20.07,2026-09-10
2002-11-14,,0.1659,0.1054,0.167,1.6406,0.1257,20.12,2026-09-10
2002-11-15,,0.1672,0.1064,0.168,1.6346,0.1266,20.26,2026-09-10
2002-11-18,,0.1678,0.1073,0.1696,1.628,0.1276,20.5,2026-09-10
2002-11-19,,0.1674,0.1068,0.169,1.6307,0.1272,20.44,2026-09-10
2002-11-20,,0.1686,0.107,0.1691,1.6271,0.1278,20.69,2026-09-10
2002-11-21,,0.1681,0.1069,0.1682,1.6305,0.1272,20.58,2026-09-10
2002-11-22,,0.1688,0.107,0.1693,1.6259,0.128,20.77,2026-09-10
2002-11-25,,0.1713,0.1082,0.1705,1.6182,0.1292,20.9,2026-09-10
2002-11-26,,0.1746,0.1107,0.1732,1.6052,0.1314,21.12,2026-09-10
2002-11-27,,0.1748,0.1118,0.1737,1.6027,0.1318,21.15,2026-09-10
2002-11-28,,0.1744,0.1116,0.1727,1.6055,0.1313,21.13,2026-09-10
2002-11-29,,0.174,0.1115,0.1729,1.6057,0.1313,21.14,2026-09-10
2002-12-02,,0.1745,0.1113,0.1732,1.6032,0.1317,21.37,2026-09-10
2002-12-03,,0.1749,0.112,0.1743,1.5978,0.1326,21.71,2026-09-10
2002-12-04,,0.1733,0.1102,0.1732,1.604,0.1316,21.63,2026-09-10
2002-12-05,,0.175,0.1116,0.1749,1.5955,0.133,21.91,2026-09-10
2002-12-06,,0.1746,0.1112,0.1749,1.5966,0.1328,21.9,2026-09-10
2002-12-09,,0.1726,0.1105,0.1746,1.6033,0.133,21.4,2026-09-10
2002-12-10,,0.1744,0.1115,0.1761,1.5951,0.1339,21.75,2026-09-10
2002-12-11,,0.1755,0.1127,0.177,1.5902,0.1349,21.83,2026-09-10
2002-12-12,,0.177,0.1134,0.1785,1.584,0.135,22.02,2026-09-10
2002-12-13,,0.1761,0.1136,0.1792,1.5836,0.1354,21.99,2026-09-10
2002-12-16,,0.1767,0.1136,0.1806,1.5813,0.136,21.8,2026-09-10
2002-12-17,,0.1769,0.114,0.1818,1.5775,0.133,21.95,2026-09-10
2002-12-18,,0.1729,0.1111,0.1777,1.5959,0.1349,21.54,2026-09-10
2002-12-19,,0.1756,0.1126,0.1801,1.5843,0.1349,21.83,2026-09-10
2002-12-20,,0.1737,0.1113,0.1783,1.5935,0.1334,21.52,2026-09-10
2002-12-23,,0.174,0.1115,0.1788,1.5921,0.1336,21.5,2026-09-10
2002-12-24,,0.1751,0.1129,0.1798,1.5866,0.1345,21.64,2026-09-10
2002-12-27,,0.1731,0.1122,0.1799,1.59,0.1339,21.59,2026-09-10
2002-12-30,,0.1731,0.1126,0.1807,1.5874,0.1344,21.68,2026-09-10
2002-12-31,,0.1745,0.114,0.1829,1.5801,0.1356,21.68,2026-09-10
2003-01-03,,0.1775,0.1154,0.184,1.5706,0.1372,22.09,2026-09-10
2003-01-06,,0.1787,0.1159,0.1866,1.5629,0.1386,22.27,2026-09-10
2003-01-07,,0.1764,0.1147,0.1842,1.5732,0.1369,22.0,2026-09-10
2003-01-08,,0.1753,0.114,0.1828,1.5784,0.136,21.93,2026-09-10
2003-01-09,,0.1759,0.1146,0.185,1.5723,0.137,22.0,2026-09-10
2003-01-10,,0.1755,0.1147,0.1843,1.5736,0.1368,22.07,2026-09-10
2003-01-13,,0.1753,0.1152,0.1852,1.5717,0.1371,22.07,2026-09-10
2003-01-14,,0.1734,0.1142,0.1831,1.5811,0.1355,21.76,2026-09-10
2003-01-15,,0.1703,0.112,0.1797,1.598,0.1329,21.24,2026-09-10
2003-01-16,,0.1716,0.1132,0.1815,1.5898,0.1342,21.44,2026-09-10
2003-01-17,,0.1705,0.1123,0.1811,1.5935,0.1336,21.37,2026-09-10
2003-01-20,,0.1698,0.1122,0.1807,1.5956,0.1333,21.36,2026-09-10
2003-01-21,,0.1691,0.1122,0.1801,1.5974,0.133,21.4,2026-09-10
2003-01-22,,0.1659,0.1101,0.178,1.6111,0.1309,21.04,2026-09-10
2003-01-23,,0.1678,0.1113,0.1801,1.6007,0.1325,21.34,2026-09-10
2003-01-24,,0.1692,0.1119,0.1821,1.5929,0.1337,21.49,2026-09-10
2003-01-27,,0.1685,0.1117,0.1826,1.593,0.1337,21.52,2026-09-10
2003-01-28,,0.1685,0.1117,0.1824,1.5923,0.1338,21.64,2026-09-10
2003-01-29,,0.1676,0.1106,0.1822,1.5963,0.1332,21.49,2026-09-10
2003-01-30,,0.1704,0.1121,0.1846,1.5835,0.1352,21.88,2026-09-10
2003-01-31,,0.1708,0.1117,0.1847,1.5825,0.1353,22.0,2026-09-10
2003-02-03,,0.1723,0.1124,0.185,1.5774,0.1362,22.25,2026-09-10
2003-02-04,,0.1724,0.1131,0.1858,1.5747,0.1366,22.32,2026-09-10
2003-02-05,,0.1731,0.1142,0.1886,1.5662,0.138,22.55,2026-09-10
2003-02-06,,0.1732,0.1138,0.1869,1.5704,0.1373,22.42,2026-09-10
2003-02-07,,0.1722,0.1139,0.1862,1.5736,0.1368,22.31,2026-09-10
2003-02-10,,0.1729,0.1147,0.1869,1.5693,0.1375,22.51,2026-09-10
2003-02-11,,0.1717,0.1133,0.1841,1.5787,0.1359,22.35,2026-09-10
2003-02-12,,0.1738,0.1153,0.1867,1.5677,0.1378,22.56,2026-09-10
2003-02-13,,0.1734,0.1152,0.1865,1.5687,0.1376,22.56,2026-09-10
2003-02-14,,0.1738,0.1161,0.1884,1.5632,0.1385,22.68,2026-09-10
2003-02-17,,0.1741,0.1164,0.1867,1.5666,0.138,22.52,2026-09-10
2003-02-18,,0.1741,0.1167,0.1868,1.5676,0.1378,22.28,2026-09-10
2003-02-19,,0.1742,0.1172,0.1868,1.5674,0.1378,22.23,2026-09-10
2003-02-20,,0.1755,0.118,0.1889,1.5596,0.1392,22.47,2026-09-10
2003-02-21,,0.1772,0.1204,0.1917,1.5493,0.141,22.71,2026-09-10
2003-02-24,,0.1788,0.1215,0.1917,1.5463,0.1416,22.75,2026-09-10
2003-02-25,,0.1778,0.121,0.1919,1.5489,0.1411,22.53,2026-09-10
2003-02-26,,0.1778,0.1215,0.1912,1.5501,0.1409,22.47,2026-09-10
2003-02-27,,0.1768,0.1204,0.1909,1.5535,0.1402,22.34,2026-09-10
2003-02-28,,0.1795,0.1223,0.193,1.543,0.1422,22.71,2026-09-10
2003-03-03,,0.1774,0.1214,0.1912,1.5499,0.1409,22.58,2026-09-10
2003-03-04,,0.1783,0.123,0.1948,1.5398,0.1428,22.89,2026-09-10
2003-03-05,,0.1768,0.1221,0.194,1.5446,0.1419,22.77,2026-09-10
2003-03-06,,0.1767,0.1209,0.1937,1.5465,0.1416,22.72,2026-09-10
2003-03-07,,0.176,0.1208,0.1936,1.5477,0.1414,22.73,2026-09-10
2003-03-10,,0.1766,0.1217,0.1946,1.5443,0.142,22.74,2026-09-10
2003-03-11,,0.1768,0.1216,0.1949,1.5429,0.1422,22.83,2026-09-10
2003-03-12,,0.1767,0.1213,0.1948,1.5434,0.1421,22.88,2026-09-10
2003-03-13,,0.1761,0.1195,0.1916,1.5529,0.1405,22.62,2026-09-10
2003-03-14,,0.1765,0.119,0.1905,1.5553,0.1401,22.54,2026-09-10
2003-03-17,,0.1771,0.1207,0.1918,1.5504,0.1409,22.6,2026-09-10
2003-03-18,,0.1775,0.1204,0.1888,1.5568,0.1398,22.41,2026-09-10
2003-03-19,,0.1793,0.1219,0.1905,1.5488,0.1412,22.61,2026-09-10
2003-03-20,,0.1792,0.1212,0.1899,1.5496,0.1411,22.79,2026-09-10
2003-03-21,,0.1796,0.1217,0.1904,1.5469,0.1415,22.93,2026-09-10
2003-03-24,,0.1785,0.1209,0.1896,1.5506,0.1409,22.92,2026-09-10
2003-03-25,,0.1795,0.1217,0.1921,1.5437,0.1421,22.96,2026-09-10
2003-03-26,,0.1805,0.1221,0.1921,1.5416,0.1425,23.05,2026-09-10
2003-03-27,,0.1815,0.1232,0.1942,1.5344,0.1438,23.28,2026-09-10
2003-03-28,,0.1804,0.1232,0.1928,1.5389,0.1429,23.15,2026-09-10
2003-03-31,,0.179,0.1229,0.1938,1.5395,0.1428,23.11,2026-09-10
2003-04-01,,0.1791,0.1236,0.1951,1.5366,0.1434,23.09,2026-09-10
2003-04-02,,0.1794,0.1238,0.1949,1.5366,0.1434,23.08,2026-09-10
2003-04-03,,0.1795,0.1233,0.1933,1.5405,0.1427,22.93,2026-09-10
2003-04-04,,0.1818,0.1243,0.195,1.531,0.1444,23.42,2026-09-10
2003-04-07,,0.1808,0.1233,0.1919,1.54,0.1427,23.16,2026-09-10
2003-04-08,,0.1805,0.1242,0.1929,1.5382,0.1431,23.08,2026-09-10
2003-04-09,,0.179,0.1237,0.1924,1.5417,0.1424,23.07,2026-09-10
2003-04-10,,0.1807,0.1246,0.1949,1.5327,0.1441,23.35,2026-09-10
2003-04-11,,0.1823,0.125,0.1965,1.5268,0.1452,23.53,2026-09-10
2003-04-14,,0.1826,0.1248,0.1963,1.5263,0.1453,23.65,2026-09-10
2003-04-15,,0.1818,0.1245,0.1956,1.5294,0.1447,23.53,2026-09-10
2003-04-16,,0.1825,0.1256,0.1974,1.5235,0.1458,23.73,2026-09-10
2003-04-17,,0.1823,0.1261,0.1994,1.5201,0.1464,23.75,2026-09-10
2003-04-22,,0.1828,0.1272,0.199,1.5181,0.1468,23.99,2026-09-10
2003-04-23,,0.1827,0.1272,0.2003,1.5155,0.1473,24.07,2026-09-10
2003-04-24,,0.1851,0.1282,0.2039,1.5047,0.1495,24.42,2026-09-10
2003-04-25,,0.1868,0.1291,0.2059,1.4972,0.151,24.79,2026-09-10
2003-04-28,,0.188,0.1302,0.2082,1.4905,0.1524,24.99,2026-09-10
2003-04-29,,0.1892,0.1305,0.2076,1.4901,0.1524,24.9,2026-09-10
2003-04-30,,0.1887,0.1315,0.2099,1.4858,0.1533,25.06,2026-09-10
2003-05-02,,0.1833,0.1279,0.2058,1.5044,0.1496,24.44,2026-09-10
2003-05-05,,0.1799,0.1258,0.2017,1.5194,0.1468,24.0,2026-09-10
2003-05-06,,0.1836,0.129,0.2073,1.4999,0.1505,24.59,2026-09-10
2003-05-07,,0.1809,0.1279,0.2063,1.5073,0.1491,24.29,2026-09-10
2003-05-08,,0.1824,0.1294,0.2068,1.5045,0.1496,24.1,2026-09-10
2003-05-09,,0.1809,0.1296,0.2079,1.5029,0.1499,24.38,2026-09-10
2003-05-12,,0.1795,0.129,0.2075,1.5066,0.1492,24.25,2026-09-10
2003-05-13,,0.1785,0.1277,0.2054,1.5138,0.1479,23.95,2026-09-10
2003-05-14,,0.1785,0.1274,0.2049,1.5152,0.1476,23.89,2026-09-10
2003-05-15,,0.174,0.1232,0.199,1.5395,0.1433,23.13,2026-09-10
2003-05-16,,0.1707,0.1201,0.1945,1.5586,0.1402,22.63,2026-09-10
2003-05-19,,0.172,0.1235,0.2014,1.5375,0.1437,23.18,2026-09-10
2003-05-20,,0.1662,0.1189,0.1941,1.5668,0.139,22.73,2026-09-10
2003-05-21,,0.1703,0.1216,0.1996,1.5442,0.1425,23.28,2026-09-10
2003-05-22,,0.17,0.1211,0.1979,1.5483,0.1419,23.27,2026-09-10
2003-05-23,,0.1694,0.1211,0.1978,1.5497,0.1416,23.2,2026-09-10
2003-05-26,,0.1666,0.1202,0.197,1.5575,0.1404,23.01,2026-09-10
2003-05-27,,0.1656,0.1196,0.1959,1.5623,0.1396,22.93,2026-09-10
2003-05-28,,0.1631,0.1174,0.1929,1.5766,0.1375,22.59,2026-09-10
2003-05-30,,0.1652,0.1188,0.1963,1.5615,0.1399,23.23,2026-09-10
2003-06-02,,0.1646,0.1183,0.1931,1.5706,0.1384,22.98,2026-09-10
2003-06-03,,0.1657,0.1189,0.1947,1.5646,0.1394,23.06,2026-09-10
2003-06-04,,0.1656,0.1192,0.194,1.566,0.1391,23.03,2026-09-10
2003-06-05,,0.1639,0.1171,0.1911,1.5787,0.1372,22.66,2026-09-10
2003-06-06,,0.1659,0.1181,0.1965,1.5613,0.1399,23.15,2026-09-10
2003-06-09,,0.166,0.1167,0.1941,1.568,0.1388,22.97,2026-09-10
2003-06-10,,0.1674,0.1191,0.1964,1.5581,0.1404,23.19,2026-09-10
2003-06-11,,0.1676,0.1187,0.1965,1.5581,0.1404,23.15,2026-09-10
2003-06-12,,0.1669,0.1174,0.1964,1.5606,0.14,23.12,2026-09-10
2003-06-13,,0.1684,0.1187,0.1983,1.5528,0.1413,23.31,2026-09-10
2003-06-16,,0.1675,0.1187,0.1988,1.5526,0.1413,23.4,2026-09-10
2003-06-17,,0.167,0.1177,0.1981,1.5562,0.1407,23.3,2026-09-10
2003-06-18,,0.1678,0.1174,0.1978,1.5554,0.1409,23.38,2026-09-10
2003-06-19,,0.1679,0.1167,0.1953,1.5616,0.1399,23.15,2026-09-10
2003-06-20,,0.168,0.1172,0.1968,1.5577,0.1405,23.27,2026-09-10
2003-06-23,,0.1696,0.1181,0.1965,1.5551,0.1409,23.25,2026-09-10
2003-06-24,,0.1696,0.1175,0.1959,1.5577,0.1405,23.1,2026-09-10
2003-06-25,,0.1724,0.1193,0.1986,1.5457,0.1425,23.35,2026-09-10
2003-06-26,,0.1735,0.1196,0.1996,1.5407,0.1434,23.61,2026-09-10
2003-06-27,,0.1766,0.1216,0.2018,1.5284,0.1456,24.14,2026-09-10
2003-06-30,,0.1782,0.1233,0.2037,1.5204,0.1471,24.4,2026-09-10
2003-07-02,,0.177,0.1229,0.2046,1.521,0.147,24.36,2026-09-10
2003-07-03,,0.1768,0.1225,0.2039,1.524,0.1464,24.12,2026-09-10
2003-07-04,,0.1774,0.1221,0.2034,1.5246,0.1463,24.06,2026-09-10
2003-07-07,,0.1773,0.1219,0.2031,1.5261,0.146,23.94,2026-09-10
2003-07-08,,0.1787,0.1229,0.2026,1.5246,0.1463,23.89,2026-09-10
2003-07-09,,0.1771,0.1228,0.2007,1.5307,0.1452,23.74,2026-09-10
2003-07-10,,0.1776,0.1234,0.2017,1.5277,0.1457,23.76,2026-09-10
2003-07-11,,0.1771,0.1228,0.2007,1.5311,0.1451,23.65,2026-09-10
2003-07-14,,0.1786,0.1236,0.2012,1.5275,0.1458,23.69,2026-09-10
2003-07-15,,0.1774,0.1242,0.2004,1.5306,0.1452,23.57,2026-09-10
2003-07-16,,0.1771,0.1242,0.1976,1.537,0.144,23.37,2026-09-10
2003-07-17,,0.177,0.1244,0.1986,1.5345,0.1445,23.47,2026-09-10
2003-07-18,,0.177,0.1247,0.1989,1.5326,0.1448,23.68,2026-09-10
2003-07-23,,0.1773,0.126,0.2013,1.5256,0.1461,23.96,2026-09-10
2003-07-24,,0.1768,0.1262,0.2031,1.5222,0.1467,24.13,2026-09-10
2003-07-25,,0.1769,0.1256,0.2027,1.5231,0.1466,24.17,2026-09-10
2003-07-28,,0.1782,0.1262,0.2042,1.5179,0.1476,24.32,2026-09-10
2003-07-29,,0.1804,0.1274,0.2077,1.5064,0.1498,24.77,2026-09-10
2003-07-30,,0.1787,0.126,0.2045,1.5157,0.148,24.52,2026-09-10
2003-07-31,,0.1804,0.1269,0.2046,1.5127,0.1486,24.55,2026-09-10
2003-08-01,,0.1821,0.1271,0.2044,1.5104,0.149,24.62,2026-09-10
2003-08-04,,0.1804,0.1262,0.2034,1.5161,0.1479,24.38,2026-09-10
2003-08-05,,0.1789,0.1261,0.2032,1.5178,0.1476,24.47,2026-09-10
2003-08-06,,0.1804,0.1273,0.2058,1.5098,0.1491,24.67,2026-09-10
2003-08-07,,0.1812,0.1278,0.2052,1.5095,0.1492,24.66,2026-09-10
2003-08-08,,0.183,0.1288,0.2081,1.5019,0.1507,24.75,2026-09-10
2003-08-11,,0.1809,0.1275,0.2041,1.5143,0.1482,24.19,2026-09-10
2003-08-12,,0.1806,0.1276,0.2052,1.5119,0.1487,24.37,2026-09-10
2003-08-13,,0.1813,0.1276,0.2041,1.5131,0.1485,24.3,2026-09-10
2003-08-14,,0.1803,0.1269,0.2041,1.5145,0.1482,24.36,2026-09-10
2003-08-18,,0.1829,0.1287,0.2054,1.5073,0.1496,24.53,2026-09-10
2003-08-19,,0.1851,0.1297,0.2058,1.5032,0.1504,24.57,2026-09-10
2003-08-20,,0.1841,0.129,0.2047,1.5081,0.1495,24.25,2026-09-10
2003-08-21,,0.1849,0.1285,0.2046,1.5081,0.1495,24.17,2026-09-10
2003-08-22,,0.1844,0.1276,0.2011,1.5176,0.1476,23.7,2026-09-10
2003-08-25,,0.1862,0.1286,0.2025,1.5118,0.1487,23.82,2026-09-10
2003-08-26,,0.1861,0.1287,0.202,1.5131,0.1485,23.74,2026-09-10
2003-08-27,,0.1887,0.1305,0.2051,1.5021,0.1507,24.11,2026-09-10
2003-08-28,,0.1882,0.1302,0.2042,1.5047,0.1502,24.0,2026-09-10
2003-08-29,,0.1878,0.1296,0.2044,1.5056,0.15,23.93,2026-09-10
2003-09-01,,0.1864,0.1298,0.2053,1.5056,0.15,23.95,2026-09-10
2003-09-02,,0.1873,0.1304,0.2043,1.5062,0.1498,23.86,2026-09-10
2003-09-03,,0.1901,0.131,0.2052,1.5013,0.1508,23.87,2026-09-10
2003-09-04,,0.1905,0.1314,0.2065,1.4973,0.1517,24.11,2026-09-10
2003-09-05,,0.1879,0.1299,0.2059,1.5028,0.1506,24.05,2026-09-10
2003-09-08,,0.1826,0.1275,0.2023,1.5193,0.1476,23.72,2026-09-10
2003-09-09,,0.1812,0.127,0.2015,1.5245,0.1467,23.47,2026-09-10
2003-09-10,,0.1809,0.1276,0.203,1.5202,0.1474,23.71,2026-09-10
2003-09-11,,0.1823,0.1287,0.205,1.5122,0.1489,24.03,2026-09-10
2003-09-12,,0.1826,0.1281,0.2042,1.5144,0.1485,23.91,2026-09-10
2003-09-15,,0.1822,0.1278,0.2052,1.5125,0.1488,24.08,2026-09-10
2003-09-16,,0.1807,0.1273,0.2039,1.5184,0.1478,23.84,2026-09-10
2003-09-17,,0.1814,0.1275,0.2025,1.5217,0.1472,23.51,2026-09-10
2003-09-18,,0.1817,0.1273,0.2051,1.5153,0.1483,23.78,2026-09-10
2003-09-19,,0.1829,0.1274,0.2059,1.5126,0.1488,23.75,2026-09-10
2003-09-22,,0.1823,0.1267,0.2084,1.5119,0.1489,23.42,2026-09-10
2003-09-23,,0.1825,0.1271,0.2094,1.5093,0.1494,23.45,2026-09-10
2003-09-24,,0.1835,0.1274,0.2099,1.5065,0.1499,23.56,2026-09-10
2003-09-25,,0.1839,0.1275,0.2114,1.5027,0.1506,23.68,2026-09-10
2003-09-26,,0.1838,0.1272,0.2109,1.5039,0.1504,23.66,2026-09-10
2003-09-29,,0.1832,0.1266,0.21,1.5085,0.1495,23.36,2026-09-10
2003-10-02,,0.1843,0.1296,0.2163,1.4913,0.1528,24.02,2026-09-10
2003-10-03,,0.1852,0.1297,0.2167,1.4896,0.1532,23.99,2026-09-10
2003-10-06,,0.1858,0.1293,0.2145,1.4936,0.1524,23.82,2026-09-10
2003-10-07,,0.1847,0.1294,0.2165,1.4906,0.153,24.02,2026-09-10
2003-10-08,,0.1842,0.1306,0.2174,1.4901,0.153,23.83,2026-09-10
2003-10-09,,0.1838,0.1306,0.2178,1.4904,0.153,23.76,2026-09-10
2003-10-10,,0.1837,0.1294,0.2152,1.497,0.1518,23.48,2026-09-10
2003-10-13,,0.1827,0.1293,0.2151,1.4995,0.1513,23.33,2026-09-10
2003-10-14,,0.1838,0.1289,0.2132,1.501,0.151,23.39,2026-09-10
2003-10-15,,0.1839,0.1289,0.2156,1.4964,0.1519,23.51,2026-09-10
2003-10-16,,0.1842,0.1285,0.2143,1.4982,0.1515,23.52,2026-09-10
2003-10-17,,0.1841,0.1275,0.2131,1.5016,0.1509,23.43,2026-09-10
2003-10-20,,0.1804,0.1254,0.21,1.5153,0.1484,23.03,2026-09-10
2003-10-21,,0.1809,0.126,0.2105,1.5129,0.1488,23.12,2026-09-10
2003-10-22,,0.1811,0.1264,0.2119,1.5096,0.1494,23.2,2026-09-10
2003-10-23,,0.1821,0.1272,0.2153,1.5001,0.1512,23.58,2026-09-10
2003-10-24,,0.1821,0.1269,0.2151,1.5004,0.1511,23.61,2026-09-10
2003-10-27,,0.1838,0.1275,0.2159,1.4976,0.1516,23.45,2026-09-10
2003-10-28,,0.1848,0.128,0.2165,1.495,0.1521,23.45,2026-09-10
2003-10-29,,0.1845,0.1268,0.2157,1.4984,0.1515,23.3,2026-09-10
2003-10-30,,0.1855,0.1274,0.2165,1.4948,0.1522,23.4,2026-09-10
2003-10-31,,0.1858,0.1274,0.216,1.4945,0.1522,23.53,2026-09-10
2003-11-03,,0.1867,0.1275,0.2161,1.4914,0.1528,23.81,2026-09-10
2003-11-04,,0.1877,0.1284,0.2149,1.4922,0.1527,23.68,2026-09-10
2003-11-05,,0.1878,0.128,0.2159,1.4909,0.1529,23.66,2026-09-10
2003-11-06,,0.1875,0.1281,0.2147,1.4933,0.1524,23.61,2026-09-10
2003-11-07,,0.1867,0.1279,0.2132,1.4976,0.1516,23.48,2026-09-10
2003-11-10,,0.1861,0.1281,0.2144,1.4963,0.1519,23.47,2026-09-10
2003-11-11,,0.1872,0.1287,0.2148,1.4941,0.1523,23.44,2026-09-10
2003-11-12,,0.187,0.1294,0.2163,1.4911,0.1529,23.51,2026-09-10
2003-11-13,,0.1864,0.1295,0.2171,1.4903,0.153,23.54,2026-09-10
2003-11-14,,0.1866,0.1302,0.22,1.4838,0.1543,23.78,2026-09-10
2003-11-17,,0.1869,0.1304,0.2202,1.4809,0.1548,24.13,2026-09-10
2003-11-18,,0.1873,0.1303,0.2206,1.4805,0.1549,24.02,2026-09-10
2003-11-19,,0.1875,0.1317,0.2243,1.4726,0.1565,24.24,2026-09-10
2003-11-20,,0.187,0.1312,0.223,1.4751,0.156,24.29,2026-09-10
2003-11-21,,0.1884,0.1318,0.2241,1.4706,0.1569,24.43,2026-09-10
2003-11-24,,0.1887,0.1319,0.2249,1.4686,0.1572,24.49,2026-09-10
2003-11-25,,0.1895,0.1317,0.2236,1.4699,0.157,24.45,2026-09-10
2003-11-26,,0.1904,0.1322,0.2247,1.466,0.1578,24.61,2026-09-10
2003-11-27,,0.1903,0.1327,0.227,1.4617,0.1586,24.76,2026-09-10
2003-11-28,,0.1911,0.1329,0.228,1.4582,0.1593,24.92,2026-09-10
2003-12-01,,0.1899,0.1322,0.2277,1.4606,0.1588,24.91,2026-09-10
2003-12-02,,0.1909,0.1331,0.2288,1.4564,0.1597,25.05,2026-09-10
2003-12-03,,0.1903,0.133,0.2302,1.4558,0.1598,24.98,2026-09-10
2003-12-04,,0.1926,0.1347,0.2322,1.448,0.1614,25.15,2026-09-10
2003-12-05,,0.19,0.1332,0.2297,1.4571,0.1595,24.89,2026-09-10
2003-12-08,,0.1906,0.1341,0.2318,1.4525,0.1605,24.94,2026-09-10
2003-12-09,,0.1865,0.1314,0.2281,1.4675,0.1575,24.45,2026-09-10
2003-12-10,,0.1873,0.1312,0.2287,1.465,0.158,24.56,2026-09-10
2003-12-11,,0.186,0.1303,0.2267,1.4704,0.1569,24.53,2026-09-10
2003-12-12,,0.1876,0.1312,0.2291,1.4631,0.1583,24.74,2026-09-10
2003-12-15,,0.1878,0.1314,0.229,1.4629,0.1584,24.74,2026-09-10
2003-12-16,,0.1871,0.1322,0.2308,1.4599,0.159,24.87,2026-09-10
2003-12-17,,0.1865,0.131,0.2297,1.4642,0.1581,24.7,2026-09-10
2003-12-18,,0.1826,0.1281,0.2265,1.4777,0.1554,24.37,2026-09-10
2003-12-19,,0.1804,0.1266,0.2241,1.4867,0.1537,24.13,2026-09-10
2003-12-22,,0.1765,0.1238,0.2187,1.5055,0.1502,23.53,2026-09-10
2003-12-23,,0.1758,0.1236,0.2181,1.5081,0.1497,23.43,2026-09-10
2003-12-24,,0.1759,0.1236,0.2182,1.5078,0.1497,23.43,2026-09-10
2003-12-29,,0.1784,0.1252,0.2222,1.4953,0.1521,23.77,2026-09-10
2003-12-30,,0.1782,0.1254,0.2226,1.4945,0.1522,23.82,2026-09-10
2003-12-31,,0.1791,0.1265,0.2251,1.4875,0.1536,24.06,2026-09-10
2004-01-05,,0.1802,0.1271,0.2281,1.4793,0.1551,24.39,2026-09-10
2004-01-07,,0.1808,0.1264,0.2301,1.4761,0.1558,24.45,2026-09-10
2004-01-08,,0.1794,0.1244,0.226,1.4879,0.1535,23.99,2026-09-10
2004-01-09,,0.1774,0.1233,0.226,1.4903,0.153,24.18,2026-09-10
2004-01-12,,0.1752,0.1218,0.225,1.4973,0.1517,23.97,2026-09-10
2004-01-13,,0.1722,0.1187,0.2198,1.5152,0.1484,23.41,2026-09-10
2004-01-14,,0.1725,0.1191,0.2197,1.5149,0.1484,23.33,2026-09-10
2004-01-15,,0.1699,0.1174,0.2151,1.5301,0.1457,22.85,2026-09-10
2004-01-16,,0.1678,0.1158,0.2113,1.5432,0.1434,22.42,2026-09-10
2004-01-19,,0.171,0.1178,0.2118,1.5348,0.1449,22.57,2026-09-10
2004-01-20,,0.1703,0.1181,0.2111,1.5359,0.1447,22.7,2026-09-10
2004-01-21,,0.1709,0.1181,0.2152,1.5266,0.1463,23.06,2026-09-10
2004-01-22,,0.1696,0.1171,0.2148,1.5305,0.1456,22.95,2026-09-10
2004-01-23,,0.1698,0.1171,0.216,1.5284,0.146,22.94,2026-09-10
2004-01-26,,0.1686,0.1161,0.212,1.5401,0.144,22.5,2026-09-10
2004-01-27,,0.1717,0.1181,0.2141,1.529,0.1459,22.73,2026-09-10
2004-01-28,,0.1712,0.1182,0.2161,1.5258,0.1465,22.86,2026-09-10
2004-01-29,,0.1739,0.1192,0.2166,1.5196,0.1476,22.97,2026-09-10
2004-01-30,,0.1741,0.1189,0.2157,1.5217,0.1472,22.86,2026-09-10
2004-02-02,,0.1726,0.1179,0.2149,1.5269,0.1463,22.7,2026-09-10
2004-02-03,,0.1748,0.1196,0.2179,1.5158,0.1483,23.0,2026-09-10
2004-02-10,,0.1593,0.1089,0.203,1.4041,0.1368,21.41,2026-09-10
2004-02-11,,0.1603,0.1089,0.2037,1.4013,0.1373,21.48,2026-09-10
2004-02-12,,0.1606,0.1089,0.2061,1.396,0.1383,21.71,2026-09-10
2004-02-13,,0.1629,0.1102,0.2091,1.3854,0.1403,22.04,2026-09-10
2004-02-16,,0.164,0.1109,0.2089,1.3837,0.1406,22.03,2026-09-10
2004-02-17,,0.163,0.1102,0.2081,1.3869,0.14,22.02,2026-09-10
2004-02-18,,0.1635,0.1103,0.2104,1.3816,0.141,22.22,2026-09-10
2004-02-19,,0.1632,0.1097,0.2075,1.387,0.1399,22.17,2026-09-10
2004-02-20,,0.1639,0.11,0.2082,1.3835,0.1406,22.38,2026-09-10
2004-02-23,,0.1634,0.11,0.2046,1.3902,0.1393,22.22,2026-09-10
2004-02-24,,0.1654,0.1112,0.2073,1.3808,0.1411,22.53,2026-09-10
2004-02-25,,0.1648,0.1107,0.2091,1.3791,0.1414,22.62,2026-09-10
2004-02-26,,0.166,0.1106,0.2075,1.38,0.1413,22.58,2026-09-10
2004-02-27,,0.1665,0.1112,0.2071,1.379,0.1414,22.66,2026-09-10
2004-03-01,,0.1661,0.1111,0.208,1.378,0.1417,22.72,2026-09-10
2004-03-02,,0.1671,0.1112,0.2079,1.3771,0.1418,22.66,2026-09-10
2004-03-03,,0.1659,0.1103,0.2022,1.39,0.1394,22.26,2026-09-10
2004-03-04,,0.1666,0.111,0.2031,1.3863,0.1401,22.38,2026-09-10
2004-03-05,,0.1664,0.1115,0.2033,1.3845,0.1404,22.61,2026-09-10
2004-03-08,,0.1675,0.1122,0.2074,1.373,0.1426,23.26,2026-09-10
2004-03-09,,0.1681,0.1127,0.2092,1.3692,0.1433,23.28,2026-09-10
2004-03-10,,0.1687,0.1136,0.2075,1.3708,0.143,23.12,2026-09-10
2004-03-11,,0.1686,0.1143,0.2059,1.3745,0.1423,22.79,2026-09-10
2004-03-12,,0.1679,0.1147,0.2059,1.3745,0.1423,22.89,2026-09-10
2004-03-15,,0.1674,0.1135,0.205,1.3783,0.1416,22.75,2026-09-10
2004-03-16,,0.1673,0.1138,0.2055,1.378,0.1416,22.63,2026-09-10
2004-03-17,,0.1676,0.1132,0.2056,1.3804,0.1412,22.24,2026-09-10
2004-03-18,,0.1682,0.1131,0.2066,1.3788,0.1415,22.12,2026-09-10
2004-03-19,,0.167,0.1127,0.2069,1.38,0.1413,22.18,2026-09-10
2004-03-22,,0.1689,0.1129,0.2072,1.3766,0.1419,22.24,2026-09-10
2004-03-23,,0.17,0.1136,0.2102,1.3691,0.1434,22.44,2026-09-10
2004-03-24,,0.1702,0.1135,0.2099,1.3696,0.1433,22.4,2026-09-10
2004-03-25,,0.1713,0.114,0.2079,1.373,0.1426,22.0,2026-09-10
2004-03-26,,0.1717,0.115,0.2082,1.3708,0.143,22.08,2026-09-10
2004-03-29,,0.1731,0.1155,0.209,1.3675,0.1437,22.07,2026-09-10
2004-03-30,,0.1743,0.1167,0.2128,1.3571,0.1457,22.49,2026-09-10
2004-03-31,,0.1755,0.1171,0.2148,1.3535,0.1464,22.37,2026-09-10
2004-04-01,,0.1751,0.1167,0.2148,1.3541,0.1463,22.39,2026-09-10
2004-04-02,,0.1742,0.1162,0.215,1.3552,0.1461,22.42,2026-09-10
2004-04-05,,0.1749,0.1158,0.2115,1.3608,0.145,22.18,2026-09-10
2004-04-06,,0.1764,0.1163,0.212,1.3556,0.146,22.57,2026-09-10
2004-04-07,,0.1773,0.1164,0.2137,1.3519,0.1468,22.62,2026-09-10
2004-04-08,,0.1754,0.116,0.214,1.3542,0.1463,22.6,2026-09-10
2004-04-13,,0.1776,0.1164,0.2137,1.3519,0.1468,22.52,2026-09-10
2004-04-14,,0.1738,0.1145,0.2071,1.3691,0.1434,22.24,2026-09-10
2004-04-15,,0.1724,0.1153,0.2062,1.3705,0.1431,22.41,2026-09-10
2004-04-16,,0.1749,0.1171,0.2097,1.3589,0.1454,22.75,2026-09-10
2004-04-19,,0.1754,0.117,0.2111,1.3562,0.1459,22.8,2026-09-10
2004-04-20,,0.1744,0.1157,0.2081,1.3644,0.1443,22.52,2026-09-10
2004-04-21,,0.1744,0.1156,0.2064,1.3671,0.1438,22.47,2026-09-10
2004-04-22,,0.1724,0.1151,0.2039,1.3747,0.1423,22.29,2026-09-10
2004-04-23,,0.1708,0.1147,0.2035,1.3776,0.1417,22.29,2026-09-10
2004-04-26,,0.1724,0.1147,0.2032,1.3769,0.1419,22.15,2026-09-10
2004-04-27,,0.1728,0.1147,0.2048,1.3735,0.1425,22.24,2026-09-10
2004-04-28,,0.1727,0.1148,0.2053,1.3718,0.1428,22.42,2026-09-10
2004-04-29,,0.1686,0.1127,0.1993,1.3901,0.1394,21.99,2026-09-10
2004-04-30,,0.1684,0.1135,0.2013,1.3858,0.1402,22.17,2026-09-10
2004-05-03,,0.1673,0.1127,0.2003,1.3899,0.1394,22.07,2026-09-10
2004-05-04,,0.1664,0.1121,0.199,1.3941,0.1386,21.96,2026-09-10
2004-05-05,,0.1668,0.1127,0.2021,1.3876,0.1398,22.13,2026-09-10
2004-05-06,,0.1674,0.1134,0.2036,1.3833,0.1406,22.23,2026-09-10
2004-05-07,,0.1666,0.1122,0.2009,1.3896,0.1394,22.2,2026-09-10
2004-05-10,,0.1665,0.1109,0.1972,1.3962,0.1382,22.25,2026-09-10
2004-05-11,,0.1678,0.1122,0.1994,1.3881,0.1397,22.6,2026-09-10
2004-05-12,,0.1699,0.1145,0.2015,1.3794,0.1414,22.74,2026-09-10
2004-05-13,,0.1685,0.1132,0.1998,1.3847,0.1404,22.78,2026-09-10
2004-05-14,,0.1689,0.1134,0.1997,1.3838,0.1405,22.85,2026-09-10
2004-05-17,,0.1706,0.1157,0.2042,1.371,0.143,23.22,2026-09-10
2004-05-18,,0.1686,0.1145,0.202,1.3788,0.1415,23.02,2026-09-10
2004-05-19,,0.1697,0.115,0.2039,1.3739,0.1424,23.07,2026-09-10
2004-05-21,,0.17,0.1146,0.2041,1.3746,0.1423,22.87,2026-09-10
2004-05-24,,0.1702,0.1139,0.2034,1.3757,0.1421,22.92,2026-09-10
2004-05-25,,0.1709,0.1144,0.2057,1.3694,0.1433,23.23,2026-09-10
2004-05-26,,0.1712,0.1143,0.2073,1.3672,0.1437,23.16,2026-09-10
2004-05-27,,0.171,0.114,0.2081,1.3664,0.1439,23.16,2026-09-10
2004-05-28,,0.17,0.1134,0.2087,1.3679,0.1436,23.08,2026-09-10
2004-05-31,,0.1719,0.1143,0.2098,1.3636,0.1444,22.98,2026-09-10
2004-06-01,,0.1712,0.1139,0.2096,1.3653,0.1441,22.92,2026-09-10
2004-06-02,,0.1736,0.1155,0.2132,1.3525,0.1466,23.57,2026-09-10
2004-06-03,,0.1713,0.1142,0.2091,1.3645,0.1443,23.17,2026-09-10
2004-06-04,,0.1722,0.1143,0.2101,1.361,0.145,23.33,2026-09-10
2004-06-07,,0.1716,0.1146,0.2115,1.3599,0.1452,23.27,2026-09-10
2004-06-08,,0.1705,0.1142,0.2103,1.3642,0.1443,23.08,2026-09-10
2004-06-09,,0.1699,0.1133,0.208,1.3715,0.1429,22.66,2026-09-10
2004-06-10,,0.1709,0.1127,0.2061,1.3734,0.1425,22.65,2026-09-10
2004-06-11,,0.1742,0.1144,0.2092,1.3611,0.1449,23.05,2026-09-10
2004-06-14,,0.1738,0.1148,0.2081,1.3626,0.1446,23.08,2026-09-10
2004-06-15,,0.1713,0.114,0.2067,1.3693,0.1433,22.91,2026-09-10
2004-06-16,,0.173,0.1148,0.2105,1.3604,0.1451,23.04,2026-09-10
2004-06-17,,0.1741,0.1144,0.2095,1.3614,0.1449,22.95,2026-09-10
2004-06-18,,0.1743,0.1143,0.2089,1.3624,0.1447,22.89,2026-09-10
2004-06-21,,0.1745,0.1151,0.2116,1.3573,0.1457,22.97,2026-09-10
2004-06-22,,0.1766,0.1169,0.2135,1.3494,0.1473,23.19,2026-09-10
2004-06-23,,0.1766,0.1177,0.2151,1.3457,0.148,23.35,2026-09-10
2004-06-24,,0.1776,0.1181,0.2144,1.3459,0.148,23.2,2026-09-10
2004-06-25,,0.1757,0.1172,0.2136,1.3515,0.1468,22.93,2026-09-10
2004-06-28,,0.176,0.1172,0.2136,1.3508,0.147,23.01,2026-09-10
2004-06-29,,0.1778,0.1183,0.2162,1.3419,0.1488,23.43,2026-09-10
2004-06-30,,0.1773,0.1188,0.2142,1.3456,0.148,23.27,2026-09-10
2004-07-02,,0.178,0.1191,0.2166,1.3395,0.1493,23.62,2026-09-10
2004-07-05,,0.1771,0.119,0.2181,1.3381,0.1496,23.71,2026-09-10
2004-07-06,,0.1764,0.1185,0.2172,1.3402,0.1492,23.78,2026-09-10
2004-07-07,,0.1757,0.1174,0.217,1.3432,0.1485,23.59,2026-09-10
2004-07-08,,0.1776,0.1184,0.2194,1.3353,0.1502,23.89,2026-09-10
2004-07-09,,0.1776,0.1189,0.2203,1.334,0.1505,23.85,2026-09-10
2004-07-12,,0.1773,0.1183,0.2199,1.3359,0.15,23.73,2026-09-10
2004-07-13,,0.1778,0.1184,0.2197,1.335,0.1502,23.86,2026-09-10
2004-07-14,,0.1774,0.1178,0.2187,1.337,0.1498,23.89,2026-09-10
2004-07-15,,0.1779,0.1187,0.2198,1.3335,0.1505,24.04,2026-09-10
2004-07-16,,0.1772,0.1183,0.219,1.3359,0.15,24.01,2026-09-10
2004-07-21,,0.1798,0.1196,0.2215,1.3282,0.1517,24.08,2026-09-10
2004-07-22,,0.1794,0.1195,0.2198,1.3307,0.1511,24.14,2026-09-10
2004-07-23,,0.1795,0.1192,0.2195,1.3311,0.151,24.12,2026-09-10
2004-07-26,,0.1782,0.1177,0.216,1.3407,0.1491,23.7,2026-09-10
2004-07-27,,0.1775,0.117,0.2152,1.3435,0.1485,23.66,2026-09-10
2004-07-28,,0.1765,0.1168,0.2131,1.3476,0.1476,23.65,2026-09-10
2004-07-29,,0.1775,0.1173,0.2144,1.3431,0.1486,23.92,2026-09-10
2004-07-30,,0.178,0.1181,0.2143,1.3417,0.1488,23.96,2026-09-10
2004-08-02,,0.1783,0.118,0.2151,1.3404,0.1491,23.92,2026-09-10
2004-08-03,,0.1771,0.1166,0.2128,1.3479,0.1476,23.6,2026-09-10
2004-08-04,,0.1778,0.1174,0.2138,1.3439,0.1484,23.8,2026-09-10
2004-08-05,,0.178,0.1176,0.2147,1.3422,0.1488,23.82,2026-09-10
2004-08-06,,0.1778,0.1177,0.2148,1.3414,0.1489,23.98,2026-09-10
2004-08-09,,0.1775,0.1183,0.2181,1.3367,0.1499,24.03,2026-09-10
2004-08-10,,0.1782,0.1188,0.2187,1.3339,0.1505,24.18,2026-09-10
2004-08-11,,0.1761,0.1179,0.2155,1.3423,0.1487,23.98,2026-09-10
2004-08-12,,0.1766,0.118,0.2161,1.3411,0.149,23.91,2026-09-10
2004-08-13,,0.1708,0.1147,0.2084,1.3648,0.1442,23.32,2026-09-10
2004-08-16,,0.1704,0.1143,0.2105,1.3628,0.1446,23.29,2026-09-10
2004-08-17,,0.168,0.1128,0.2076,1.3733,0.1425,22.93,2026-09-10
2004-08-18,,0.1701,0.1149,0.2103,1.3642,0.1443,23.08,2026-09-10
2004-08-19,,0.1701,0.1152,0.21,1.3648,0.1442,22.99,2026-09-10
2004-08-20,,0.1686,0.1138,0.2086,1.3712,0.143,22.76,2026-09-10
2004-08-23,,0.1695,0.1148,0.2085,1.3691,0.1434,22.8,2026-09-10
2004-08-24,,0.1695,0.114,0.206,1.3742,0.1424,22.64,2026-09-10
2004-08-25,,0.1693,0.114,0.2046,1.3777,0.1417,22.42,2026-09-10
2004-08-26,,0.1705,0.1146,0.2058,1.3726,0.1427,22.67,2026-09-10
2004-08-27,,0.1714,0.1154,0.2079,1.3675,0.1437,22.72,2026-09-10
2004-08-30,,0.1698,0.114,0.204,1.3777,0.1417,22.49,2026-09-10
2004-08-31,,0.1699,0.1142,0.2054,1.3752,0.1422,22.51,2026-09-10
2004-09-01,,0.1697,0.1149,0.2066,1.3728,0.1426,22.57,2026-09-10
2004-09-02,,0.1699,0.1155,0.2069,1.371,0.143,22.66,2026-09-10
2004-09-03,,0.171,0.1163,0.2082,1.3661,0.1439,22.85,2026-09-10
2004-09-06,,0.1713,0.1163,0.2065,1.3686,0.1435,22.79,2026-09-10
2004-09-07,,0.171,0.1159,0.2067,1.3694,0.1433,22.69,2026-09-10
2004-09-08,,0.1709,0.1163,0.2062,1.3705,0.1431,22.6,2026-09-10
2004-09-09,,0.1694,0.1155,0.2064,1.3728,0.1426,22.57,2026-09-10
2004-09-10,,0.1682,0.115,0.2056,1.3757,0.1421,22.62,2026-09-10
2004-09-13,,0.17,0.1162,0.2086,1.3671,0.1438,22.83,2026-09-10
2004-09-14,,0.1701,0.1161,0.2088,1.3662,0.1439,22.93,2026-09-10
2004-09-15,,0.1709,0.1167,0.2093,1.3637,0.1444,22.95,2026-09-10
2004-09-16,,0.171,0.1169,0.2078,1.3661,0.1439,22.86,2026-09-10
2004-09-17,,0.1714,0.1164,0.209,1.364,0.1444,22.91,2026-09-10
2004-09-20,,0.1714,0.1165,0.2085,1.3645,0.1442,22.93,2026-09-10
2004-09-21,,0.1721,0.1174,0.2096,1.3605,0.145,23.07,2026-09-10
2004-09-22,,0.1714,0.1175,0.211,1.3589,0.1454,23.17,2026-09-10
2004-09-23,,0.1713,0.1171,0.2101,1.3602,0.1451,23.27,2026-09-10
2004-09-24,,0.1719,0.1174,0.211,1.3574,0.1457,23.34,2026-09-10
2004-09-27,,0.1722,0.1169,0.2113,1.3569,0.1458,23.39,2026-09-10
2004-09-28,,0.1721,0.1169,0.2115,1.356,0.1459,23.53,2026-09-10
2004-09-29,,0.1717,0.1169,0.2114,1.3567,0.1458,23.49,2026-09-10
2004-10-04,,0.17,0.1171,0.2102,1.3616,0.1448,23.28,2026-09-10
2004-10-05,,0.1713,0.1177,0.2104,1.3589,0.1454,23.32,2026-09-10
2004-10-06,,0.1697,0.1172,0.2091,1.3636,0.1444,23.24,2026-09-10
2004-10-07,,0.1695,0.117,0.2084,1.3653,0.1441,23.16,2026-09-10
2004-10-08,,0.1684,0.1163,0.2077,1.3697,0.1432,22.94,2026-09-10
2004-10-11,,0.1686,0.1166,0.2091,1.3675,0.1437,22.88,2026-09-10
2004-10-12,,0.1693,0.1166,0.209,1.3665,0.1439,22.93,2026-09-10
2004-10-13,,0.1692,0.1164,0.2083,1.368,0.1436,22.89,2026-09-10
2004-10-14,,0.169,0.1163,0.2088,1.3676,0.1436,22.9,2026-09-10
2004-10-15,,0.1695,0.1169,0.2101,1.3641,0.1443,23.01,2026-09-10
2004-10-18,,0.1699,0.1176,0.2121,1.3593,0.1453,23.16,2026-09-10
2004-10-19,,0.1706,0.1185,0.2127,1.3562,0.1459,23.27,2026-09-10
2004-10-20,,0.1717,0.1193,0.2149,1.3509,0.147,23.33,2026-09-10
2004-10-21,,0.1704,0.118,0.2146,1.355,0.1461,23.14,2026-09-10
2004-10-22,,0.1712,0.1181,0.2163,1.3509,0.147,23.26,2026-09-10
2004-10-25,,0.1722,0.1196,0.2198,1.3429,0.1486,23.47,2026-09-10
2004-10-26,,0.1698,0.1181,0.2174,1.3514,0.1469,23.23,2026-09-10
2004-10-27,,0.1698,0.1179,0.2166,1.3532,0.1465,23.13,2026-09-10
2004-10-28,,0.1718,0.1194,0.2185,1.3466,0.1478,23.2,2026-09-10
2004-10-29,,0.1731,0.1205,0.2205,1.3404,0.1491,23.4,2026-09-10
2004-11-01,,0.1722,0.1199,0.22,1.3427,0.1486,23.4,2026-09-10
2004-11-02,,0.1723,0.1197,0.2193,1.3439,0.1484,23.35,2026-09-10
2004-11-03,,0.1722,0.119,0.2181,1.3466,0.1478,23.25,2026-09-10
2004-11-04,,0.172,0.1194,0.2206,1.3422,0.1487,23.46,2026-09-10
2004-11-05,,0.1711,0.1194,0.2203,1.3443,0.1483,23.37,2026-09-10
2004-11-08,,0.1694,0.1184,0.2199,1.3488,0.1474,23.19,2026-09-10
2004-11-09,,0.1689,0.1177,0.2182,1.353,0.1465,23.06,2026-09-10
2004-11-10,,0.1689,0.1174,0.2179,1.3535,0.1464,23.06,2026-09-10
2004-11-11,,0.1691,0.1181,0.2179,1.3512,0.1469,23.31,2026-09-10
2004-11-12,,0.1692,0.1183,0.2186,1.3509,0.147,23.18,2026-09-10
2004-11-15,,0.1697,0.1186,0.2202,1.3478,0.1476,23.18,2026-09-10
2004-11-16,,0.1709,0.1197,0.2211,1.3435,0.1485,23.33,2026-09-10
2004-11-17,,0.1709,0.1196,0.2219,1.3423,0.1487,23.38,2026-09-10
2004-11-18,,0.1719,0.1206,0.2245,1.3372,0.1498,23.31,2026-09-10
2004-11-19,,0.1715,0.1201,0.2225,1.3416,0.1489,23.15,2026-09-10
2004-11-22,,0.1712,0.1202,0.2233,1.3413,0.1489,23.06,2026-09-10
2004-11-23,,0.1714,0.1202,0.2228,1.3418,0.1488,23.04,2026-09-10
2004-11-24,,0.171,0.1199,0.2239,1.3403,0.1491,23.2,2026-09-10
2004-11-25,,0.171,0.1198,0.2255,1.3385,0.1495,23.19,2026-09-10
2004-11-26,,0.1711,0.1198,0.2279,1.3348,0.1503,23.31,2026-09-10
2004-11-29,,0.1721,0.1206,0.2283,1.3316,0.1509,23.47,2026-09-10
2004-11-30,,0.1728,0.1213,0.2291,1.3285,0.1516,23.6,2026-09-10
2004-12-01,,0.1723,0.12,0.2295,1.3297,0.1513,23.58,2026-09-10
2004-12-02,,0.1733,0.1197,0.2316,1.3258,0.1522,23.66,2026-09-10
2004-12-03,,0.1714,0.1184,0.2276,1.3346,0.1503,23.54,2026-09-10
2004-12-06,,0.1726,0.1194,0.2319,1.3262,0.1521,23.72,2026-09-10
2004-12-07,,0.1723,0.1189,0.2316,1.3272,0.1519,23.74,2026-09-10
2004-12-08,,0.1719,0.1187,0.2294,1.3304,0.1512,23.76,2026-09-10
2004-12-09,,0.171,0.1179,0.2272,1.3352,0.1502,23.7,2026-09-10
2004-12-10,,0.1722,0.119,0.2281,1.3301,0.1513,24.01,2026-09-10
2004-12-13,,0.1725,0.1194,0.2288,1.3285,0.1516,24.02,2026-09-10
2004-12-14,,0.1739,0.1203,0.2312,1.322,0.153,24.24,2026-09-10
2004-12-15,,0.1733,0.1198,0.2306,1.3237,0.1526,24.26,2026-09-10
2004-12-16,,0.1723,0.119,0.2311,1.3257,0.1522,24.11,2026-09-10
2004-12-17,,0.1726,0.1185,0.229,1.3293,0.1514,23.92,2026-09-10
2004-12-20,,0.1727,0.1186,0.2302,1.3272,0.1519,24.03,2026-09-10
2004-12-21,,0.1732,0.1192,0.2318,1.3238,0.1526,24.09,2026-09-10
2004-12-22,,0.1741,0.1206,0.2328,1.3194,0.1536,24.28,2026-09-10
2004-12-23,,0.1742,0.1219,0.2341,1.3166,0.1542,24.32,2026-09-10
2004-12-24,,0.1731,0.1216,0.2336,1.3192,0.1536,24.23,2026-09-10
2004-12-28,,0.1725,0.1213,0.2346,1.3194,0.1536,24.18,2026-09-10
2004-12-29,,0.1724,0.1216,0.2349,1.3185,0.1537,24.27,2026-09-10
2004-12-30,,0.1714,0.1216,0.2336,1.3215,0.1531,24.22,2026-09-10
2004-12-31,,0.1714,0.1211,0.2336,1.3233,0.1527,23.96,2026-09-10
2005-01-04,,0.1734,0.1226,0.2337,1.3191,0.1536,24.01,2026-09-10
2005-01-05,,0.172,0.1212,0.2285,1.3289,0.1515,23.85,2026-09-10
2005-01-06,,0.1699,0.1197,0.2252,1.3388,0.1495,23.49,2026-09-10
2005-01-07,,0.1678,0.1179,0.2214,1.3495,0.1472,23.16,2026-09-10
2005-01-10,,0.1694,0.1183,0.2214,1.347,0.1478,23.2,2026-09-10
2005-01-11,,0.1708,0.1193,0.2243,1.3398,0.1492,23.32,2026-09-10
2005-01-12,,0.1715,0.1198,0.225,1.338,0.1496,23.27,2026-09-10
2005-01-13,,0.1701,0.1192,0.2254,1.341,0.149,23.06,2026-09-10
2005-01-14,,0.169,0.1184,0.2217,1.349,0.1473,22.82,2026-09-10
2005-01-17,,0.1702,0.1192,0.2232,1.3451,0.1482,,2026-09-10
2005-01-18,,0.1702,0.1194,0.222,1.3466,0.1478,22.77,2026-09-10
2005-01-19,,0.1701,0.1187,0.2215,1.3483,0.1475,22.7,2026-09-10
2005-01-20,,0.1712,0.119,0.2227,1.3441,0.1483,22.86,2026-09-10
2005-01-21,,0.1713,0.1185,0.2218,1.3451,0.1481,22.95,2026-09-10
2005-01-24,,0.1718,0.1194,0.2243,1.34,0.1492,23.08,2026-09-10
2005-01-25,,0.1724,0.1197,0.2246,1.3381,0.1496,23.14,2026-09-10
2005-01-26,,0.1727,0.12,0.2243,1.3374,0.1497,23.22,2026-09-10
2005-01-27,,0.1723,0.1197,0.2255,1.3364,0.1499,23.28,2026-09-10
2005-01-28,,0.1727,0.1194,0.2252,1.3367,0.1499,23.24,2026-09-10
2005-01-31,,0.1728,0.1193,0.225,1.3366,0.1499,23.29,2026-09-10
2005-02-01,,0.1716,0.1189,0.2241,1.34,0.1492,23.23,2026-09-10
2005-02-02,,0.1707,0.1185,0.2233,1.3428,0.1486,23.17,2026-09-10
2005-02-03,,0.171,0.1183,0.2228,1.343,0.1486,23.19,2026-09-10
2005-02-04,,0.1697,0.117,0.2202,1.3502,0.1471,22.99,2026-09-10
2005-02-07,,0.1706,0.1169,0.2191,1.3512,0.1469,22.85,2026-09-10
2005-02-08,,0.1704,0.1171,0.2176,1.3532,0.1465,22.88,2026-09-10
2005-02-09,,0.1697,0.1167,0.2169,1.3554,0.1461,22.88,2026-09-10
2005-02-10,,0.1698,0.1168,0.2175,1.3538,0.1464,22.98,2026-09-10
2005-02-11,,0.1708,0.1176,0.2197,1.3476,0.1476,23.24,2026-09-10
2005-02-14,,0.1715,0.1182,0.2219,1.3431,0.1485,23.27,2026-09-10
2005-02-15,,0.1715,0.1179,0.2225,1.3419,0.1488,23.39,2026-09-10
2005-02-16,,0.172,0.1183,0.2239,1.3385,0.1495,23.53,2026-09-10
2005-02-17,,0.1715,0.1186,0.2237,1.339,0.1494,23.54,2026-09-10
2005-02-18,,0.1718,0.1186,0.2245,1.337,0.1498,23.68,2026-09-10
2005-02-21,,0.172,0.1184,0.2248,1.3364,0.1499,23.72,2026-09-10
2005-02-22,,0.1718,0.1186,0.2263,1.3349,0.1502,23.67,2026-09-10
2005-02-23,,0.173,0.12,0.229,1.3273,0.1519,23.98,2026-09-10
2005-02-24,,0.1728,0.1198,0.2289,1.328,0.1517,23.97,2026-09-10
2005-02-25,,0.1726,0.1193,0.2278,1.3298,0.1513,24.0,2026-09-10
2005-02-28,,0.1729,0.1194,0.2296,1.327,0.1519,24.01,2026-09-10
2005-03-01,,0.1729,0.1189,0.2283,1.3299,0.1513,23.85,2026-09-10
2005-03-02,,0.1727,0.1186,0.2274,1.3318,0.1509,23.8,2026-09-10
2005-03-03,,0.172,0.1182,0.2259,1.3354,0.1502,23.69,2026-09-10
2005-03-04,,0.1712,0.1177,0.2244,1.3387,0.1495,23.66,2026-09-10
2005-03-07,,0.1719,0.1184,0.2275,1.3324,0.1508,23.86,2026-09-10
2005-03-08,,0.1719,0.1187,0.2273,1.3322,0.1508,23.89,2026-09-10
2005-03-09,,0.172,0.119,0.2294,1.3287,0.1516,24.02,2026-09-10
2005-03-10,,0.1716,0.1195,0.2304,1.3279,0.1517,23.97,2026-09-10
2005-03-11,,0.1703,0.1189,0.2287,1.333,0.1506,23.81,2026-09-10
2005-03-14,,0.1695,0.1184,0.2277,1.3354,0.1501,23.82,2026-09-10
2005-03-15,,0.1681,0.1173,0.2245,1.3436,0.1484,23.54,2026-09-10
2005-03-16,,0.1665,0.1159,0.2218,1.3524,0.1467,23.16,2026-09-10
2005-03-17,,0.1662,0.1158,0.223,1.3511,0.1469,23.22,2026-09-10
2005-03-18,,0.1661,0.1155,0.2219,1.3525,0.1466,23.27,2026-09-10
2005-03-21,,0.1678,0.1162,0.2226,1.3484,0.1475,23.35,2026-09-10
2005-03-22,,0.1678,0.1164,0.2208,1.3512,0.1469,23.21,2026-09-10
2005-03-23,,0.1674,0.116,0.2189,1.3554,0.1461,23.05,2026-09-10
2005-03-24,,0.168,0.1166,0.2183,1.3543,0.1463,23.19,2026-09-10
2005-03-29,,0.1667,0.1152,0.2154,1.3615,0.1449,23.09,2026-09-10
2005-03-30,,0.1664,0.1147,0.2156,1.3617,0.1448,23.13,2026-09-10
2005-03-31,,0.1675,0.1154,0.2167,1.3576,0.1456,23.23,2026-09-10
2005-04-01,,0.1679,0.1153,0.2177,1.3551,0.1461,23.4,2026-09-10
2005-04-04,,0.1687,0.1158,0.2173,1.3538,0.1464,23.44,2026-09-10
2005-04-05,,0.1688,0.1154,0.2166,1.3546,0.1462,23.52,2026-09-10
2005-04-06,,0.1707,0.1167,0.2199,1.3455,0.1481,23.74,2026-09-10
2005-04-07,,0.1705,0.1169,0.2203,1.3444,0.1483,23.89,2026-09-10
2005-04-08,,0.17,0.1166,0.218,1.3491,0.1473,23.69,2026-09-10
2005-04-11,,0.1698,0.1166,0.2196,1.347,0.1478,23.79,2026-09-10
2005-04-12,,0.1691,0.116,0.2197,1.349,0.1473,23.64,2026-09-10
2005-04-13,,0.17,0.1161,0.2199,1.3477,0.1476,23.6,2026-09-10
2005-04-14,,0.1699,0.1159,0.2187,1.3497,0.1472,23.57,2026-09-10
2005-04-15,,0.1681,0.1146,0.2152,1.3589,0.1454,23.33,2026-09-10
2005-04-18,,0.1677,0.1145,0.2165,1.3578,0.1456,23.33,2026-09-10
2005-04-19,,0.167,0.1142,0.2175,1.3578,0.1456,23.33,2026-09-10
2005-04-20,,0.1682,0.1146,0.2197,1.352,0.1467,23.5,2026-09-10
2005-04-21,,0.1687,0.1151,0.2209,1.3489,0.1474,23.59,2026-09-10
2005-04-22,,0.1694,0.1158,0.221,1.3472,0.1477,23.6,2026-09-10
2005-04-25,,0.1701,0.1159,0.2218,1.3458,0.148,23.48,2026-09-10
2005-04-26,,0.17,0.1156,0.2211,1.3476,0.1476,23.4,2026-09-10
2005-04-27,,0.1705,0.1159,0.2203,1.3475,0.1476,23.42,2026-09-10
2005-04-28,,0.1714,0.1164,0.2216,1.3443,0.1483,23.45,2026-09-10
2005-04-29,,0.1706,0.1155,0.2211,1.3476,0.1476,23.28,2026-09-10
2005-05-03,,0.1717,0.1164,0.2204,1.3468,0.1478,23.19,2026-09-10
2005-05-04,,0.171,0.1166,0.2215,1.3461,0.1479,23.19,2026-09-10
2005-05-06,,0.1733,0.118,0.2243,1.3368,0.1499,23.49,2026-09-10
2005-05-09,,0.1726,0.1172,0.2211,1.3434,0.1485,23.29,2026-09-10
2005-05-10,,0.1706,0.1165,0.2189,1.3502,0.1471,23.16,2026-09-10
2005-05-11,,0.1703,0.1165,0.2192,1.3502,0.1471,23.18,2026-09-10
2005-05-12,,0.17,0.1162,0.2173,1.3539,0.1464,23.06,2026-09-10
2005-05-13,,0.1701,0.1158,0.2157,1.3562,0.1459,23.05,2026-09-10
2005-05-16,,0.1701,0.1161,0.2142,1.3579,0.1456,23.07,2026-09-10
2005-05-17,,0.169,0.1162,0.2135,1.3612,0.1449,22.88,2026-09-10
2005-05-18,,0.1685,0.116,0.2127,1.3631,0.1445,22.88,2026-09-10
2005-05-19,,0.1689,0.1163,0.2141,1.3604,0.1451,22.91,2026-09-10
2005-05-20,,0.1686,0.116,0.213,1.3624,0.1447,22.92,2026-09-10
2005-05-23,,0.167,0.1146,0.2096,1.3718,0.1428,22.65,2026-09-10
2005-05-24,,0.1673,0.115,0.2106,1.3697,0.1432,22.64,2026-09-10
2005-05-25,,0.1664,0.1144,0.2093,1.3741,0.1424,22.48,2026-09-10
2005-05-26,,0.1673,0.115,0.21,1.3705,0.1431,22.66,2026-09-10
2005-05-31,,0.1474,0.1006,0.1826,1.218,0.1236,19.78,2026-09-10
2005-06-01,,0.1463,0.0992,0.1806,1.2248,0.1224,19.56,2026-09-10
2005-06-02,,0.1458,0.0983,0.1782,1.2308,0.1213,19.32,2026-09-10
2005-06-03,,0.1464,0.0988,0.1796,1.2269,0.122,19.4,2026-09-10
2005-06-06,,0.1473,0.0993,0.1802,1.2245,0.1224,19.38,2026-09-10
2005-06-07,,0.1482,0.0997,0.1824,1.2192,0.1234,19.48,2026-09-10
2005-06-08,,0.1491,0.1001,0.1837,1.215,0.1242,19.64,2026-09-10
2005-06-09,,0.1477,0.0989,0.1806,1.2236,0.1226,19.37,2026-09-10
2005-06-10,,0.1478,0.0993,0.1806,1.223,0.1227,19.41,2026-09-10
2005-06-13,,0.1489,0.0995,0.1801,1.2211,0.1231,19.55,2026-09-10
2005-06-14,,0.1479,0.0993,0.1792,1.224,0.1225,19.6,2026-09-10
2005-06-15,,0.1479,0.0984,0.1779,1.2274,0.1219,19.44,2026-09-10
2005-06-16,,0.1486,0.0986,0.1796,1.2226,0.1228,19.63,2026-09-10
2005-06-17,,0.1497,0.0995,0.1811,1.2175,0.1237,19.75,2026-09-10
2005-06-20,,0.1492,0.0997,0.1824,1.2158,0.124,19.82,2026-09-10
2005-06-21,,0.1489,0.0992,0.1807,1.2188,0.1233,19.76,2026-09-10
2005-06-22,,0.1492,0.0994,0.1818,1.2164,0.1237,19.72,2026-09-10
2005-06-23,,0.149,0.0991,0.1805,1.219,0.1231,19.62,2026-09-10
2005-06-24,,0.1495,0.099,0.1799,1.2187,0.1231,19.61,2026-09-10
2005-06-27,,0.1498,0.0996,0.1818,1.2135,0.124,19.87,2026-09-10
2005-06-28,,0.1501,0.0999,0.1822,1.2113,0.1244,19.99,2026-09-10
2005-06-29,,0.1503,0.0997,0.1809,1.2129,0.124,19.93,2026-09-10
2005-06-30,,0.1502,0.1005,0.1819,1.2102,0.1244,20.01,2026-09-10
2005-07-04,,0.149,0.1009,0.1777,1.2183,0.1228,19.83,2026-09-10
2005-07-05,,0.1495,0.1013,0.1779,1.2162,0.1231,19.89,2026-09-10
2005-07-06,,0.1493,0.1013,0.1783,1.2156,0.1232,19.88,2026-09-10
2005-07-07,,0.1488,0.1013,0.1773,1.2173,0.1228,19.91,2026-09-10
2005-07-08,,0.1478,0.1012,0.1762,1.2205,0.1221,19.8,2026-09-10
2005-07-11,,0.1482,0.1021,0.178,1.2158,0.1229,19.93,2026-09-10
2005-07-12,,0.1489,0.1026,0.1809,1.2088,0.1242,20.15,2026-09-10
2005-07-13,,0.1503,0.1035,0.1836,1.2008,0.1257,20.4,2026-09-10
2005-07-14,,0.1498,0.1025,0.1808,1.2067,0.1244,20.19,2026-09-10
2005-07-15,,0.1502,0.1033,0.1821,1.2023,0.1252,20.41,2026-09-10
2005-07-20,,0.1497,0.104,0.1806,1.204,0.1248,20.44,2026-09-10
2005-07-21,,0.1498,0.1044,0.1818,1.2014,0.1252,20.49,2026-09-10
2005-07-22,,0.1503,0.1043,0.1831,1.1992,0.1256,20.32,2026-09-10
2005-07-25,,0.1501,0.1041,0.1809,1.2028,0.1248,20.2,2026-09-10
2005-07-26,,0.15,0.1036,0.1808,1.203,0.1247,20.21,2026-09-10
2005-07-27,,0.1498,0.1035,0.1798,1.2043,0.1244,20.25,2026-09-10
2005-07-28,,0.1502,0.1039,0.181,1.2009,0.1249,20.36,2026-09-10
2005-07-29,,0.1497,0.1034,0.1815,1.201,0.1249,20.34,2026-09-10
2005-08-01,,0.1498,0.1035,0.1822,1.1989,0.1252,20.45,2026-09-10
2005-08-02,,0.15,0.1034,0.1831,1.197,0.1255,20.45,2026-09-10
2005-08-03,,0.1501,0.1034,0.183,1.1967,0.1255,20.44,2026-09-10
2005-08-04,,0.1502,0.1042,0.1852,1.192,0.1263,20.55,2026-09-10
2005-08-05,,0.1493,0.1039,0.1847,1.1936,0.1259,20.61,2026-09-10
2005-08-08,,0.1492,0.1036,0.1839,1.1945,0.1257,20.67,2026-09-10
2005-08-09,,0.1492,0.1035,0.185,1.1928,0.1259,20.67,2026-09-10
2005-08-10,,0.1494,0.1034,0.185,1.1925,0.1259,20.57,2026-09-10
2005-08-11,,0.1504,0.1037,0.1865,1.1882,0.1267,20.58,2026-09-10
2005-08-12,,0.1503,0.1034,0.1874,1.1871,0.1268,20.57,2026-09-10
2005-08-15,,0.1499,0.1025,0.1858,1.1911,0.126,20.37,2026-09-10
2005-08-16,,0.1497,0.1023,0.185,1.1926,0.1256,20.23,2026-09-10
2005-08-17,,0.1501,0.1024,0.1845,1.1922,0.1256,20.29,2026-09-10
2005-08-18,,0.1499,0.102,0.184,1.1931,0.1253,20.26,2026-09-10
2005-08-19,,0.1498,0.1017,0.1823,1.1959,0.1247,20.14,2026-09-10
2005-08-22,,0.1503,0.1018,0.1831,1.1936,0.1251,20.16,2026-09-10
2005-08-23,,0.1505,0.1022,0.184,1.191,0.1255,20.23,2026-09-10
2005-08-24,,0.1504,0.1021,0.1832,1.1918,0.1253,20.25,2026-09-10
2005-08-25,,0.1501,0.1022,0.1846,1.1898,0.1256,20.28,2026-09-10
2005-08-26,,0.1496,0.1021,0.1842,1.1908,0.1253,20.28,2026-09-10
2005-08-29,,0.1499,0.1023,0.1848,1.1887,0.1257,20.39,2026-09-10
2005-08-30,,0.1502,0.1023,0.1835,1.1897,0.1254,20.36,2026-09-10
2005-08-31,,0.1494,0.1023,0.1826,1.1918,0.1249,20.34,2026-09-10
2005-09-01,,0.1507,0.1031,0.1858,1.1835,0.1265,20.6,2026-09-10
2005-09-02,,0.1502,0.1023,0.1877,1.1818,0.1267,20.61,2026-09-10
2005-09-05,,0.1504,0.1024,0.1889,1.1793,0.1271,20.64,2026-09-10
2005-09-06,,0.1505,0.1021,0.1879,1.1807,0.1268,20.55,2026-09-10
2005-09-07,,0.15,0.1018,0.1872,1.1822,0.1264,20.58,2026-09-10
2005-09-08,,0.1502,0.1017,0.1867,1.1821,0.1264,20.59,2026-09-10
2005-09-09,,0.1505,0.1018,0.1872,1.1802,0.1267,20.7,2026-09-10
2005-09-12,,0.151,0.1016,0.1863,1.1816,0.1263,20.42,2026-09-10
2005-09-13,,0.1506,0.1016,0.1851,1.1833,0.1259,20.45,2026-09-10
2005-09-14,,0.151,0.1016,0.1856,1.1813,0.1262,20.53,2026-09-10
2005-09-15,,0.1515,0.1019,0.1852,1.1806,0.1263,20.47,2026-09-10
2005-09-16,,0.1512,0.1026,0.1858,1.1791,0.1265,20.54,2026-09-10
2005-09-19,,0.151,0.1016,0.1829,1.1842,0.1254,20.41,2026-09-10
2005-09-20,,0.1513,0.1021,0.1844,1.1806,0.1261,20.5,2026-09-10
2005-09-21,,0.1515,0.1024,0.1849,1.1785,0.1264,20.63,2026-09-10
2005-09-22,,0.1516,0.1024,0.1853,1.1773,0.1266,20.65,2026-09-10
2005-09-23,,0.1523,0.1034,0.185,1.1755,0.1268,20.66,2026-09-10
2005-09-26,,0.1524,0.1033,0.1833,1.1776,0.1263,20.6,2026-09-10
2005-09-27,,0.153,0.1039,0.1837,1.1748,0.1268,20.73,2026-09-10
2005-09-28,,0.1519,0.1032,0.1828,1.1782,0.1261,20.64,2026-09-10
2005-09-29,,0.1526,0.1041,0.1842,1.1737,0.1269,20.8,2026-09-10
2005-10-03,,0.1532,0.1043,0.1833,1.1731,0.1269,20.88,2026-09-10
2005-10-04,,0.1531,0.1039,0.1825,1.1744,0.1266,20.84,2026-09-10
2005-10-05,,0.1527,0.1035,0.1824,1.1753,0.1264,20.78,2026-09-10
2005-10-06,,0.1506,0.1024,0.1818,1.1802,0.1253,20.67,2026-09-10
2005-10-07,,0.1488,0.1021,0.1811,1.1841,0.1245,20.54,2026-09-10
2005-10-10,,0.1492,0.1028,0.1811,1.1824,0.1247,20.59,2026-09-10
2005-10-11,,0.1503,0.1033,0.1806,1.1808,0.125,20.61,2026-09-10
2005-10-12,,0.1505,0.1033,0.1799,1.1809,0.1249,20.63,2026-09-10
2005-10-13,,0.1497,0.1028,0.1796,1.1826,0.1245,20.59,2026-09-10
2005-10-14,,0.1493,0.1023,0.1794,1.1835,0.1242,20.57,2026-09-10
2005-10-17,,0.1495,0.1023,0.1807,1.1808,0.1247,20.64,2026-09-10
2005-10-18,,0.15,0.1028,0.18,1.1798,0.1248,20.76,2026-09-10
2005-10-19,,0.1501,0.1025,0.1791,1.1809,0.1245,20.74,2026-09-10
2005-10-20,,0.1499,0.1019,0.1794,1.1806,0.1245,20.77,2026-09-10
2005-10-21,,0.149,0.1011,0.1794,1.1825,0.124,20.71,2026-09-10
2005-10-24,,0.1494,0.101,0.1786,1.1829,0.1239,20.64,2026-09-10
2005-10-25,,0.1492,0.1011,0.1783,1.1834,0.1237,20.61,2026-09-10
2005-10-26,,0.1481,0.1006,0.1796,1.183,0.1237,20.65,2026-09-10
2005-10-27,,0.147,0.0999,0.1777,1.1881,0.1227,20.53,2026-09-10
2005-10-28,,0.1462,0.0996,0.1777,1.1894,0.1223,20.49,2026-09-10
2005-10-31,,0.147,0.0999,0.1773,1.188,0.1225,20.5,2026-09-10
2005-11-01,,0.1476,0.1,0.1768,1.1871,0.1226,20.6,2026-09-10
2005-11-02,,0.148,0.1008,0.1781,1.1827,0.1234,20.8,2026-09-10
2005-11-03,,0.1475,0.1003,0.178,1.1835,0.1232,20.8,2026-09-10
2005-11-04,,0.1486,0.1004,0.1774,1.182,0.1234,20.88,2026-09-10
2005-11-07,,0.1494,0.1008,0.1765,1.1817,0.1234,20.81,2026-09-10
2005-11-08,,0.1493,0.1007,0.175,1.1843,0.1228,20.63,2026-09-10
2005-11-09,,0.1494,0.1009,0.1758,1.1825,0.1231,20.63,2026-09-10
2005-11-10,,0.1488,0.1005,0.1751,1.1845,0.1226,20.62,2026-09-10
2005-11-11,,0.1495,0.1003,0.1748,1.1838,0.1227,20.57,2026-09-10
2005-11-14,,0.1492,0.1006,0.1755,1.1821,0.1229,20.7,2026-09-10
2005-11-15,,0.1492,0.1004,0.1744,1.1834,0.1226,20.73,2026-09-10
2005-11-16,,0.1492,0.1007,0.1747,1.1819,0.1228,20.83,2026-09-10
2005-11-17,,0.1501,0.102,0.1752,1.1784,0.1234,20.84,2026-09-10
2005-11-18,,0.1499,0.1023,0.1757,1.177,0.1236,20.92,2026-09-10
2005-11-21,,0.1496,0.1025,0.1761,1.1761,0.1237,21.02,2026-09-10
2005-11-22,,0.1505,0.1028,0.1766,1.1734,0.1242,21.02,2026-09-10
2005-11-23,,0.1501,0.103,0.1777,1.1716,0.1245,21.08,2026-09-10
2005-11-24,,0.1511,0.1036,0.1784,1.1678,0.1251,21.21,2026-09-10
2005-11-25,,0.1515,0.1035,0.1783,1.167,0.1252,21.26,2026-09-10
2005-11-28,,0.1528,0.1044,0.1788,1.1629,0.126,21.42,2026-09-10
2005-11-29,,0.1518,0.1041,0.1795,1.1632,0.1258,21.39,2026-09-10
2005-11-30,,0.152,0.1041,0.1792,1.163,0.1258,21.38,2026-09-10
2005-12-01,,0.1522,0.1037,0.1794,1.1618,0.1259,21.5,2026-09-10
2005-12-02,,0.1534,0.104,0.18,1.158,0.1266,21.71,2026-09-10
2005-12-05,,0.1547,0.1045,0.181,1.1531,0.1276,21.95,2026-09-10
2005-12-06,,0.1544,0.1045,0.182,1.1515,0.1278,22.01,2026-09-10
2005-12-07,,0.1549,0.1049,0.1824,1.1494,0.1282,22.08,2026-09-10
2005-12-08,,0.1551,0.1047,0.1816,1.1506,0.1279,21.92,2026-09-10
2005-12-09,,0.1539,0.1037,0.1817,1.1526,0.1274,21.9,2026-09-10
2005-12-12,,0.1532,0.1031,0.1813,1.1541,0.127,21.91,2026-09-10
2005-12-13,,0.1525,0.1028,0.1824,1.1537,0.127,21.86,2026-09-10
2005-12-14,,0.1529,0.1035,0.1834,1.1511,0.1274,21.8,2026-09-10
2005-12-15,,0.1516,0.1025,0.1816,1.1576,0.126,21.29,2026-09-10
2005-12-16,,0.1504,0.1019,0.1799,1.1634,0.1248,20.84,2026-09-10
2005-12-19,,0.1506,0.1021,0.1809,1.1603,0.1253,21.06,2026-09-10
2005-12-20,,0.1515,0.1031,0.1817,1.1564,0.126,21.18,2026-09-10
2005-12-21,,0.1526,0.1031,0.1811,1.155,0.1263,21.23,2026-09-10
2005-12-22,,0.1527,0.1036,0.1808,1.1547,0.1263,21.23,2026-09-10
2005-12-23,,0.1524,0.104,0.1809,1.1546,0.1262,21.11,2026-09-10
2005-12-28,,0.1527,0.1047,0.1812,1.1525,0.1265,21.24,2026-09-10
2005-12-29,,0.153,0.1053,0.1813,1.1506,0.1269,21.36,2026-09-10
2005-12-30,,0.1527,0.105,0.1814,1.1511,0.1267,21.27,2026-09-10
2006-01-04,,0.1535,0.1058,0.1852,1.1429,0.1283,21.43,2026-09-10
2006-01-05,,0.1535,0.1058,0.1857,1.1414,0.1285,21.58,2026-09-10
2006-01-06,,0.1531,0.1055,0.1851,1.1428,0.1282,21.5,2026-09-10
2006-01-09,,0.1541,0.1056,0.1871,1.1387,0.1289,21.31,2026-09-10
2006-01-10,,0.1554,0.1061,0.1873,1.1357,0.1295,21.45,2026-09-10
2006-01-11,,0.1545,0.1057,0.1862,1.1386,0.1288,21.38,2026-09-10
2006-01-12,,0.1555,0.107,0.1889,1.1315,0.1302,21.53,2026-09-10
2006-01-13,,0.155,0.1061,0.1869,1.1356,0.1293,21.42,2026-09-10
2006-01-16,,0.1551,0.106,0.1883,1.1328,0.1298,21.54,2026-09-10
2006-01-17,,0.1552,0.1065,0.1882,1.132,0.1299,21.63,2026-09-10
2006-01-18,,0.1547,0.1062,0.1869,1.1342,0.1293,21.63,2026-09-10
2006-01-19,,0.1548,0.1063,0.1874,1.1332,0.1295,21.57,2026-09-10
2006-01-20,,0.1556,0.107,0.1879,1.1301,0.1301,21.72,2026-09-10
2006-01-23,,0.1543,0.1061,0.1888,1.131,0.1298,21.67,2026-09-10
2006-01-24,,0.1537,0.1058,0.189,1.1313,0.1296,21.67,2026-09-10
2006-01-25,,0.153,0.1053,0.1878,1.1343,0.1289,21.58,2026-09-10
2006-01-26,,0.1529,0.1049,0.1873,1.1347,0.1288,21.67,2026-09-10
2006-01-27,,0.1524,0.1045,0.186,1.1372,0.1282,21.65,2026-09-10
2006-01-30,,0.1527,0.1046,0.1848,1.138,0.1279,21.69,2026-09-10
2006-01-31,,0.1533,0.1048,0.1854,1.1354,0.1284,21.79,2026-09-10
2006-02-01,,0.1536,0.1049,0.1868,1.1323,0.129,21.89,2026-09-10
2006-02-02,,0.1535,0.1043,0.1848,1.1352,0.1283,21.9,2026-09-10
2006-02-03,,0.1539,0.1046,0.186,1.1321,0.1289,22.04,2026-09-10
2006-02-06,,0.1546,0.1056,0.1859,1.1301,0.1292,22.07,2026-09-10
2006-02-07,,0.1544,0.1057,0.1849,1.1317,0.1288,21.99,2026-09-10
2006-02-08,,0.1532,0.1051,0.1835,1.1364,0.1277,21.62,2026-09-10
2006-02-09,,0.1534,0.1054,0.1837,1.1349,0.128,21.81,2026-09-10
2006-02-10,,0.1546,0.1061,0.1854,1.1298,0.129,21.84,2026-09-10
2006-02-13,,0.1549,0.1058,0.1844,1.131,0.1286,21.73,2026-09-10
2006-02-14,,0.1542,0.1054,0.1838,1.1332,0.1281,21.55,2026-09-10
2006-02-15,,0.1551,0.1065,0.1848,1.1289,0.1289,21.75,2026-09-10
2006-02-16,,0.1556,0.1064,0.185,1.1275,0.1291,21.78,2026-09-10
2006-02-17,,0.1559,0.1067,0.1853,1.1258,0.1294,21.88,2026-09-10
2006-02-20,,0.1557,0.1069,0.1864,1.1235,0.1298,22.03,2026-09-10
2006-02-21,,0.156,0.1067,0.1861,1.1233,0.1298,22.06,2026-09-10
2006-02-22,,0.1554,0.1061,0.1853,1.1256,0.1292,21.97,2026-09-10
2006-02-23,,0.1555,0.1062,0.1853,1.1255,0.1292,21.77,2026-09-10
2006-02-24,,0.1548,0.1053,0.1845,1.1285,0.1285,21.53,2026-09-10
2006-02-27,,0.1553,0.1057,0.1842,1.1281,0.1285,21.41,2026-09-10
2006-02-28,,0.1545,0.1053,0.1831,1.1311,0.1278,21.29,2026-09-10
2006-03-01,,0.1539,0.1048,0.1837,1.1309,0.1277,21.26,2026-09-10
2006-03-02,,0.1539,0.1049,0.1836,1.1306,0.1277,21.34,2026-09-10
2006-03-03,,0.1537,0.1054,0.1848,1.1279,0.1282,21.52,2026-09-10
2006-03-06,,0.1519,0.1043,0.1834,1.1328,0.1271,21.45,2026-09-10
2006-03-07,,0.1516,0.1039,0.1814,1.1363,0.1263,21.33,2026-09-10
2006-03-08,,0.1524,0.1044,0.1813,1.1347,0.1266,21.35,2026-09-10
2006-03-09,,0.1515,0.104,0.1805,1.1372,0.1259,21.29,2026-09-10
2006-03-10,,0.1519,0.1042,0.1808,1.1353,0.1263,21.42,2026-09-10
2006-03-13,,0.1517,0.1049,0.1812,1.1338,0.1265,21.54,2026-09-10
2006-03-14,,0.1517,0.1046,0.1815,1.1333,0.1265,21.51,2026-09-10
2006-03-15,,0.1516,0.1044,0.1823,1.1323,0.1267,21.41,2026-09-10
2006-03-16,,0.1515,0.1046,0.1826,1.1314,0.1268,21.5,2026-09-10
2006-03-17,,0.1506,0.1043,0.1832,1.1318,0.1266,21.39,2026-09-10
2006-03-20,,0.1501,0.1041,0.1827,1.1336,0.1262,21.24,2026-09-10
2006-03-21,,0.1489,0.1031,0.1806,1.1391,0.125,21.06,2026-09-10
2006-03-22,,0.1488,0.103,0.1799,1.1398,0.1247,21.09,2026-09-10
2006-03-23,,0.1496,0.1034,0.1804,1.1373,0.1252,21.25,2026-09-10
2006-03-24,,0.1499,0.1034,0.1795,1.1377,0.125,21.16,2026-09-10
2006-03-27,,0.1499,0.1037,0.181,1.1344,0.1256,21.13,2026-09-10
2006-03-28,,0.1502,0.1033,0.1804,1.1353,0.1254,21.1,2026-09-10
2006-03-29,,0.1499,0.1032,0.1799,1.136,0.1251,21.21,2026-09-10
2006-03-30,,0.1497,0.1038,0.1806,1.1344,0.1254,21.24,2026-09-10
2006-03-31,,0.1503,0.1047,0.1826,1.1291,0.1264,21.42,2026-09-10
2006-04-03,,0.1509,0.1052,0.1819,1.128,0.1266,21.57,2026-09-10
2006-04-04,,0.1514,0.1057,0.1838,1.1239,0.1273,21.62,2026-09-10
2006-04-05,,0.1513,0.1056,0.1857,1.1208,0.1279,21.7,2026-09-10
2006-04-06,,0.1511,0.106,0.1857,1.12,0.128,21.83,2026-09-10
2006-04-07,,0.1512,0.1054,0.1846,1.1216,0.1276,21.74,2026-09-10
2006-04-10,,0.1513,0.1051,0.1832,1.1237,0.1271,21.66,2026-09-10
2006-04-11,,0.1512,0.1052,0.1834,1.1228,0.1272,21.72,2026-09-10
2006-04-12,,0.151,0.1049,0.1835,1.123,0.1271,21.69,2026-09-10
2006-04-13,,0.1514,0.1046,0.1835,1.122,0.1272,21.73,2026-09-10
2006-04-18,,0.1507,0.1043,0.1847,1.1211,0.1273,21.75,2026-09-10
2006-04-19,,0.151,0.1047,0.1866,1.1172,0.1281,21.82,2026-09-10
2006-04-20,,0.1513,0.1045,0.1868,1.1158,0.1283,21.98,2026-09-10
2006-04-21,,0.1501,0.1037,0.1845,1.1215,0.127,21.71,2026-09-10
2006-04-24,,0.1511,0.1046,0.1868,1.1164,0.128,21.6,2026-09-10
2006-04-25,,0.1495,0.1035,0.185,1.1227,0.1266,21.22,2026-09-10
2006-04-26,,0.1481,0.103,0.1839,1.1264,0.1258,21.15,2026-09-10
2006-04-27,,0.1474,0.1028,0.1834,1.1281,0.1253,21.04,2026-09-10
2006-04-28,,0.1464,0.1019,0.1837,1.1297,0.1249,20.96,2026-09-10
2006-05-02,,0.148,0.1021,0.1862,1.1228,0.1263,21.17,2026-09-10
2006-05-03,,0.1476,0.1013,0.1869,1.1226,0.1262,21.12,2026-09-10
2006-05-04,,0.1467,0.1006,0.1848,1.1271,0.1252,21.09,2026-09-10
2006-05-05,,0.1463,0.1003,0.1856,1.1263,0.1253,21.11,2026-09-10
2006-05-08,,0.1461,0.1,0.1861,1.1268,0.1251,20.78,2026-09-10
2006-05-09,,0.1461,0.0999,0.1854,1.1277,0.1249,20.72,2026-09-10
2006-05-10,,0.146,0.0999,0.1864,1.1261,0.1251,20.68,2026-09-10
2006-05-11,,0.1453,0.0997,0.1852,1.129,0.1245,20.59,2026-09-10
2006-05-12,,0.1439,0.0981,0.1853,1.1323,0.1237,20.38,2026-09-10
2006-05-15,,0.14,0.0954,0.1806,1.1484,0.1205,19.84,2026-09-10
2006-05-16,,0.1401,0.0953,0.1792,1.1503,0.12,19.76,2026-09-10
2006-05-17,,0.1409,0.0958,0.1813,1.145,0.121,19.85,2026-09-10
2006-05-18,,0.1397,0.0946,0.1781,1.1522,0.1195,19.73,2026-09-10
2006-05-19,,0.1396,0.0947,0.179,1.1504,0.1198,19.85,2026-09-10
2006-05-22,,0.1383,0.0942,0.1761,1.1567,0.1185,19.83,2026-09-10
2006-05-23,,0.1379,0.094,0.1772,1.1559,0.1186,19.7,2026-09-10
2006-05-24,,0.1373,0.0936,0.1756,1.1592,0.1179,19.73,2026-09-10
2006-05-26,,0.1384,0.0945,0.1769,1.1541,0.1188,19.82,2026-09-10
2006-05-29,,0.1386,0.095,0.1767,1.1531,0.1189,19.85,2026-09-10
2006-05-30,,0.1383,0.0948,0.1776,1.1521,0.119,19.86,2026-09-10
2006-05-31,,0.1347,0.0922,0.1736,1.1671,0.1161,19.4,2026-09-10
2006-06-01,,0.1358,0.093,0.1734,1.1643,0.1166,19.53,2026-09-10
2006-06-02,,0.1364,0.0937,0.1747,1.1597,0.1173,19.69,2026-09-10
2006-06-05,,0.1353,0.093,0.1753,1.1612,0.117,19.57,2026-09-10
2006-06-06,,0.1344,0.0926,0.1736,1.1656,0.1161,19.48,2026-09-10
2006-06-07,,0.1344,0.0926,0.1722,1.1671,0.1158,19.51,2026-09-10
2006-06-08,,0.1344,0.0926,0.1718,1.1674,0.1156,19.54,2026-09-10
2006-06-09,,0.1363,0.0935,0.1723,1.162,0.1166,19.64,2026-09-10
2006-06-12,,0.1365,0.0936,0.1725,1.1607,0.1167,19.69,2026-09-10
2006-06-13,,0.1359,0.0928,0.1709,1.1648,0.1159,19.59,2026-09-10
2006-06-14,,0.1357,0.0928,0.1706,1.1651,0.1158,19.62,2026-09-10
2006-06-15,,0.135,0.0923,0.1704,1.1666,0.1155,19.59,2026-09-10
2006-06-16,,0.1348,0.092,0.1705,1.1668,0.1153,19.55,2026-09-10
2006-06-19,,0.1342,0.0916,0.1689,1.1705,0.1146,19.53,2026-09-10
2006-06-20,,0.1331,0.0908,0.1675,1.1757,0.1136,19.26,2026-09-10
2006-06-21,,0.1319,0.0902,0.1664,1.1802,0.1127,19.09,2026-09-10
2006-06-22,,0.1313,0.0901,0.1664,1.1806,0.1126,19.11,2026-09-10
2006-06-23,,0.1282,0.0881,0.1613,1.1973,0.1096,18.71,2026-09-10
2006-06-26,,0.129,0.0887,0.1613,1.1949,0.11,18.79,2026-09-10
2006-06-27,,0.1289,0.089,0.1624,1.1922,0.1104,18.87,2026-09-10
2006-06-28,,0.1292,0.0892,0.1624,1.1911,0.1105,18.88,2026-09-10
2006-06-29,,0.1306,0.0902,0.1638,1.1844,0.1116,19.1,2026-09-10
2006-06-30,,0.1304,0.0904,0.1657,1.1814,0.112,19.0,2026-09-10
2006-07-04,,0.1309,0.0909,0.1678,1.1754,0.113,19.22,2026-09-10
2006-07-05,,0.1302,0.0903,0.1667,1.1791,0.1123,19.12,2026-09-10
2006-07-06,,0.1284,0.0891,0.1636,1.1886,0.1106,18.89,2026-09-10
2006-07-07,,0.1295,0.09,0.1654,1.1824,0.1116,19.04,2026-09-10
2006-07-10,,0.1297,0.0897,0.1661,1.1815,0.1117,18.86,2026-09-10
2006-07-11,,0.1303,0.09,0.1658,1.1799,0.112,18.93,2026-09-10
2006-07-12,,0.1302,0.09,0.1662,1.1792,0.1121,19.01,2026-09-10
2006-07-13,,0.1295,0.0897,0.1646,1.1829,0.1113,19.0,2026-09-10
2006-07-14,,0.1292,0.089,0.1635,1.1857,0.1108,18.97,2026-09-10
2006-07-19,,0.1315,0.09,0.1643,1.178,0.1121,19.31,2026-09-10
2006-07-20,,0.1321,0.0903,0.1665,1.1725,0.113,19.43,2026-09-10
2006-07-21,,0.1324,0.0905,0.1672,1.1701,0.1134,19.55,2026-09-10
2006-07-24,,0.1312,0.0895,0.1658,1.1755,0.1124,19.33,2026-09-10
2006-07-25,,0.1323,0.0905,0.1676,1.1689,0.1135,19.55,2026-09-10
2006-07-26,,0.1322,0.0902,0.1661,1.1719,0.1129,19.44,2026-09-10
2006-07-27,,0.1322,0.0906,0.1682,1.1674,0.1137,19.54,2026-09-10
2006-07-28,,0.1334,0.0911,0.1693,1.1633,0.1144,19.53,2026-09-10
2006-07-31,,0.133,0.091,0.1696,1.1637,0.1143,19.39,2026-09-10
2006-08-01,,0.1317,0.0899,0.1677,1.1698,0.1131,19.23,2026-09-10
2006-08-02,,0.1314,0.0897,0.1684,1.1692,0.1132,19.26,2026-09-10
2006-08-03,,0.1323,0.09,0.1688,1.1659,0.1137,19.38,2026-09-10
2006-08-04,,0.1326,0.0899,0.1697,1.1634,0.1141,19.53,2026-09-10
2006-08-07,,0.1321,0.0893,0.1702,1.1636,0.114,19.5,2026-09-10
2006-08-08,,0.133,0.0895,0.1705,1.1607,0.1145,19.65,2026-09-10
2006-08-09,,0.1329,0.0896,0.1705,1.1605,0.1145,19.66,2026-09-10
2006-08-10,,0.1332,0.09,0.1718,1.1572,0.115,19.76,2026-09-10
2006-08-11,,0.1334,0.09,0.1702,1.1592,0.1146,19.7,2026-09-10
2006-08-14,,0.1334,0.0899,0.1702,1.1586,0.1147,19.8,2026-09-10
2006-08-15,,0.1328,0.0895,0.1691,1.1616,0.1141,19.71,2026-09-10
2006-08-16,,0.1325,0.0895,0.1695,1.1614,0.1141,19.68,2026-09-10
2006-08-17,,0.1331,0.0901,0.171,1.157,0.1148,19.77,2026-09-10
2006-08-18,,0.1323,0.0901,0.1699,1.16,0.1142,19.69,2026-09-10
2006-08-21,,0.1295,0.0884,0.1667,1.1725,0.1119,19.29,2026-09-10
2006-08-22,,0.1292,0.0879,0.1664,1.1734,0.1117,19.31,2026-09-10
2006-08-23,,0.1291,0.0875,0.1652,1.176,0.1112,19.22,2026-09-10
2006-08-24,,0.1288,0.087,0.1645,1.1779,0.1108,19.15,2026-09-10
2006-08-25,,0.1295,0.0877,0.1652,1.1741,0.1114,19.35,2026-09-10
2006-08-28,,0.1284,0.0869,0.1642,1.1783,0.1106,19.25,2026-09-10
2006-08-29,,0.1287,0.0869,0.1651,1.1759,0.111,19.28,2026-09-10
2006-08-30,,0.1289,0.0871,0.1655,1.1742,0.1113,19.34,2026-09-10
2006-08-31,,0.1289,0.0868,0.1654,1.1742,0.1112,19.41,2026-09-10
2006-09-01,,0.128,0.0861,0.164,1.179,0.1103,19.23,2026-09-10
2006-09-04,,0.1277,0.0861,0.1641,1.1793,0.1102,19.12,2026-09-10
2006-09-05,,0.1278,0.0862,0.1641,1.1791,0.1102,19.02,2026-09-10
2006-09-06,,0.1281,0.0867,0.1642,1.1775,0.1104,19.09,2026-09-10
2006-09-07,,0.1265,0.0861,0.1621,1.1848,0.1091,18.91,2026-09-10
2006-09-08,,0.1271,0.0862,0.1615,1.1848,0.1091,18.76,2026-09-10
2006-09-11,,0.126,0.0857,0.16,1.1896,0.1082,18.72,2026-09-10
2006-09-12,,0.1268,0.0863,0.1612,1.1845,0.109,18.96,2026-09-10
2006-09-13,,0.1267,0.0858,0.1607,1.1856,0.1088,18.95,2026-09-10
2006-09-14,,0.1275,0.0862,0.1618,1.1814,0.1095,19.03,2026-09-10
2006-09-15,,0.1257,0.0848,0.16,1.1894,0.1081,18.82,2026-09-10
2006-09-18,,0.1268,0.0854,0.1607,1.1849,0.1088,18.96,2026-09-10
2006-09-19,,0.127,0.0858,0.1614,1.1824,0.1091,19.05,2026-09-10
2006-09-20,,0.1269,0.0854,0.1608,1.1846,0.1087,18.85,2026-09-10
2006-09-21,,0.1264,0.0849,0.1605,1.1861,0.1084,18.8,2026-09-10
2006-09-22,,0.1229,0.0826,0.1572,1.2018,0.1058,18.31,2026-09-10
2006-09-25,,0.1228,0.0826,0.1574,1.2011,0.1058,18.31,2026-09-10
2006-09-26,,0.1231,0.0826,0.157,1.2014,0.1057,18.28,2026-09-10
2006-09-27,,0.1238,0.0829,0.157,1.1991,0.1061,18.36,2026-09-10
2006-09-28,,0.1238,0.0835,0.1574,1.197,0.1064,18.51,2026-09-10
2006-09-29,,0.1232,0.0835,0.1564,1.1998,0.1059,18.45,2026-09-10
2006-10-03,,0.1222,0.0826,0.1558,1.2037,0.1052,18.33,2026-09-10
2006-10-04,,0.1205,0.0814,0.1534,1.2127,0.1037,18.11,2026-09-10
2006-10-05,,0.1213,0.0817,0.1541,1.2095,0.1041,18.13,2026-09-10
2006-10-06,,0.1218,0.0823,0.1545,1.2064,0.1046,18.24,2026-09-10
2006-10-09,,0.1224,0.0824,0.1542,1.2051,0.1048,18.38,2026-09-10
2006-10-10,,0.1222,0.0824,0.154,1.2058,0.1046,18.33,2026-09-10
2006-10-11,,0.1236,0.0836,0.155,1.199,0.1056,18.55,2026-09-10
2006-10-12,,0.1247,0.0841,0.1563,1.1937,0.1065,18.66,2026-09-10
2006-10-13,,0.1256,0.0848,0.1577,1.1882,0.1073,18.82,2026-09-10
2006-10-16,,0.1265,0.0853,0.1582,1.1844,0.1079,18.94,2026-09-10
2006-10-17,,0.1259,0.0847,0.1578,1.1871,0.1074,18.79,2026-09-10
2006-10-18,,0.1249,0.0837,0.1567,1.192,0.1066,18.57,2026-09-10
2006-10-19,,0.1253,0.0841,0.1571,1.1898,0.1069,18.67,2026-09-10
2006-10-20,,0.1253,0.0843,0.1581,1.1874,0.1072,18.71,2026-09-10
2006-10-23,,0.1251,0.0838,0.1576,1.1888,0.107,18.73,2026-09-10
2006-10-24,,0.1234,0.0828,0.1547,1.1983,0.1053,18.49,2026-09-10
2006-10-25,,0.1236,0.0828,0.1553,1.1965,0.1056,18.52,2026-09-10
2006-10-26,,0.1245,0.0836,0.1573,1.1897,0.1067,18.69,2026-09-10
2006-10-27,,0.1245,0.0836,0.158,1.1882,0.1069,18.71,2026-09-10
2006-10-30,,0.1254,0.084,0.1594,1.1835,0.1076,18.72,2026-09-10
2006-10-31,,0.1239,0.0829,0.1575,1.1909,0.1063,18.51,2026-09-10
2006-11-01,,0.1254,0.0839,0.16,1.1818,0.1078,18.71,2026-09-10
2006-11-02,,0.1252,0.0838,0.1597,1.1825,0.1076,18.72,2026-09-10
2006-11-03,,0.1246,0.0834,0.1592,1.1849,0.1072,18.64,2026-09-10
2006-11-06,,0.126,0.0842,0.1601,1.1789,0.1081,18.91,2026-09-10
2006-11-07,,0.1261,0.0846,0.161,1.1763,0.1085,18.97,2026-09-10
2006-11-08,,0.1253,0.084,0.1601,1.1802,0.1078,18.82,2026-09-10
2006-11-09,,0.1254,0.084,0.16,1.1796,0.1079,18.86,2026-09-10
2006-11-10,,0.1261,0.0849,0.1621,1.1731,0.1089,19.06,2026-09-10
2006-11-13,,0.1259,0.0847,0.162,1.1737,0.1088,19.01,2026-09-10
2006-11-14,,0.1262,0.085,0.1619,1.1727,0.1089,19.03,2026-09-10
2006-11-15,,0.1259,0.0851,0.1611,1.1743,0.1086,19.0,2026-09-10
2006-11-16,,0.127,0.0862,0.1627,1.1677,0.1097,19.21,2026-09-10
2006-11-17,,0.1261,0.0853,0.161,1.1732,0.1087,19.06,2026-09-10
2006-11-20,,0.1257,0.0852,0.1614,1.1732,0.1086,19.03,2026-09-10
2006-11-21,,0.1262,0.0852,0.1617,1.1713,0.1089,19.1,2026-09-10
2006-11-22,,0.1265,0.0855,0.1627,1.1682,0.1094,19.13,2026-09-10
2006-11-23,,0.1263,0.0854,0.1634,1.1676,0.1094,19.05,2026-09-10
2006-11-24,,0.1248,0.0844,0.1618,1.1742,0.1083,18.83,2026-09-10
2006-11-27,,0.125,0.0847,0.1642,1.1687,0.1092,19.04,2026-09-10
2006-11-28,,0.1244,0.0843,0.1633,1.1716,0.1086,18.96,2026-09-10
2006-11-29,,0.1243,0.084,0.1641,1.1705,0.1088,18.98,2026-09-10
2006-11-30,,0.1244,0.084,0.1638,1.1704,0.1087,19.03,2026-09-10
2006-12-01,,0.1237,0.0832,0.1642,1.1714,0.1085,19.02,2026-09-10
2006-12-04,,0.1232,0.0829,0.1641,1.1726,0.1082,18.97,2026-09-10
2006-12-05,,0.1234,0.0832,0.1646,1.1709,0.1085,18.98,2026-09-10
2006-12-06,,0.1238,0.0836,0.1643,1.1703,0.1085,18.88,2026-09-10
2006-12-07,,0.1239,0.0838,0.1649,1.1685,0.1088,18.95,2026-09-10
2006-12-08,,0.1243,0.0842,0.1651,1.1665,0.1091,19.04,2026-09-10
2006-12-11,,0.1246,0.0841,0.1642,1.1667,0.109,19.16,2026-09-10
2006-12-12,,0.1248,0.0843,0.1653,1.1636,0.1095,19.33,2026-09-10
2006-12-13,,0.1253,0.0844,0.1663,1.1603,0.11,19.46,2026-09-10
2006-12-14,,0.1258,0.0846,0.1663,1.1586,0.1103,19.55,2026-09-10
2006-12-15,,0.1261,0.0845,0.1657,1.159,0.1102,19.53,2026-09-10
2006-12-18,,0.1262,0.0846,0.1654,1.1589,0.1101,19.52,2026-09-10
2006-12-19,,0.1261,0.0847,0.1651,1.1594,0.11,19.48,2026-09-10
2006-12-20,,0.1254,0.0841,0.1658,1.1593,0.11,19.6,2026-09-10
2006-12-21,,0.1264,0.0848,0.1668,1.1546,0.1108,19.75,2026-09-10
2006-12-22,,0.1256,0.0844,0.1658,1.1581,0.1101,19.61,2026-09-10
2006-12-27,,0.1253,0.084,0.1649,1.1602,0.1097,19.57,2026-09-10
2006-12-28,,0.1253,0.084,0.1645,1.1606,0.1095,19.53,2026-09-10
2006-12-29,,0.1259,0.0844,0.1658,1.1565,0.1102,19.71,2026-09-10
2007-01-03,,0.1259,0.0847,0.1672,1.1531,0.1108,19.86,2026-09-10
2007-01-04,,0.1255,0.0847,0.1652,1.1573,0.11,19.72,2026-09-10
2007-01-05,,0.1252,0.0845,0.1637,1.1612,0.1092,19.38,2026-09-10
2007-01-08,,0.1243,0.0838,0.1618,1.1671,0.1082,19.13,2026-09-10
2007-01-09,,0.1242,0.0833,0.1619,1.1668,0.1082,19.26,2026-09-10
2007-01-10,,0.1235,0.0828,0.1603,1.1713,0.1074,19.11,2026-09-10
2007-01-11,,0.1239,0.0831,0.1607,1.1689,0.1077,19.26,2026-09-10
2007-01-12,,0.1246,0.0826,0.1607,1.1673,0.1079,19.39,2026-09-10
2007-01-15,,0.1249,0.0824,0.1615,1.1654,0.1082,19.43,2026-09-10
2007-01-16,,0.1248,0.0822,0.1615,1.1653,0.1082,19.44,2026-09-10
2007-01-17,,0.1245,0.082,0.161,1.1666,0.1079,19.43,2026-09-10
2007-01-18,,0.1254,0.0824,0.1626,1.1609,0.1088,19.67,2026-09-10
2007-01-19,,0.1251,0.0822,0.1625,1.1614,0.1087,19.71,2026-09-10
2007-01-22,,0.1254,0.0824,0.1626,1.1602,0.1089,19.74,2026-09-10
2007-01-23,,0.1255,0.0821,0.1624,1.1603,0.1088,19.77,2026-09-10
2007-01-24,,0.1253,0.0824,0.1633,1.1583,0.1091,19.83,2026-09-10
2007-01-25,,0.1257,0.0829,0.1628,1.1586,0.109,19.6,2026-09-10
2007-01-26,,0.1241,0.0816,0.1604,1.1666,0.1076,19.47,2026-09-10
2007-01-29,,0.124,0.0817,0.16,1.1671,0.1074,19.49,2026-09-10
2007-01-30,,0.1234,0.0815,0.1599,1.1682,0.1072,19.48,2026-09-10
2007-01-31,,0.1236,0.0817,0.1602,1.1671,0.1073,19.44,2026-09-10
2007-02-01,,0.1241,0.0823,0.1616,1.1628,0.108,19.48,2026-09-10
2007-02-02,,0.1242,0.0822,0.1617,1.1623,0.1081,19.51,2026-09-10
2007-02-05,,0.1245,0.082,0.161,1.1631,0.1079,19.45,2026-09-10
2007-02-06,,0.1249,0.0824,0.1614,1.161,0.1082,19.42,2026-09-10
2007-02-07,,0.1246,0.0821,0.1616,1.1611,0.1081,19.46,2026-09-10
2007-02-08,,0.1241,0.082,0.1616,1.1614,0.108,19.53,2026-09-10
2007-02-09,,0.1242,0.0827,0.1621,1.1592,0.1084,19.67,2026-09-10
2007-02-12,,0.1235,0.0823,0.1609,1.1628,0.1077,19.6,2026-09-10
2007-02-13,,0.1232,0.082,0.1598,1.1656,0.1072,19.41,2026-09-10
2007-02-14,,0.1232,0.0825,0.1606,1.1633,0.1075,19.48,2026-09-10
2007-02-15,,0.123,0.0823,0.1616,1.1622,0.1077,19.41,2026-09-10
2007-02-16,,0.1231,0.0828,0.1617,1.1615,0.1077,19.3,2026-09-10
2007-02-19,,0.1238,0.0833,0.1628,1.1572,0.1084,19.45,2026-09-10
2007-02-20,,0.1236,0.0834,0.1628,1.157,0.1084,19.51,2026-09-10
2007-02-21,,0.1237,0.0832,0.1626,1.1568,0.1084,19.57,2026-09-10
2007-02-22,,0.1239,0.0833,0.1627,1.1558,0.1085,19.68,2026-09-10
2007-02-23,,0.1244,0.0834,0.1632,1.1531,0.1089,19.82,2026-09-10
2007-02-26,,0.1238,0.0832,0.1632,1.1543,0.1087,19.74,2026-09-10
2007-02-27,,0.1239,0.0832,0.1632,1.1544,0.1086,19.62,2026-09-10
2007-02-28,,0.1215,0.0819,0.1606,1.1657,0.1066,19.0,2026-09-10
2007-03-01,,0.1218,0.082,0.161,1.1641,0.1069,19.05,2026-09-10
2007-03-02,,0.1217,0.0819,0.1603,1.166,0.1065,18.85,2026-09-10
2007-03-05,,0.1193,0.0815,0.1571,1.1782,0.1044,18.17,2026-09-10
2007-03-06,,0.1205,0.082,0.158,1.1729,0.1052,18.39,2026-09-10
2007-03-07,,0.1209,0.0823,0.1587,1.1702,0.1056,18.47,2026-09-10
2007-03-08,,0.1203,0.082,0.1584,1.1717,0.1053,18.5,2026-09-10
2007-03-09,,0.1209,0.0823,0.1591,1.1683,0.1059,18.66,2026-09-10
2007-03-12,,0.1212,0.0823,0.1591,1.1667,0.1061,18.82,2026-09-10
2007-03-13,,0.1203,0.0822,0.1585,1.1702,0.1054,18.59,2026-09-10
2007-03-14,,0.1188,0.0813,0.1567,1.1779,0.1041,18.2,2026-09-10
2007-03-15,,0.1196,0.0818,0.1581,1.172,0.105,18.54,2026-09-10
2007-03-16,,0.1191,0.0816,0.1582,1.1729,0.1048,18.53,2026-09-10
2007-03-19,,0.1187,0.0812,0.1578,1.1745,0.1045,18.5,2026-09-10
2007-03-20,,0.119,0.0814,0.1583,1.172,0.1049,18.66,2026-09-10
2007-03-21,,0.119,0.0808,0.1585,1.1722,0.1048,18.59,2026-09-10
2007-03-22,,0.1196,0.0813,0.1601,1.1669,0.1057,18.8,2026-09-10
2007-03-23,,0.1209,0.082,0.1612,1.1611,0.1066,19.02,2026-09-10
2007-03-26,,0.121,0.0819,0.1607,1.1615,0.1065,18.96,2026-09-10
2007-03-27,,0.1207,0.0818,0.1609,1.1615,0.1064,19.0,2026-09-10
2007-03-28,,0.1196,0.0813,0.1597,1.1665,0.1055,18.74,2026-09-10
2007-03-29,,0.1197,0.0812,0.1595,1.1667,0.1055,18.7,2026-09-10
2007-03-30,,0.1199,0.0814,0.1599,1.1649,0.1057,18.82,2026-09-10
2007-04-02,,0.1199,0.0813,0.1601,1.1644,0.1058,18.83,2026-09-10
2007-04-03,,0.1203,0.0812,0.1607,1.1617,0.1062,19.0,2026-09-10
2007-04-04,,0.121,0.0817,0.1613,1.1582,0.1067,19.18,2026-09-10
2007-04-05,,0.1211,0.0819,0.1617,1.1568,0.1069,19.2,2026-09-10
2007-04-10,,0.1205,0.0821,0.1617,1.1573,0.1068,19.26,2026-09-10
2007-04-11,,0.1205,0.0818,0.1618,1.1571,0.1067,19.27,2026-09-10
2007-04-12,,0.1203,0.0819,0.162,1.1564,0.1068,19.34,2026-09-10
2007-04-13,,0.1196,0.0814,0.1617,1.1588,0.1064,19.2,2026-09-10
2007-04-16,,0.1193,0.0813,0.1617,1.159,0.1063,19.31,2026-09-10
2007-04-17,,0.1201,0.0816,0.1626,1.1553,0.1069,19.4,2026-09-10
2007-04-18,,0.1206,0.0815,0.1638,1.152,0.1074,19.47,2026-09-10
2007-04-19,,0.1197,0.0811,0.1624,1.157,0.1065,19.14,2026-09-10
2007-04-20,,0.1201,0.0816,0.1636,1.1527,0.1072,19.43,2026-09-10
2007-04-23,,0.1205,0.0818,0.1637,1.1516,0.1073,19.37,2026-09-10
2007-04-24,,0.1198,0.0814,0.1624,1.1554,0.1066,19.23,2026-09-10
2007-04-25,,0.12,0.0816,0.1638,1.1519,0.1072,19.38,2026-09-10
2007-04-26,,0.121,0.0824,0.1652,1.146,0.1081,19.63,2026-09-10
2007-04-27,,0.1201,0.0821,0.1633,1.151,0.1072,19.52,2026-09-10
2007-04-30,,0.119,0.0813,0.162,1.156,0.1063,19.35,2026-09-10
2007-05-02,,0.1203,0.0819,0.1634,1.1498,0.1073,19.59,2026-09-10
2007-05-03,,0.1206,0.0824,0.1624,1.1469,0.1078,19.71,2026-09-10
2007-05-04,,0.1211,0.0827,0.1643,1.1452,0.108,19.75,2026-09-10
2007-05-08,,0.1216,0.083,0.1656,1.141,0.1087,19.86,2026-09-10
2007-05-09,,0.122,0.083,0.1653,1.1406,0.1087,19.81,2026-09-10
2007-05-10,,0.1218,0.0828,0.1652,1.141,0.1086,19.83,2026-09-10
2007-05-11,,0.1211,0.0825,0.1633,1.1462,0.1076,19.57,2026-09-10
2007-05-14,,0.1218,0.0831,0.1649,1.1406,0.1086,19.83,2026-09-10
2007-05-15,,0.1212,0.0829,0.1643,1.1428,0.1081,19.76,2026-09-10
2007-05-16,,0.1213,0.0831,0.165,1.141,0.1084,19.83,2026-09-10
2007-05-18,,0.1203,0.0822,0.1624,1.1479,0.1071,,2026-09-10
2007-05-21,,0.121,0.0829,0.1636,1.1432,0.1079,19.84,2026-09-10
2007-05-22,,0.1211,0.0827,0.1632,1.1437,0.1078,19.8,2026-09-10
2007-05-23,,0.1207,0.0822,0.1624,1.1459,0.1073,19.76,2026-09-10
2007-05-24,,0.1205,0.0815,0.1621,1.1475,0.107,19.69,2026-09-10
2007-05-25,,0.12,0.0812,0.1612,1.1502,0.1065,19.56,2026-09-10
2007-05-28,,0.1204,0.0817,0.162,1.147,0.107,19.71,2026-09-10
2007-05-29,,0.1204,0.0815,0.1617,1.1476,0.1068,19.64,2026-09-10
2007-05-30,,0.1194,0.0811,0.1606,1.1517,0.1061,19.52,2026-09-10
2007-05-31,,0.1196,0.0814,0.1607,1.1505,0.1062,19.55,2026-09-10
2007-06-01,,0.12,0.0815,0.1614,1.1479,0.1066,19.68,2026-09-10
2007-06-04,,0.1197,0.0812,0.161,1.149,0.1064,19.66,2026-09-10
2007-06-05,,0.1196,0.081,0.1614,1.1485,0.1065,19.67,2026-09-10
2007-06-06,,0.1188,0.0806,0.1608,1.1515,0.1059,19.52,2026-09-10
2007-06-07,,0.1189,0.0806,0.1606,1.1515,0.1058,19.49,2026-09-10
2007-06-08,,0.1185,0.0805,0.159,1.1555,0.1051,19.25,2026-09-10
2007-06-11,,0.1192,0.0809,0.1592,1.1528,0.1055,19.35,2026-09-10
2007-06-12,,0.1195,0.0809,0.1598,1.1506,0.1059,19.45,2026-09-10
2007-06-13,,0.1192,0.0803,0.1586,1.1538,0.1053,19.38,2026-09-10
2007-06-14,,0.1197,0.0808,0.1593,1.1502,0.1058,19.56,2026-09-10
2007-06-15,,0.12,0.0811,0.1598,1.1481,0.1061,19.66,2026-09-10
2007-06-18,,0.1202,0.0813,0.161,1.1444,0.1067,19.9,2026-09-10
2007-06-19,,0.1203,0.0814,0.1615,1.1429,0.1069,19.96,2026-09-10
2007-06-20,,0.1203,0.0812,0.1614,1.1432,0.1068,19.9,2026-09-10
2007-06-21,,0.1197,0.0805,0.1603,1.1468,0.1062,19.82,2026-09-10
2007-06-22,,0.1196,0.0805,0.1605,1.146,0.1063,19.9,2026-09-10
2007-06-25,,0.1191,0.0802,0.1604,1.1472,0.106,19.87,2026-09-10
2007-06-26,,0.1189,0.0801,0.16,1.1486,0.1057,19.72,2026-09-10
2007-06-27,,0.1187,0.08,0.1593,1.1504,0.1054,19.53,2026-09-10
2007-06-28,,0.1195,0.0804,0.161,1.1448,0.1063,19.81,2026-09-10
2007-06-29,,0.1199,0.0805,0.1612,1.1432,0.1065,19.88,2026-09-10
2007-07-03,,0.1202,0.0811,0.1637,1.1372,0.1075,20.09,2026-09-10
2007-07-04,,0.1197,0.0808,0.1631,1.1404,0.1071,19.95,2026-09-10
2007-07-05,,0.1199,0.081,0.1633,1.1387,0.1073,20.05,2026-09-10
2007-07-06,,0.1196,0.0809,0.1625,1.141,0.1069,20.02,2026-09-10
2007-07-09,,0.1197,0.0811,0.1629,1.1391,0.1072,20.14,2026-09-10
2007-07-10,,0.1199,0.081,0.1631,1.1383,0.1073,20.13,2026-09-10
2007-07-11,,0.1184,0.0803,0.1628,1.1446,0.1063,19.73,2026-09-10
2007-07-12,,0.1185,0.0802,0.163,1.143,0.1065,19.93,2026-09-10
2007-07-13,,0.1189,0.0808,0.1638,1.1392,0.107,20.05,2026-09-10
2007-07-18,,0.1183,0.0796,0.1634,1.1433,0.1064,19.88,2026-09-10
2007-07-19,,0.1191,0.0801,0.1644,1.1383,0.1071,20.04,2026-09-10
2007-07-20,,0.1197,0.0806,0.1652,1.1341,0.1077,20.18,2026-09-10
2007-07-23,,0.1199,0.0805,0.1658,1.1328,0.1079,20.06,2026-09-10
2007-07-24,,0.12,0.0803,0.1658,1.1328,0.1078,19.99,2026-09-10
2007-07-25,,0.1196,0.0802,0.1652,1.1355,0.1074,19.83,2026-09-10
2007-07-26,,0.12,0.0803,0.1645,1.1357,0.1074,19.82,2026-09-10
2007-07-27,,0.1178,0.0792,0.1617,1.1495,0.1054,19.18,2026-09-10
2007-07-30,,0.1184,0.0799,0.1616,1.1475,0.1057,19.17,2026-09-10
2007-07-31,,0.1179,0.0797,0.1616,1.1485,0.1055,19.22,2026-09-10
2007-08-01,,0.1173,0.0791,0.1601,1.155,0.1046,18.86,2026-09-10
2007-08-02,,0.1182,0.0795,0.1616,1.1479,0.1055,19.2,2026-09-10
2007-08-03,,0.1184,0.0797,0.1623,1.1452,0.1059,19.33,2026-09-10
2007-08-06,,0.1166,0.0789,0.1613,1.1536,0.1047,18.97,2026-09-10
2007-08-07,,0.1177,0.08,0.1625,1.1456,0.1058,19.3,2026-09-10
2007-08-08,,0.1179,0.0803,0.1619,1.1463,0.1057,19.26,2026-09-10
2007-08-09,,0.1182,0.0801,0.1632,1.142,0.1062,19.51,2026-09-10
2007-08-10,,0.1174,0.0795,0.1605,1.1518,0.1049,18.96,2026-09-10
2007-08-13,,0.1173,0.0794,0.1606,1.1514,0.1049,19.01,2026-09-10
2007-08-14,,0.1174,0.0795,0.1599,1.1532,0.1046,18.85,2026-09-10
2007-08-15,,0.1165,0.0791,0.1573,1.163,0.1033,18.35,2026-09-10
2007-08-16,,0.1162,0.0787,0.156,1.1678,0.1026,18.09,2026-09-10
2007-08-17,,0.1159,0.0787,0.1555,1.172,0.102,17.51,2026-09-10
2007-08-20,,0.117,0.0795,0.1579,1.1604,0.1036,18.12,2026-09-10
2007-08-21,,0.1166,0.0793,0.1572,1.1634,0.1031,18.04,2026-09-10
2007-08-22,,0.1171,0.0796,0.1579,1.1601,0.1036,18.1,2026-09-10
2007-08-23,,0.1178,0.0799,0.1597,1.1523,0.1046,18.5,2026-09-10
2007-08-24,,0.1171,0.0794,0.1589,1.1562,0.104,18.42,2026-09-10
2007-08-27,,0.1177,0.0797,0.1609,1.1494,0.1049,18.69,2026-09-10
2007-08-28,,0.1172,0.0797,0.1597,1.1538,0.1043,18.46,2026-09-10
2007-08-29,,0.1168,0.0793,0.1587,1.1582,0.1037,18.16,2026-09-10
2007-08-30,,0.1173,0.0795,0.1603,1.1518,0.1045,18.5,2026-09-10
2007-08-31,,0.1178,0.0799,0.161,1.1477,0.1051,18.72,2026-09-10
2007-09-03,,0.1181,0.0798,0.1611,1.147,0.1051,18.7,2026-09-10
2007-09-04,,0.1171,0.079,0.1595,1.1542,0.1041,18.48,2026-09-10
2007-09-05,,0.1172,0.0792,0.1591,1.1546,0.104,18.41,2026-09-10
2007-09-06,,0.1167,0.0789,0.1594,1.1554,0.1039,18.39,2026-09-10
2007-09-07,,0.1172,0.0793,0.1602,1.1519,0.1044,18.44,2026-09-10
2007-09-10,,0.1157,0.0786,0.1594,1.1592,0.1034,18.05,2026-09-10
2007-09-11,,0.1162,0.0791,0.1603,1.155,0.1039,18.22,2026-09-10
2007-09-12,,0.1161,0.0791,0.161,1.1527,0.1042,18.35,2026-09-10
2007-09-13,,0.1159,0.0794,0.1611,1.1523,0.1042,18.42,2026-09-10
2007-09-14,,0.116,0.0796,0.1609,1.1515,0.1043,18.53,2026-09-10
2007-09-17,,0.1157,0.0801,0.1606,1.1524,0.1042,18.52,2026-09-10
2007-09-18,,0.1155,0.0803,0.1598,1.1549,0.1038,18.35,2026-09-10
2007-09-19,,0.1158,0.0803,0.1619,1.1478,0.1047,18.76,2026-09-10
2007-09-20,,0.1159,0.0811,0.1622,1.1458,0.105,18.79,2026-09-10
2007-09-21,,0.1155,0.081,0.1628,1.146,0.1049,18.68,2026-09-10
2007-09-24,,0.1159,0.0806,0.1637,1.143,0.1053,18.82,2026-09-10
2007-09-25,,0.1159,0.0812,0.1632,1.1437,0.1052,18.71,2026-09-10
2007-09-26,,0.1158,0.0811,0.1637,1.1426,0.1053,18.8,2026-09-10
2007-09-27,,0.1162,0.0813,0.1644,1.1392,0.1058,19.0,2026-09-10
2007-09-28,,0.1165,0.0817,0.1651,1.1362,0.1062,19.03,2026-09-10
2007-10-03,,0.1162,0.0807,0.1648,1.1383,0.1059,19.08,2026-09-10
2007-10-04,,0.1163,0.0808,0.164,1.1392,0.1057,19.12,2026-09-10
2007-10-05,,0.1165,0.0808,0.1646,1.1371,0.106,19.18,2026-09-10
2007-10-08,,0.1174,0.0812,0.1657,1.1313,0.1068,19.41,2026-09-10
2007-10-09,,0.1175,0.0811,0.1649,1.133,0.1065,19.33,2026-09-10
2007-10-10,,0.1174,0.0812,0.1656,1.1312,0.1067,19.43,2026-09-10
2007-10-11,,0.1165,0.0811,0.1653,1.134,0.1063,19.39,2026-09-10
2007-10-12,,0.1178,0.0823,0.1669,1.1256,0.1075,19.57,2026-09-10
2007-10-15,,0.1178,0.0821,0.1669,1.1256,0.1075,19.64,2026-09-10
2007-10-16,,0.1167,0.0813,0.1658,1.1316,0.1066,19.46,2026-09-10
2007-10-17,,0.1164,0.0813,0.1649,1.1348,0.1061,19.19,2026-09-10
2007-10-18,,0.1168,0.0814,0.1663,1.1303,0.1067,19.38,2026-09-10
2007-10-19,,0.1163,0.0813,0.1663,1.1324,0.1064,19.12,2026-09-10
2007-10-22,,0.1155,0.0806,0.1655,1.1372,0.1057,18.9,2026-09-10
2007-10-23,,0.1172,0.0817,0.1666,1.129,0.1068,19.11,2026-09-10
2007-10-24,,0.1178,0.0819,0.1677,1.1247,0.1074,19.2,2026-09-10
2007-10-25,,0.1185,0.0826,0.1691,1.1192,0.1082,19.29,2026-09-10
2007-10-26,,0.1188,0.083,0.1705,1.1147,0.1088,19.5,2026-09-10
2007-10-29,,0.119,0.0835,0.1717,1.111,0.1093,19.61,2026-09-10
2007-10-30,,0.1183,0.0826,0.1701,1.1167,0.1085,19.48,2026-09-10
2007-10-31,,0.118,0.0823,0.1704,1.1168,0.1084,19.53,2026-09-10
2007-11-01,,0.1184,0.0823,0.1713,1.1131,0.1089,19.77,2026-09-10
2007-11-02,,0.1174,0.0815,0.1694,1.121,0.1078,19.41,2026-09-10
2007-11-05,,0.1177,0.0817,0.1705,1.1175,0.1083,19.56,2026-09-10
2007-11-06,,0.1177,0.0818,0.1706,1.1169,0.1083,19.56,2026-09-10
2007-11-07,,0.1178,0.0824,0.1725,1.1123,0.109,19.66,2026-09-10
2007-11-08,,0.1168,0.0814,0.1711,1.1194,0.1079,19.3,2026-09-10
2007-11-09,,0.1169,0.0814,0.1721,1.1171,0.1082,19.36,2026-09-10
2007-11-12,,0.1153,0.0811,0.1687,1.1302,0.1063,18.59,2026-09-10
2007-11-13,,0.1148,0.0811,0.1675,1.134,0.1058,18.44,2026-09-10
2007-11-14,,0.1154,0.0815,0.1693,1.127,0.1067,18.83,2026-09-10
2007-11-15,,0.116,0.0827,0.1703,1.1217,0.1075,18.95,2026-09-10
2007-11-16,,0.1148,0.0821,0.168,1.1312,0.1061,18.51,2026-09-10
2007-11-19,,0.1152,0.0823,0.1691,1.1271,0.1066,18.69,2026-09-10
2007-11-20,,0.1146,0.082,0.1681,1.131,0.106,18.56,2026-09-10
2007-11-21,,0.1136,0.0815,0.1686,1.134,0.1056,18.36,2026-09-10
2007-11-22,,0.1129,0.0812,0.1678,1.1379,0.105,18.26,2026-09-10
2007-11-23,,0.1127,0.0812,0.1682,1.138,0.105,18.11,2026-09-10
2007-11-26,,0.1128,0.0809,0.1671,1.1398,0.1047,18.13,2026-09-10
2007-11-27,,0.1112,0.0797,0.1652,1.1494,0.1034,17.91,2026-09-10
2007-11-28,,0.1109,0.0794,0.1644,1.1524,0.103,17.84,2026-09-10
2007-11-29,,0.1121,0.0802,0.1662,1.1427,0.1043,18.28,2026-09-10
2007-11-30,,0.1131,0.0809,0.1667,1.1378,0.1049,18.41,2026-09-10
2007-12-03,,0.1138,0.0812,0.167,1.1349,0.1053,18.46,2026-09-10
2007-12-04,,0.1139,0.081,0.1671,1.1347,0.1053,18.41,2026-09-10
2007-12-05,,0.1132,0.0812,0.167,1.136,0.1051,18.43,2026-09-10
2007-12-06,,0.1143,0.0823,0.1669,1.1319,0.1056,18.52,2026-09-10
2007-12-07,,0.1147,0.0827,0.1676,1.1283,0.1061,18.65,2026-09-10
2007-12-10,,0.1147,0.0826,0.168,1.1272,0.1063,18.75,2026-09-10
2007-12-11,,0.1146,0.0824,0.1688,1.1255,0.1065,18.87,2026-09-10
2007-12-12,,0.1139,0.082,0.1672,1.1316,0.1056,18.56,2026-09-10
2007-12-13,,0.1141,0.0821,0.1678,1.1292,0.1059,18.76,2026-09-10
2007-12-14,,0.1142,0.0819,0.1672,1.1296,0.1058,18.8,2026-09-10
2007-12-17,,0.1142,0.0816,0.1648,1.1348,0.1051,18.64,2026-09-10
2007-12-18,,0.1138,0.0812,0.1639,1.1383,0.1046,18.55,2026-09-10
2007-12-19,,0.1141,0.0817,0.1645,1.1352,0.105,18.63,2026-09-10
2007-12-20,,0.114,0.0821,0.1638,1.1365,0.1048,18.55,2026-09-10
2007-12-21,,0.1134,0.082,0.1629,1.1402,0.1042,18.42,2026-09-10
2007-12-24,,0.1132,0.0821,0.1628,1.14,0.1042,18.57,2026-09-10
2007-12-27,,0.1129,0.0824,0.1638,1.138,0.1045,18.71,2026-09-10
2007-12-28,,0.1129,0.0827,0.1651,1.135,0.1049,18.65,2026-09-10
2007-12-31,,0.1129,0.0833,0.1665,1.1318,0.1053,18.63,2026-09-10
2008-01-03,,0.113,0.0839,0.1662,1.1334,0.105,18.21,2026-09-10
2008-01-04,,0.1125,0.084,0.1656,1.1358,0.1047,18.13,2026-09-10
2008-01-07,,0.1124,0.0841,0.1655,1.1362,0.1046,18.03,2026-09-10
2008-01-08,,0.1123,0.0837,0.1651,1.1372,0.1044,18.08,2026-09-10
2008-01-09,,0.1123,0.0838,0.1654,1.1362,0.1046,18.13,2026-09-10
2008-01-10,,0.1126,0.0845,0.1654,1.1344,0.1048,18.13,2026-09-10
2008-01-11,,0.1122,0.0848,0.1662,1.1337,0.1049,18.12,2026-09-10
2008-01-14,,0.1129,0.0855,0.1677,1.128,0.1056,18.2,2026-09-10
2008-01-15,,0.1127,0.0856,0.1676,1.1292,0.1054,18.07,2026-09-10
2008-01-16,,0.112,0.0848,0.1662,1.1358,0.1045,17.64,2026-09-10
2008-01-17,,0.1119,0.0835,0.1641,1.1412,0.1037,17.61,2026-09-10
2008-01-18,,0.1109,0.0824,0.1623,1.1493,0.1026,17.39,2026-09-10
2008-01-21,,0.1115,0.0803,0.1622,1.1475,0.1028,17.31,2026-09-10
2008-01-22,,0.1104,0.0822,0.1594,1.1582,0.1014,16.91,2026-09-10
2008-01-23,,0.1107,0.0827,0.1619,1.1505,0.1024,17.23,2026-09-10
2008-01-24,,0.1112,0.0832,0.1626,1.1469,0.1028,17.32,2026-09-10
2008-01-25,,0.1112,0.083,0.1643,1.1419,0.1035,17.65,2026-09-10
2008-01-28,,0.1096,0.0814,0.1608,1.1573,0.1014,17.05,2026-09-10
2008-01-29,,0.1094,0.0814,0.1617,1.1548,0.1017,17.26,2026-09-10
2008-01-30,,0.1092,0.0811,0.1614,1.1563,0.1015,17.22,2026-09-10
2008-01-31,,0.1072,0.0803,0.1599,1.1662,0.1002,17.02,2026-09-10
2008-02-01,,0.1063,0.0794,0.158,1.1744,0.0991,16.79,2026-09-10
2008-02-04,,0.1075,0.081,0.1594,1.1653,0.1003,17.02,2026-09-10
2008-02-05,,0.1062,0.0798,0.1574,1.175,0.099,16.82,2026-09-10
2008-02-06,,0.1055,0.0787,0.1547,1.1853,0.0977,16.45,2026-09-10
2008-02-07,,0.1054,0.0786,0.1542,1.1864,0.0975,16.42,2026-09-10
2008-02-08,,0.1064,0.0793,0.1541,1.1826,0.098,16.55,2026-09-10
2008-02-11,,0.1049,0.0784,0.1526,1.1915,0.0969,16.36,2026-09-10
2008-02-12,,0.1058,0.0788,0.1538,1.1854,0.0976,16.45,2026-09-10
2008-02-13,,0.1053,0.0784,0.1535,1.1878,0.0973,16.44,2026-09-10
2008-02-14,,0.1059,0.0786,0.1543,1.1831,0.0978,16.68,2026-09-10
2008-02-15,,0.1056,0.0785,0.1547,1.1828,0.0978,16.72,2026-09-10
2008-02-18,,0.1059,0.0793,0.1555,1.1789,0.0983,16.77,2026-09-10
2008-02-19,,0.1057,0.0796,0.1554,1.1793,0.0982,16.75,2026-09-10
2008-02-20,,0.1044,0.0788,0.1536,1.1882,0.0971,16.56,2026-09-10
2008-02-21,,0.1039,0.0786,0.1531,1.1908,0.0968,16.56,2026-09-10
2008-02-22,,0.1036,0.0781,0.1535,1.1916,0.0966,16.5,2026-09-10
2008-02-25,,0.1042,0.0785,0.1545,1.1868,0.0972,16.58,2026-09-10
2008-02-26,,0.1043,0.0786,0.1546,1.1853,0.0974,16.68,2026-09-10
2008-02-27,,0.1045,0.0789,0.1568,1.1795,0.0981,16.78,2026-09-10
2008-02-28,,0.1045,0.0796,0.1578,1.1765,0.0984,16.77,2026-09-10
2008-02-29,,0.1028,0.0785,0.156,1.1883,0.0969,16.35,2026-09-10
2008-03-03,,0.0998,0.0766,0.1519,1.2116,0.0941,15.63,2026-09-10
2008-03-04,,0.1016,0.0778,0.1544,1.1976,0.0958,15.97,2026-09-10
2008-03-05,,0.1007,0.0771,0.153,1.2046,0.0949,15.83,2026-09-10
2008-03-06,,0.1015,0.078,0.1553,1.1946,0.0961,16.12,2026-09-10
2008-03-07,,0.0985,0.0754,0.1517,1.2171,0.0934,15.57,2026-09-10
2008-03-10,,0.0985,0.0751,0.1515,1.2184,0.0932,15.45,2026-09-10
2008-03-11,,0.0991,0.0757,0.1521,1.2139,0.0937,15.53,2026-09-10
2008-03-12,,0.1006,0.0767,0.1545,1.201,0.0952,15.91,2026-09-10
2008-03-13,,0.0986,0.0755,0.1533,1.2143,0.0936,15.34,2026-09-10
2008-03-14,,0.0981,0.0754,0.1533,1.2156,0.0935,15.37,2026-09-10
2008-03-17,,0.0957,0.0752,0.1513,1.2316,0.0916,14.73,2026-09-10
2008-03-18,,0.0959,0.0756,0.1514,1.2299,0.0918,14.72,2026-09-10
2008-03-19,,0.0971,0.0759,0.1524,1.2209,0.0928,15.14,2026-09-10
2008-03-20,,0.0967,0.076,0.1508,1.2264,0.0922,14.96,2026-09-10
2008-03-25,,0.0971,0.0758,0.1511,1.223,0.0925,15.14,2026-09-10
2008-03-26,,0.0973,0.0757,0.1516,1.2211,0.0927,15.2,2026-09-10
2008-03-27,,0.0962,0.0758,0.152,1.2244,0.0923,15.05,2026-09-10
2008-03-28,,0.0968,0.0762,0.1528,1.2192,0.0929,15.24,2026-09-10
2008-03-31,,0.0958,0.076,0.1512,1.2269,0.092,15.08,2026-09-10
2008-04-01,,0.0961,0.0762,0.1508,1.226,0.0921,15.08,2026-09-10
2008-04-02,,0.0978,0.077,0.1523,1.2135,0.0935,15.54,2026-09-10
2008-04-03,,0.0988,0.0777,0.1545,1.2028,0.0947,15.9,2026-09-10
2008-04-04,,0.0988,0.0775,0.1547,1.2027,0.0947,15.86,2026-09-10
2008-04-07,,0.0983,0.0775,0.154,1.2057,0.0943,15.79,2026-09-10
2008-04-08,,0.0983,0.0779,0.1547,1.2038,0.0945,15.83,2026-09-10
2008-04-09,,0.0985,0.0787,0.155,1.2013,0.0948,15.85,2026-09-10
2008-04-10,,0.0973,0.078,0.1541,1.2092,0.0939,15.55,2026-09-10
2008-04-11,,0.0981,0.0785,0.1548,1.2034,0.0945,15.78,2026-09-10
2008-04-14,,0.0977,0.0779,0.1537,1.2088,0.0939,15.52,2026-09-10
2008-04-15,,0.0973,0.0782,0.154,1.2085,0.0939,15.58,2026-09-10
2008-04-16,,0.0967,0.0779,0.1533,1.212,0.0934,15.58,2026-09-10
2008-04-17,,0.0966,0.0781,0.1539,1.2099,0.0937,15.72,2026-09-10
2008-04-18,,0.097,0.0775,0.1545,1.2073,0.0939,15.82,2026-09-10
2008-04-21,,0.098,0.0776,0.1549,1.2015,0.0946,16.11,2026-09-10
2008-04-22,,0.0975,0.0782,0.1547,1.2036,0.0943,15.93,2026-09-10
2008-04-23,,0.098,0.0787,0.1566,1.1965,0.0952,16.13,2026-09-10
2008-04-24,,0.0983,0.0788,0.1558,1.1965,0.0951,16.15,2026-09-10
2008-04-25,,0.0987,0.0783,0.1545,1.1983,0.0949,16.13,2026-09-10
2008-04-28,,0.0999,0.0789,0.1567,1.1879,0.0961,16.37,2026-09-10
2008-04-29,,0.1005,0.079,0.157,1.1852,0.0964,16.37,2026-09-10
2008-04-30,,0.1001,0.0794,0.156,1.1887,0.096,16.2,2026-09-10
2008-05-05,,0.101,0.079,0.1563,1.1841,0.0965,16.45,2026-09-10
2008-05-06,,0.1009,0.0793,0.1564,1.1841,0.0965,16.42,2026-09-10
2008-05-07,,0.1014,0.0798,0.157,1.1802,0.0969,16.5,2026-09-10
2008-05-08,,0.1014,0.0796,0.1554,1.1851,0.0963,16.23,2026-09-10
2008-05-09,,0.1009,0.0798,0.1558,1.1859,0.0962,16.09,2026-09-10
2008-05-12,,0.1007,0.0795,0.155,1.1886,0.0959,16.03,2026-09-10
2008-05-13,,0.1004,0.08,0.1561,1.1858,0.0962,16.19,2026-09-10
2008-05-14,,0.101,0.0803,0.1561,1.1826,0.0965,16.38,2026-09-10
2008-05-15,,0.1,0.0797,0.1552,1.1885,0.0958,16.25,2026-09-10
2008-05-16,,0.101,0.0804,0.1564,1.1815,0.0966,16.36,2026-09-10
2008-05-19,,0.101,0.0804,0.1574,1.1793,0.0969,16.37,2026-09-10
2008-05-20,,0.1004,0.08,0.1564,1.184,0.0963,16.25,2026-09-10
2008-05-21,,0.0991,0.079,0.1553,1.1923,0.0953,16.04,2026-09-10
2008-05-22,,0.0984,0.0788,0.1554,1.1942,0.095,16.03,2026-09-10
2008-05-23,,0.0992,0.0788,0.156,1.1894,0.0956,16.24,2026-09-10
2008-05-26,,0.0985,0.0784,0.1554,1.194,0.095,16.05,2026-09-10
2008-05-27,,0.0985,0.0785,0.1553,1.1936,0.095,16.12,2026-09-10
2008-05-28,,0.0982,0.0781,0.1545,1.1966,0.0946,16.06,2026-09-10
2008-05-29,,0.0999,0.079,0.1557,1.1863,0.0959,16.35,2026-09-10
2008-05-30,,0.101,0.0791,0.1564,1.1806,0.0965,16.48,2026-09-10
2008-06-02,,0.1001,0.0788,0.1554,1.1861,0.0958,16.37,2026-09-10
2008-06-03,,0.099,0.0785,0.154,1.194,0.0949,16.03,2026-09-10
2008-06-04,,0.0997,0.0786,0.1539,1.1908,0.0952,16.19,2026-09-10
2008-06-05,,0.0994,0.0787,0.1535,1.1925,0.095,16.19,2026-09-10
2008-06-06,,0.098,0.0781,0.1529,1.1984,0.0943,16.22,2026-09-10
2008-06-09,,0.097,0.0776,0.1529,1.2026,0.0938,16.1,2026-09-10
2008-06-10,,0.0975,0.0773,0.152,1.2026,0.0937,16.22,2026-09-10
2008-06-11,,0.0977,0.0775,0.1513,1.2024,0.0937,16.3,2026-09-10
2008-06-12,,0.0974,0.0769,0.1504,1.2068,0.0932,16.15,2026-09-10
2008-06-13,,0.0969,0.0768,0.1495,1.2101,0.0928,16.13,2026-09-10
2008-06-16,,0.0971,0.0765,0.1494,1.2096,0.0928,16.19,2026-09-10
2008-06-17,,0.0966,0.0762,0.15,1.21,0.0928,16.18,2026-09-10
2008-06-18,,0.0969,0.0769,0.1501,1.2074,0.0931,16.23,2026-09-10
2008-06-19,,0.0965,0.0766,0.1501,1.2094,0.0928,16.16,2026-09-10
2008-06-20,,0.0975,0.0768,0.1514,1.2023,0.0936,16.34,2026-09-10
2008-06-23,,0.0968,0.0765,0.1509,1.2062,0.0931,16.21,2026-09-10
2008-06-24,,0.0966,0.0763,0.1501,1.2086,0.0928,16.22,2026-09-10
2008-06-25,,0.0971,0.0767,0.151,1.2042,0.0933,16.3,2026-09-10
2008-06-26,,0.0972,0.0771,0.1523,1.1994,0.0939,16.47,2026-09-10
2008-06-27,,0.0965,0.0765,0.152,1.2042,0.0933,16.23,2026-09-10
2008-06-30,,0.0965,0.0764,0.1524,1.2039,0.0933,16.1,2026-09-10
2008-07-02,,0.0966,0.0765,0.1528,1.202,0.0935,16.21,2026-09-10
2008-07-03,,0.0964,0.0769,0.153,1.2013,0.0936,16.23,2026-09-10
2008-07-04,,0.0978,0.0776,0.1538,1.193,0.0945,16.44,2026-09-10
2008-07-07,,0.0985,0.078,0.1539,1.1898,0.0949,16.52,2026-09-10
2008-07-08,,0.0978,0.0779,0.1535,1.1934,0.0944,16.4,2026-09-10
2008-07-09,,0.0981,0.0782,0.1542,1.1896,0.0948,16.55,2026-09-10
2008-07-10,,0.0979,0.0778,0.1542,1.1907,0.0947,16.48,2026-09-10
2008-07-11,,0.0946,0.078,0.1541,1.1913,0.0946,16.53,2026-09-10
2008-07-14,,0.0976,0.0782,0.1551,1.1893,0.0948,16.51,2026-09-10
2008-07-15,,0.0977,0.0779,0.1557,1.1879,0.095,16.49,2026-09-10
2008-07-16,,0.0976,0.0775,0.1553,1.1906,0.0946,16.22,2026-09-10
2008-07-17,,0.0984,0.078,0.1559,1.185,0.0953,16.41,2026-09-10
2008-07-18,,0.0985,0.0782,0.1563,1.1826,0.0955,16.59,2026-09-10
2008-07-23,,0.0996,0.0788,0.157,1.1755,0.0964,16.9,2026-09-10
2008-07-24,,0.0993,0.078,0.1558,1.1801,0.0958,16.81,2026-09-10
2008-07-25,,0.0985,0.078,0.155,1.1852,0.0952,16.53,2026-09-10
2008-07-28,,0.0994,0.0786,0.1561,1.178,0.096,16.82,2026-09-10
2008-07-29,,0.0993,0.0784,0.1563,1.178,0.096,16.8,2026-09-10
2008-07-30,,0.1015,0.0799,0.1581,1.1646,0.0976,17.09,2026-09-10
2008-07-31,,0.1012,0.0797,0.1579,1.1663,0.0974,17.02,2026-09-10
2008-08-01,,0.1019,0.08,0.1586,1.1622,0.0979,17.06,2026-09-10
2008-08-04,,0.1025,0.0809,0.1595,1.157,0.0985,17.19,2026-09-10
2008-08-05,,0.1026,0.0815,0.1596,1.1553,0.0987,17.24,2026-09-10
2008-08-06,,0.1017,0.0806,0.1577,1.1631,0.0977,17.09,2026-09-10
2008-08-07,,0.1014,0.0804,0.1569,1.1653,0.0974,17.17,2026-09-10
2008-08-08,,0.1015,0.0801,0.1546,1.1707,0.0967,16.95,2026-09-10
2008-08-11,,0.1015,0.0793,0.1519,1.1778,0.0958,16.72,2026-09-10
2008-08-12,,0.1017,0.0795,0.151,1.1793,0.0956,16.64,2026-09-10
2008-08-13,,0.1011,0.0796,0.1511,1.1815,0.0953,16.43,2026-09-10
2008-08-14,,0.1009,0.0805,0.1503,1.1826,0.0952,16.45,2026-09-10
2008-08-15,,0.1015,0.0805,0.1497,1.1817,0.0952,16.5,2026-09-10
2008-08-18,,0.1021,0.0805,0.1506,1.1773,0.0958,16.59,2026-09-10
2008-08-19,,0.1033,0.0815,0.1512,1.171,0.0965,16.67,2026-09-10
2008-08-20,,0.1027,0.0813,0.1514,1.1725,0.0963,16.65,2026-09-10
2008-08-21,,0.1026,0.0813,0.1519,1.172,0.0963,16.53,2026-09-10
2008-08-22,,0.1024,0.0813,0.1525,1.1708,0.0965,16.61,2026-09-10
2008-08-25,,0.103,0.0823,0.1517,1.1691,0.0967,16.7,2026-09-10
2008-08-26,,0.1027,0.0818,0.1509,1.1728,0.0962,16.54,2026-09-10
2008-08-27,,0.1025,0.0818,0.1507,1.1739,0.096,16.46,2026-09-10
2008-08-28,,0.1027,0.0827,0.1518,1.1697,0.0965,16.54,2026-09-10
2008-08-29,,0.1029,0.083,0.1518,1.1685,0.0967,16.56,2026-09-10
2008-09-01,,0.1032,0.0837,0.1511,1.169,0.0966,16.39,2026-09-10
2008-09-02,,0.1034,0.0841,0.1505,1.17,0.0964,16.26,2026-09-10
2008-09-03,,0.1036,0.0844,0.1497,1.1703,0.0964,16.3,2026-09-10
2008-09-04,,0.1029,0.0839,0.1493,1.1744,0.0958,16.12,2026-09-10
2008-09-05,,0.1029,0.0836,0.1471,1.1813,0.095,15.73,2026-09-10
2008-09-08,,0.1043,0.0839,0.1497,1.1685,0.0965,16.25,2026-09-10
2008-09-09,,0.105,0.0843,0.1482,1.1708,0.0962,15.94,2026-09-10
2008-09-10,,0.1039,0.0834,0.1471,1.1776,0.0954,15.81,2026-09-10
2008-09-11,,0.1037,0.0827,0.1449,1.1849,0.0944,15.57,2026-09-10
2008-09-12,,0.1034,0.0823,0.1451,1.1854,0.0944,15.59,2026-09-10
2008-09-15,,0.102,0.0811,0.1465,1.1882,0.094,15.49,2026-09-10
2008-09-16,,0.1025,0.0814,0.1461,1.1885,0.094,15.23,2026-09-10
2008-09-17,,0.103,0.0817,0.1462,1.1851,0.0943,15.5,2026-09-10
2008-09-18,,0.1015,0.0799,0.1456,1.194,0.0933,15.22,2026-09-10
2008-09-19,,0.1026,0.0808,0.1459,1.1867,0.0941,15.6,2026-09-10
2008-09-22,,0.102,0.0806,0.1477,1.1836,0.0945,15.74,2026-09-10
2008-09-23,,0.1007,0.0803,0.1489,1.1854,0.0942,15.69,2026-09-10
2008-09-24,,0.0999,0.0791,0.1467,1.1944,0.0931,15.53,2026-09-10
2008-09-25,,0.0996,0.079,0.1467,1.1952,0.093,15.51,2026-09-10
2008-09-26,,0.1002,0.0797,0.1466,1.193,0.0933,15.52,2026-09-10
2008-09-29,,0.1012,0.0802,0.1462,1.1897,0.0936,15.54,2026-09-10
2008-10-02,,0.1029,0.0811,0.1436,1.1916,0.0934,15.18,2026-09-10
2008-10-03,,0.1023,0.0801,0.1418,1.1998,0.0924,14.94,2026-09-10
2008-10-06,,0.1031,0.0797,0.14,1.205,0.0918,14.46,2026-09-10
2008-10-07,,0.1019,0.0789,0.1385,1.214,0.0907,14.25,2026-09-10
2008-10-08,,0.0998,0.0775,0.1353,1.2344,0.0885,13.57,2026-09-10
2008-10-09,,0.099,0.0786,0.1354,1.2346,0.0884,13.66,2026-09-10
2008-10-10,,0.0981,0.0787,0.1327,1.2477,0.087,13.12,2026-09-10
2008-10-13,,0.0989,0.0785,0.1349,1.2365,0.0882,13.54,2026-09-10
2008-10-14,,0.0997,0.0779,0.1361,1.2286,0.089,13.94,2026-09-10
2008-10-17,,0.0949,0.0739,0.1281,1.2757,0.0841,12.99,2026-09-10
2008-10-21,,0.0942,0.0731,0.1255,1.2879,0.0829,12.74,2026-09-10
2008-10-22,,0.0937,0.0739,0.1205,1.3096,0.0808,11.98,2026-09-10
2008-10-28,,0.0969,0.0772,0.1216,1.2947,0.0821,11.63,2026-09-10
2008-10-29,,0.0975,0.0774,0.1242,1.2809,0.0834,12.04,2026-09-10
2008-10-30,,0.0986,0.0783,0.1298,1.2543,0.0861,12.79,2026-09-10
2008-10-31,,0.0986,0.0772,0.1259,1.2703,0.0844,12.28,2026-09-10
2008-11-03,,0.1001,0.0788,0.129,1.2506,0.0864,12.85,2026-09-10
2008-11-04,,0.0997,0.0802,0.1257,1.2627,0.0851,12.43,2026-09-10
2008-11-05,,0.1006,0.0817,0.13,1.2424,0.0872,12.96,2026-09-10
2008-11-06,,0.0996,0.0807,0.1279,1.2555,0.0858,12.52,2026-09-10
2008-11-07,,0.0988,0.0802,0.1258,1.2663,0.0847,12.26,2026-09-10
2008-11-10,,0.0991,0.0809,0.1272,1.2579,0.0856,12.58,2026-09-10
2008-11-11,,0.0985,0.08,0.1254,1.2678,0.0845,12.29,2026-09-10
2008-11-12,,0.0983,0.0801,0.1239,1.274,0.0839,12.11,2026-09-10
2008-11-13,,0.0976,0.0816,0.1218,1.2845,0.0829,11.69,2026-09-10
2008-11-14,,0.0979,0.0842,0.1246,1.2691,0.0844,12.11,2026-09-10
2008-11-17,,0.0991,0.0846,0.1246,1.2651,0.0847,12.08,2026-09-10
2008-11-18,,0.0984,0.0826,0.1241,1.2709,0.0841,12.0,2026-09-10
2008-11-19,,0.0984,0.0831,0.1243,1.2698,0.0842,12.01,2026-09-10
2008-11-20,,0.0971,0.0811,0.1213,1.2885,0.0824,11.54,2026-09-10
2008-11-21,,0.0964,0.0812,0.1209,1.2922,0.082,11.49,2026-09-10
2008-11-24,,0.0968,0.082,0.1226,1.2831,0.0829,11.68,2026-09-10
2008-11-25,,0.0977,0.0832,0.1255,1.2666,0.0845,12.1,2026-09-10
2008-11-26,,0.0982,0.0829,0.1274,1.26,0.0851,12.1,2026-09-10
2008-11-27,,0.0984,0.0826,0.1272,1.2597,0.0851,12.09,2026-09-10
2008-11-28,,0.0981,0.0822,0.1267,1.2623,0.0848,12.09,2026-09-10
2008-12-01,,0.099,0.0819,0.1256,1.2641,0.0846,11.96,2026-09-10
2008-12-02,,0.097,0.0822,0.1223,1.2851,0.0826,11.38,2026-09-10
2008-12-03,,0.0974,0.0832,0.1239,1.276,0.0834,11.56,2026-09-10
2008-12-04,,0.0982,0.0844,0.1244,1.2707,0.0839,11.57,2026-09-10
2008-12-05,,0.0976,0.0849,0.1247,1.2716,0.0838,11.51,2026-09-10
2008-12-08,,0.097,0.0839,0.1243,1.2749,0.0835,11.55,2026-09-10
2008-12-09,,0.0971,0.0843,0.1251,1.2715,0.0838,11.57,2026-09-10
2008-12-10,,0.0968,0.0848,0.1253,1.2707,0.0838,11.61,2026-09-10
2008-12-11,,0.0958,0.0841,0.1259,1.2727,0.0836,11.62,2026-09-10
2008-12-12,,0.095,0.0843,0.1262,1.2769,0.0832,11.31,2026-09-10
2008-12-15,,0.0941,0.0846,0.127,1.2748,0.0834,11.56,2026-09-10
2008-12-16,,0.0926,0.0831,0.1269,1.2819,0.0827,11.47,2026-09-10
2008-12-17,,0.0912,0.0821,0.1282,1.2847,0.0824,11.39,2026-09-10
2008-12-18,,0.0905,0.0841,0.1306,1.2779,0.083,11.51,2026-09-10
2008-12-19,,0.0923,0.0867,0.1312,1.2654,0.0842,11.71,2026-09-10
2008-12-22,,0.0934,0.0877,0.1309,1.2609,0.0847,11.77,2026-09-10
2008-12-23,,0.0928,0.0876,0.1299,1.2656,0.0842,11.73,2026-09-10
2008-12-24,,0.0935,0.0883,0.1307,1.2598,0.0847,11.81,2026-09-10
2008-12-29,,0.0923,0.0891,0.1309,1.2622,0.0845,11.85,2026-09-10
2008-12-30,,0.0941,0.0913,0.1319,1.2511,0.0856,11.92,2026-09-10
2008-12-31,,0.0944,0.0921,0.133,1.2455,0.0861,12.0,2026-09-10
2009-01-05,,0.0948,0.0909,0.1319,1.2467,0.086,12.13,2026-09-10
2009-01-06,,0.0977,0.0904,0.132,1.2361,0.0871,12.29,2026-09-10
2009-01-07,,0.0977,0.0885,0.1321,1.2363,0.0871,12.39,2026-09-10
2009-01-08,,0.0952,0.0862,0.1298,1.2557,0.085,11.97,2026-09-10
2009-01-09,,0.0952,0.0855,0.1301,1.2562,0.085,11.86,2026-09-10
2009-01-12,,0.0953,0.0847,0.1277,1.2664,0.0839,11.51,2026-09-10
2009-01-13,,0.0949,0.0854,0.1259,1.2746,0.0831,11.25,2026-09-10
2009-01-14,,0.0961,0.0875,0.1277,1.2617,0.0843,11.46,2026-09-10
2009-01-15,,0.0948,0.0856,0.1251,1.2776,0.0828,11.12,2026-09-10
2009-01-16,,0.0961,0.0857,0.1275,1.2624,0.0842,11.52,2026-09-10
2009-01-19,,0.0955,0.0856,0.1274,1.2641,0.084,11.57,2026-09-10
2009-01-20,,0.0961,0.0878,0.1249,1.2701,0.0834,11.29,2026-09-10
2009-01-21,,0.0961,0.0894,0.1245,1.2707,0.0834,11.19,2026-09-10
2009-01-22,,0.0971,0.0909,0.1265,1.2592,0.0845,11.3,2026-09-10
2009-01-23,,0.097,0.0912,0.1253,1.2649,0.0839,11.09,2026-09-10
2009-01-26,,0.0961,0.0913,0.1241,1.2714,0.0832,11.03,2026-09-10
2009-01-27,,0.0957,0.09,0.1265,1.2637,0.084,11.31,2026-09-10
2009-01-28,,0.0955,0.0888,0.1266,1.2652,0.0838,11.29,2026-09-10
2009-01-29,,0.0966,0.0896,0.1266,1.2601,0.0843,11.38,2026-09-10
2009-01-30,,0.0972,0.088,0.1255,1.2639,0.0839,11.22,2026-09-10
2009-02-02,,0.0973,0.0861,0.1238,1.2714,0.0831,11.09,2026-09-10
2009-02-03,,0.0971,0.0879,0.1248,1.2662,0.0836,11.18,2026-09-10
2009-02-04,,0.0968,0.0875,0.1263,1.2617,0.084,11.31,2026-09-10
2009-02-05,,0.0978,0.087,0.1256,1.2619,0.084,11.24,2026-09-10
2009-02-06,,0.0991,0.0866,0.1267,1.2518,0.085,11.52,2026-09-10
2009-02-09,,0.0995,0.0871,0.1283,1.2442,0.0858,11.68,2026-09-10
2009-02-10,,0.0998,0.0865,0.1283,1.2433,0.0858,11.72,2026-09-10
2009-02-11,,0.0978,0.0875,0.1263,1.2571,0.0844,11.36,2026-09-10
2009-02-12,,0.0983,0.0883,0.1269,1.2524,0.0849,11.43,2026-09-10
2009-02-13,,0.0977,0.0878,0.1262,1.2558,0.0845,11.49,2026-09-10
2009-02-16,,0.0982,0.0882,0.1252,1.2569,0.0844,11.49,2026-09-10
2009-02-17,,0.0981,0.0873,0.1241,1.2609,0.084,11.47,2026-09-10
2009-02-18,,0.0982,0.0869,0.1238,1.2618,0.0838,11.44,2026-09-10
2009-02-19,,0.0983,0.0867,0.1238,1.2603,0.084,11.57,2026-09-10
2009-02-20,,0.0982,0.0869,0.1237,1.2597,0.084,11.64,2026-09-10
2009-02-23,,0.0973,0.0865,0.1257,1.2565,0.0843,11.69,2026-09-10
2009-02-24,,0.098,0.0857,0.1248,1.2556,0.0844,11.89,2026-09-10
2009-02-25,,0.0982,0.0867,0.126,1.2475,0.0852,12.23,2026-09-10
2009-02-26,,0.0986,0.0881,0.1252,1.2471,0.0852,12.25,2026-09-10
2009-02-27,,0.0987,0.0879,0.1256,1.2455,0.0854,12.28,2026-09-10
2009-03-02,,0.0976,0.0863,0.1229,1.2601,0.0839,11.98,2026-09-10
2009-03-03,,0.0962,0.0863,0.1218,1.2684,0.083,11.88,2026-09-10
2009-03-04,,0.096,0.0856,0.12,1.2754,0.0823,11.82,2026-09-10
2009-03-05,,0.0963,0.0858,0.1213,1.2679,0.083,12.06,2026-09-10
2009-03-06,,0.0958,0.0851,0.1209,1.2731,0.0825,11.84,2026-09-10
2009-03-09,,0.096,0.086,0.1213,1.2697,0.0828,11.92,2026-09-10
2009-03-10,,0.0953,0.0878,0.1211,1.2707,0.0827,11.91,2026-09-10
2009-03-11,,0.0965,0.0891,0.122,1.2624,0.0835,12.0,2026-09-10
2009-03-12,,0.0967,0.0894,0.1237,1.257,0.084,11.92,2026-09-10
2009-03-13,,0.0969,0.09,0.1252,1.2482,0.0849,12.26,2026-09-10
2009-03-16,,0.097,0.0892,0.1252,1.2483,0.0848,12.29,2026-09-10
2009-03-17,,0.0968,0.0892,0.1259,1.2455,0.0851,12.43,2026-09-10
2009-03-18,,0.0966,0.0897,0.1261,1.2451,0.0851,12.42,2026-09-10
2009-03-19,,0.0954,0.0904,0.1284,1.2427,0.0853,12.27,2026-09-10
2009-03-20,,0.0943,0.0891,0.1287,1.247,0.0849,12.18,2026-09-10
2009-03-23,,0.0948,0.0891,0.1297,1.2401,0.0856,12.48,2026-09-10
2009-03-24,,0.0956,0.0888,0.1306,1.2322,0.0864,12.82,2026-09-10
2009-03-25,,0.0958,0.088,0.1292,1.2375,0.0858,12.61,2026-09-10
2009-03-26,,0.0958,0.0891,0.1302,1.2327,0.0863,12.73,2026-09-10
2009-03-27,,0.096,0.0902,0.1303,1.2303,0.0865,12.79,2026-09-10
2009-03-30,,0.0962,0.0897,0.1272,1.242,0.0852,12.31,2026-09-10
2009-03-31,,0.0967,0.0896,0.1281,1.2355,0.0859,12.58,2026-09-10
2009-04-01,,0.0974,0.0899,0.1285,1.2309,0.0864,12.69,2026-09-10
2009-04-02,,0.0984,0.0897,0.1309,1.2196,0.0875,12.92,2026-09-10
2009-04-03,,0.0988,0.0904,0.1325,1.2117,0.0884,13.18,2026-09-10
2009-04-06,,0.0985,0.0895,0.1335,1.2083,0.0887,13.45,2026-09-10
2009-04-07,,0.099,0.0902,0.1324,1.21,0.0885,13.3,2026-09-10
2009-04-08,,0.0994,0.0894,0.1311,1.2141,0.088,13.08,2026-09-10
2009-04-09,,0.0999,0.0901,0.1327,1.2063,0.0889,13.28,2026-09-10
2009-04-14,,0.0997,0.0893,0.1326,1.208,0.0886,13.22,2026-09-10
2009-04-15,,0.0998,0.0889,0.132,1.2115,0.0882,12.97,2026-09-10
2009-04-16,,0.1004,0.0884,0.1326,1.2068,0.0887,13.13,2026-09-10
2009-04-17,,0.1021,0.0902,0.1336,1.1966,0.0898,13.3,2026-09-10
2009-04-20,,0.1023,0.0904,0.1329,1.1983,0.0896,13.15,2026-09-10
2009-04-21,,0.1022,0.0909,0.1321,1.2014,0.0892,12.98,2026-09-10
2009-04-22,,0.1027,0.0907,0.1329,1.1972,0.0897,13.08,2026-09-10
2009-04-23,,0.1027,0.0919,0.1339,1.1929,0.0901,13.13,2026-09-10
2009-04-24,,0.1017,0.0913,0.1339,1.1974,0.0896,12.97,2026-09-10
2009-04-27,,0.1023,0.0923,0.1345,1.1929,0.0901,13.01,2026-09-10
2009-04-28,,0.1034,0.0924,0.1346,1.1902,0.0904,12.9,2026-09-10
2009-04-29,,0.1037,0.093,0.1368,1.1804,0.0915,13.25,2026-09-10
2009-04-30,,0.1037,0.0932,0.1382,1.1749,0.0921,13.46,2026-09-10
2009-05-04,,0.1044,0.093,0.1389,1.1688,0.0928,13.81,2026-09-10
2009-05-05,,0.1048,0.0933,0.1399,1.1652,0.0932,13.83,2026-09-10
2009-05-06,,0.1041,0.092,0.1383,1.1732,0.0922,13.58,2026-09-10
2009-05-07,,0.1052,0.0923,0.1396,1.1652,0.0931,13.78,2026-09-10
2009-05-08,,0.1039,0.0927,0.1394,1.1683,0.0927,13.83,2026-09-10
2009-05-11,,0.1032,0.0925,0.1409,1.1664,0.0929,13.88,2026-09-10
2009-05-12,,0.102,0.0919,0.1387,1.1779,0.0916,13.49,2026-09-10
2009-05-13,,0.1023,0.0915,0.14,1.174,0.092,13.52,2026-09-10
2009-05-14,,0.102,0.0914,0.1384,1.1805,0.0912,13.24,2026-09-10
2009-05-15,,0.102,0.0912,0.1388,1.1791,0.0913,13.28,2026-09-10
2009-05-18,,0.1014,0.0901,0.1365,1.1892,0.0901,12.96,2026-09-10
2009-05-19,,0.102,0.0901,0.1382,1.1805,0.0911,13.33,2026-09-10
2009-05-20,,0.1022,0.0898,0.139,1.1782,0.0913,13.3,2026-09-10
2009-05-22,,0.1014,0.089,0.1413,1.1754,0.0917,13.32,2026-09-10
2009-05-25,,0.101,0.089,0.1416,1.1747,0.0917,13.46,2026-09-10
2009-05-26,,0.1013,0.0889,0.1415,1.1744,0.0917,13.4,2026-09-10
2009-05-27,,0.1013,0.0886,0.1412,1.1747,0.0917,13.45,2026-09-10
2009-05-28,,0.103,0.0894,0.1425,1.1639,0.0929,13.77,2026-09-10
2009-05-29,,0.1033,0.0902,0.1446,1.1558,0.0939,13.99,2026-09-10
2009-06-01,,0.1028,0.0897,0.1454,1.1565,0.0938,13.85,2026-09-10
2009-06-02,,0.1021,0.088,0.1442,1.1622,0.093,13.89,2026-09-10
2009-06-03,,0.1014,0.0873,0.1448,1.1631,0.0929,13.9,2026-09-10
2009-06-04,,0.1015,0.0885,0.144,1.1638,0.0928,13.85,2026-09-10
2009-06-05,,0.1018,0.0899,0.1445,1.1594,0.0933,13.98,2026-09-10
2009-06-08,,0.1026,0.0902,0.1431,1.159,0.0933,14.09,2026-09-10
2009-06-09,,0.1024,0.0886,0.1424,1.1631,0.0928,13.97,2026-09-10
2009-06-10,,0.1022,0.088,0.1442,1.1595,0.0932,14.06,2026-09-10
2009-06-11,,0.1026,0.0877,0.144,1.1586,0.0933,14.1,2026-09-10
2009-06-12,,0.1028,0.0874,0.1448,1.1557,0.0936,14.19,2026-09-10
2009-06-15,,0.1031,0.0877,0.1432,1.1585,0.0932,14.11,2026-09-10
2009-06-16,,0.1036,0.0879,0.1434,1.1583,0.0932,13.8,2026-09-10
2009-06-17,,0.1036,0.0875,0.1441,1.156,0.0935,13.94,2026-09-10
2009-06-18,,0.1029,0.0876,0.1436,1.1598,0.093,13.77,2026-09-10
2009-06-19,,0.1024,0.0873,0.1426,1.1631,0.0926,13.81,2026-09-10
2009-06-22,,0.1029,0.0868,0.1427,1.1625,0.0926,13.71,2026-09-10
2009-06-23,,0.102,0.0868,0.1413,1.1698,0.0917,13.43,2026-09-10
2009-06-24,,0.1013,0.0867,0.143,1.1661,0.0921,13.66,2026-09-10
2009-06-25,,0.1027,0.0874,0.1435,1.1591,0.0929,13.82,2026-09-10
2009-06-26,,0.1028,0.0879,0.1444,1.156,0.0933,13.85,2026-09-10
2009-06-29,,0.1035,0.0881,0.1448,1.153,0.0936,13.82,2026-09-10
2009-06-30,,0.1041,0.088,0.1473,1.1442,0.0947,14.1,2026-09-10
2009-07-02,,0.1039,0.0892,0.1467,1.1443,0.0946,14.17,2026-09-10
2009-07-03,,0.104,0.0888,0.1458,1.147,0.0943,14.01,2026-09-10
2009-07-06,,0.1035,0.089,0.1446,1.1521,0.0936,13.8,2026-09-10
2009-07-07,,0.1035,0.0891,0.1443,1.1528,0.0935,13.74,2026-09-10
2009-07-08,,0.1028,0.0887,0.1425,1.1611,0.0925,13.42,2026-09-10
2009-07-09,,0.1023,0.0884,0.1425,1.1638,0.0921,13.28,2026-09-10
2009-07-10,,0.1022,0.0876,0.1428,1.1638,0.0921,13.26,2026-09-10
2009-07-13,,0.1015,0.0877,0.1413,1.1704,0.0913,13.04,2026-09-10
2009-07-14,,0.1019,0.0877,0.1428,1.1638,0.0921,13.31,2026-09-10
2009-07-15,,0.1014,0.0868,0.1424,1.1665,0.0917,13.31,2026-09-10
2009-07-16,,0.1015,0.0872,0.1428,1.1639,0.092,13.43,2026-09-10
2009-07-17,,0.1017,0.0877,0.1435,1.1611,0.0923,13.45,2026-09-10
2009-07-22,,0.1031,0.0895,0.1463,1.1476,0.0939,13.69,2026-09-10
2009-07-23,,0.104,0.0898,0.1484,1.138,0.0951,13.99,2026-09-10
2009-07-24,,0.1041,0.0894,0.1477,1.1396,0.0948,13.99,2026-09-10
2009-07-27,,0.1035,0.0895,0.1475,1.1412,0.0946,13.99,2026-09-10
2009-07-28,,0.1032,0.0891,0.1473,1.1424,0.0944,14.02,2026-09-10
2009-07-29,,0.1026,0.0886,0.145,1.1517,0.0933,13.65,2026-09-10
2009-07-30,,0.1037,0.0887,0.1458,1.1453,0.094,13.86,2026-09-10
2009-07-31,,0.104,0.0888,0.147,1.1404,0.0946,14.0,2026-09-10
2009-08-03,,0.1034,0.088,0.1473,1.1427,0.0943,13.93,2026-09-10
2009-08-04,,0.1024,0.087,0.1476,1.1446,0.094,14.03,2026-09-10
2009-08-05,,0.1014,0.0862,0.1459,1.1527,0.093,13.86,2026-09-10
2009-08-06,,0.101,0.0856,0.1456,1.1547,0.0927,13.86,2026-09-10
2009-08-07,,0.1002,0.0858,0.1438,1.1617,0.0919,13.71,2026-09-10
2009-08-10,,0.1016,0.0865,0.1442,1.1537,0.0928,14.02,2026-09-10
2009-08-11,,0.1012,0.0869,0.1432,1.1573,0.0924,13.87,2026-09-10
2009-08-12,,0.1008,0.0865,0.1424,1.1623,0.0917,13.61,2026-09-10
2009-08-13,,0.1011,0.0869,0.1441,1.1553,0.0925,13.87,2026-09-10
2009-08-14,,0.1008,0.0868,0.1439,1.1575,0.0922,13.71,2026-09-10
2009-08-17,,0.1007,0.0868,0.1423,1.163,0.0916,13.45,2026-09-10
2009-08-18,,0.1012,0.0872,0.1429,1.1588,0.092,13.59,2026-09-10
2009-08-19,,0.1015,0.0868,0.1432,1.1579,0.0921,13.51,2026-09-10
2009-08-20,,0.1017,0.0874,0.1448,1.1518,0.0928,13.68,2026-09-10
2009-08-21,,0.1019,0.0881,0.145,1.1508,0.0929,13.58,2026-09-10
2009-08-24,,0.1025,0.089,0.1467,1.1423,0.0939,13.92,2026-09-10
2009-08-25,,0.1021,0.089,0.146,1.1459,0.0935,13.72,2026-09-10
2009-08-26,,0.1024,0.0897,0.1465,1.1427,0.0938,13.8,2026-09-10
2009-08-27,,0.1022,0.0898,0.1456,1.1459,0.0934,13.65,2026-09-10
2009-08-28,,0.102,0.0899,0.1464,1.144,0.0936,13.72,2026-09-10
2009-08-31,,0.1026,0.0903,0.1463,1.1429,0.0937,13.58,2026-09-10
2009-09-01,,0.1025,0.0902,0.1473,1.1401,0.094,13.71,2026-09-10
2009-09-02,,0.1024,0.09,0.1456,1.1451,0.0934,13.53,2026-09-10
2009-09-03,,0.1028,0.09,0.1468,1.1411,0.0939,13.56,2026-09-10
2009-09-04,,0.1037,0.0906,0.1479,1.1347,0.0946,13.7,2026-09-10
2009-09-07,,0.1038,0.0907,0.1488,1.1312,0.095,13.87,2026-09-10
2009-09-08,,0.104,0.0912,0.1494,1.129,0.0953,13.83,2026-09-10
2009-09-09,,0.1034,0.0906,0.15,1.1294,0.0952,13.87,2026-09-10
2009-09-10,,0.1028,0.0905,0.1498,1.1318,0.0949,13.8,2026-09-10
2009-09-11,,0.1026,0.0897,0.15,1.1331,0.0947,13.68,2026-09-10
2009-09-14,,0.1033,0.0906,0.1501,1.1305,0.095,13.6,2026-09-10
2009-09-15,,0.1033,0.0908,0.1512,1.127,0.0954,13.76,2026-09-10
2009-09-16,,0.1037,0.0924,0.1523,1.1221,0.096,13.79,2026-09-10
2009-09-17,,0.1038,0.0926,0.153,1.1191,0.0964,13.92,2026-09-10
2009-09-18,,0.1026,0.0923,0.1511,1.1272,0.0953,13.77,2026-09-10
2009-09-21,,0.1025,0.093,0.1503,1.1279,0.0952,13.83,2026-09-10
2009-09-22,,0.1026,0.0929,0.1511,1.1258,0.0954,13.83,2026-09-10
2009-09-23,,0.1028,0.0929,0.1522,1.1229,0.0958,13.82,2026-09-10
2009-09-24,,0.1025,0.0923,0.151,1.127,0.0952,13.71,2026-09-10
2009-09-25,,0.1027,0.0943,0.151,1.1252,0.0954,13.68,2026-09-10
2009-09-28,,0.1031,0.0951,0.1506,1.1259,0.0953,13.44,2026-09-10
2009-09-29,,0.1036,0.0952,0.1514,1.1212,0.0959,13.63,2026-09-10
2009-10-02,,0.1015,0.0928,0.1478,1.1386,0.0937,13.23,2026-09-10
2009-10-05,,0.1017,0.093,0.1489,1.1344,0.0941,13.37,2026-09-10
2009-10-06,,0.1024,0.0944,0.1508,1.1271,0.095,13.43,2026-09-10
2009-10-07,,0.1029,0.0954,0.1515,1.1233,0.0955,13.41,2026-09-10
2009-10-08,,0.1032,0.0953,0.1523,1.1204,0.0958,13.46,2026-09-10
2009-10-09,,0.103,0.0947,0.1517,1.122,0.0956,13.52,2026-09-10
2009-10-12,,0.1025,0.0952,0.1506,1.1246,0.0952,13.59,2026-09-10
2009-10-13,,0.1029,0.0965,0.1522,1.1183,0.096,13.68,2026-09-10
2009-10-14,,0.1031,0.096,0.1534,1.1158,0.0963,13.67,2026-09-10
2009-10-15,,0.1029,0.0957,0.1539,1.1146,0.0964,13.76,2026-09-10
2009-10-19,,0.1022,0.0934,0.1523,1.1206,0.0956,13.83,2026-09-10
2009-10-20,,0.1023,0.0933,0.1532,1.1187,0.0958,13.81,2026-09-10
2009-10-21,,0.1017,0.0926,0.1519,1.1235,0.0952,13.78,2026-09-10
2009-10-22,,0.1009,0.0912,0.1513,1.1275,0.0947,13.82,2026-09-10
2009-10-23,,0.101,0.0911,0.1515,1.1263,0.0948,13.91,2026-09-10
2009-10-26,,0.1004,0.0926,0.1509,1.1279,0.0946,13.86,2026-09-10
2009-10-27,,0.1004,0.0916,0.1497,1.1314,0.0941,13.77,2026-09-10
2009-10-28,,0.1001,0.0907,0.1483,1.1373,0.0933,13.55,2026-09-10
2009-10-29,,0.0994,0.0894,0.1464,1.1462,0.0922,13.23,2026-09-10
2009-10-30,,0.0995,0.0892,0.1475,1.1423,0.0927,13.41,2026-09-10
2009-11-02,,0.0985,0.0884,0.1455,1.1523,0.0915,13.09,2026-09-10
2009-11-03,,0.0985,0.0889,0.1457,1.1507,0.0916,13.15,2026-09-10
2009-11-04,,0.0999,0.0896,0.1472,1.1414,0.0927,13.31,2026-09-10
2009-11-05,,0.0999,0.0898,0.1483,1.138,0.0931,13.42,2026-09-10
2009-11-06,,0.1004,0.0899,0.1493,1.1337,0.0936,13.52,2026-09-10
2009-11-09,,0.1008,0.09,0.1505,1.1296,0.0941,13.55,2026-09-10
2009-11-10,,0.1009,0.0907,0.1511,1.1271,0.0944,13.57,2026-09-10
2009-11-11,,0.1013,0.0907,0.1517,1.1242,0.0947,13.62,2026-09-10
2009-11-12,,0.1011,0.0915,0.1516,1.1242,0.0947,13.62,2026-09-10
2009-11-13,,0.1014,0.0908,0.1507,1.1256,0.0945,13.6,2026-09-10
2009-11-16,,0.1013,0.0907,0.1516,1.124,0.0946,13.58,2026-09-10
2009-11-17,,0.1016,0.0903,0.1518,1.1232,0.0947,13.53,2026-09-10
2009-11-18,,0.1015,0.0899,0.1511,1.1256,0.0944,13.48,2026-09-10
2009-11-19,,0.101,0.0902,0.1507,1.1274,0.0941,13.43,2026-09-10
2009-11-20,,0.1006,0.0902,0.1502,1.1301,0.0938,13.33,2026-09-10
2009-11-23,,0.1003,0.0905,0.1498,1.1313,0.0936,13.31,2026-09-10
2009-11-24,,0.1005,0.0906,0.1501,1.13,0.0937,13.32,2026-09-10
2009-11-25,,0.1011,0.0911,0.1515,1.1245,0.0944,13.38,2026-09-10
2009-11-26,,0.1011,0.0915,0.1527,1.1227,0.0946,13.25,2026-09-10
2009-11-27,,0.1002,0.0912,0.1495,1.1341,0.0931,12.86,2026-09-10
2009-11-30,,0.1012,0.0921,0.1523,1.123,0.0945,13.14,2026-09-10
2009-12-01,,0.1009,0.0922,0.1514,1.1245,0.0943,13.23,2026-09-10
2009-12-02,,0.1015,0.0923,0.1532,1.1183,0.095,13.33,2026-09-10
2009-12-03,,0.1013,0.0916,0.1529,1.119,0.0949,13.44,2026-09-10
2009-12-04,,0.1007,0.0917,0.1517,1.1231,0.0944,13.38,2026-09-10
2009-12-07,,0.1013,0.0914,0.1508,1.1219,0.0945,13.57,2026-09-10
2009-12-08,,0.1015,0.0919,0.1506,1.1224,0.0944,13.4,2026-09-10
2009-12-09,,0.1014,0.0919,0.1491,1.1273,0.0938,13.16,2026-09-10
2009-12-10,,0.1012,0.0917,0.149,1.1284,0.0936,13.09,2026-09-10
2009-12-11,,0.1014,0.0916,0.1494,1.1255,0.0939,13.28,2026-09-10
2009-12-14,,0.1021,0.0919,0.1499,1.1221,0.0943,13.28,2026-09-10
2009-12-15,,0.1027,0.0923,0.1503,1.1186,0.0948,13.36,2026-09-10
2009-12-16,,0.103,0.0921,0.1499,1.1183,0.0948,13.41,2026-09-10
2009-12-17,,0.1036,0.0919,0.1492,1.1174,0.0948,13.45,2026-09-10
2009-12-18,,0.1033,0.0918,0.1485,1.1207,0.0944,13.31,2026-09-10
2009-12-21,,0.1031,0.0916,0.1479,1.1216,0.0943,13.38,2026-09-10
2009-12-22,,0.1021,0.0908,0.1459,1.1295,0.0932,13.32,2026-09-10
2009-12-23,,0.1025,0.0916,0.1461,1.1263,0.0936,13.4,2026-09-10
2009-12-24,,0.1028,0.0922,0.1475,1.1217,0.0942,13.47,2026-09-10
2009-12-28,,0.103,0.0929,0.1483,1.1181,0.0946,13.57,2026-09-10
2009-12-29,,0.1034,0.0928,0.1486,1.1156,0.0949,13.63,2026-09-10
2009-12-30,,0.1042,0.094,0.1494,1.1104,0.0955,13.74,2026-09-10
2009-12-31,,0.1043,0.0932,0.1499,1.1086,0.0957,13.85,2026-09-10
2010-01-04,,0.1043,0.0926,0.149,1.1105,0.0955,13.84,2026-09-10
2010-01-05,,0.105,0.0942,0.1518,1.1013,0.0966,13.93,2026-09-10
2010-01-06,,0.1048,0.0941,0.1504,1.1049,0.0961,13.84,2026-09-10
2010-01-07,,0.1048,0.0944,0.1507,1.1035,0.0963,13.89,2026-09-10
2010-01-08,,0.1042,0.0935,0.1492,1.1082,0.0956,13.93,2026-09-10
2010-01-11,,0.1041,0.0939,0.1511,1.1042,0.0961,13.94,2026-09-10
2010-01-12,,0.1035,0.0932,0.1501,1.1088,0.0955,13.84,2026-09-10
2010-01-13,,0.1032,0.0923,0.1496,1.1124,0.095,13.63,2026-09-10
2010-01-14,,0.1034,0.0923,0.1502,1.1097,0.0953,13.77,2026-09-10
2010-01-15,,0.1038,0.0917,0.1498,1.1105,0.0952,13.64,2026-09-10
2010-01-18,,0.104,0.0918,0.1494,1.1109,0.0951,13.58,2026-09-10
2010-01-19,,0.1042,0.0914,0.15,1.1095,0.0953,13.57,2026-09-10
2010-01-20,,0.105,0.0914,0.149,1.1089,0.0953,13.59,2026-09-10
2010-01-21,,0.1049,0.0908,0.1478,1.1121,0.0949,13.53,2026-09-10
2010-01-22,,0.1044,0.0909,0.1476,1.1154,0.0945,13.29,2026-09-10
2010-01-25,,0.1039,0.0912,0.1472,1.1169,0.0942,13.28,2026-09-10
2010-01-26,,0.1039,0.0903,0.1464,1.1203,0.0938,13.13,2026-09-10
2010-01-27,,0.1045,0.0911,0.1471,1.1164,0.0942,13.13,2026-09-10
2010-01-28,,0.1049,0.0907,0.1469,1.1149,0.0944,13.25,2026-09-10
2010-01-29,,0.105,0.0907,0.1463,1.1166,0.0942,13.15,2026-09-10
2010-02-01,,0.1055,0.0918,0.1464,1.1134,0.0945,13.21,2026-09-10
2010-02-02,,0.106,0.0925,0.1476,1.1075,0.0953,13.4,2026-09-10
2010-02-03,,0.1061,0.0925,0.1483,1.1055,0.0955,13.42,2026-09-10
2010-02-04,,0.106,0.0926,0.1471,1.1085,0.0951,13.38,2026-09-10
2010-02-05,,0.106,0.0924,0.1453,1.1147,0.0943,13.03,2026-09-10
2010-02-08,,0.1058,0.0926,0.1443,1.1179,0.0938,12.89,2026-09-10
2010-02-09,,0.1058,0.0928,0.1449,1.1156,0.0941,12.96,2026-09-10
2010-02-10,,0.1056,0.0927,0.1453,1.1147,0.0942,13.03,2026-09-10
2010-02-11,,0.1054,0.0929,0.1452,1.115,0.0941,13.06,2026-09-10
2010-02-12,,0.1064,0.0926,0.1454,1.112,0.0945,13.05,2026-09-10
2010-02-15,,0.1064,0.0924,0.1446,1.1137,0.0942,13.03,2026-09-10
2010-02-16,,0.106,0.0921,0.1446,1.1149,0.094,12.99,2026-09-10
2010-02-17,,0.1055,0.0921,0.1453,1.1134,0.0942,13.13,2026-09-10
2010-02-18,,0.1069,0.0927,0.1452,1.1091,0.0947,13.19,2026-09-10
2010-02-19,,0.1072,0.0938,0.1443,1.1088,0.0947,13.26,2026-09-10
2010-02-22,,0.1064,0.0938,0.1451,1.1084,0.0948,13.31,2026-09-10
2010-02-23,,0.1059,0.093,0.1443,1.1128,0.0942,13.15,2026-09-10
2010-02-24,,0.106,0.0929,0.1435,1.1158,0.0938,12.95,2026-09-10
2010-02-25,,0.1063,0.0934,0.1431,1.1166,0.0936,12.8,2026-09-10
2010-02-26,,0.1059,0.0941,0.1439,1.1148,0.0938,12.86,2026-09-10
2010-03-01,,0.1061,0.0953,0.1444,1.1117,0.0942,12.89,2026-09-10
2010-03-02,,0.107,0.097,0.1449,1.1068,0.0948,12.94,2026-09-10
2010-03-03,,0.1069,0.097,0.1457,1.1048,0.095,12.95,2026-09-10
2010-03-04,,0.1072,0.0973,0.1465,1.102,0.0954,12.93,2026-09-10
2010-03-05,,0.108,0.0975,0.1466,1.0985,0.0958,13.09,2026-09-10
2010-03-08,,0.1079,0.0973,0.1475,1.0949,0.0962,13.34,2026-09-10
2010-03-09,,0.1083,0.0981,0.1475,1.0939,0.0963,13.27,2026-09-10
2010-03-10,,0.1085,0.0985,0.1476,1.0924,0.0965,13.29,2026-09-10
2010-03-11,,0.1079,0.0984,0.1473,1.0942,0.0963,13.31,2026-09-10
2010-03-12,,0.1076,0.0978,0.1475,1.0943,0.0962,13.37,2026-09-10
2010-03-15,,0.1074,0.0973,0.1474,1.0953,0.096,13.36,2026-09-10
2010-03-16,,0.1079,0.0982,0.1477,1.093,0.0963,13.31,2026-09-10
2010-03-17,,0.1076,0.0975,0.1483,1.0917,0.0965,13.43,2026-09-10
2010-03-18,,0.1087,0.0972,0.1487,1.0887,0.0968,13.4,2026-09-10
2010-03-19,,0.1092,0.0978,0.1486,1.0865,0.0971,13.44,2026-09-10
2010-03-22,,0.1093,0.0987,0.1476,1.0884,0.0968,13.35,2026-09-10
2010-03-23,,0.1095,0.0982,0.148,1.087,0.097,13.37,2026-09-10
2010-03-24,,0.1101,0.0987,0.1478,1.0854,0.0972,13.38,2026-09-10
2010-03-25,,0.1103,0.0986,0.1467,1.0859,0.0971,13.51,2026-09-10
2010-03-26,,0.1095,0.0983,0.1462,1.0887,0.0967,13.53,2026-09-10
2010-03-29,,0.1092,0.0981,0.1467,1.0879,0.0967,13.59,2026-09-10
2010-03-30,,0.1089,0.0978,0.1472,1.0875,0.0968,13.62,2026-09-10
2010-03-31,,0.1097,0.0977,0.1472,1.0847,0.0971,13.72,2026-09-10
2010-04-01,,0.1099,0.0975,0.1484,1.0807,0.0976,13.88,2026-09-10
2010-04-06,,0.1106,0.0976,0.1485,1.0779,0.098,13.96,2026-09-10
2010-04-07,,0.1111,0.0975,0.1486,1.0763,0.0982,13.96,2026-09-10
2010-04-08,,0.1108,0.0972,0.1476,1.0805,0.0976,13.76,2026-09-10
2010-04-09,,0.1112,0.0972,0.1487,1.0758,0.0982,13.93,2026-09-10
2010-04-12,,0.1096,0.0967,0.1494,1.0785,0.0978,13.93,2026-09-10
2010-04-13,,0.1092,0.0965,0.1484,1.0822,0.0973,13.78,2026-09-10
2010-04-14,,0.109,0.0965,0.1488,1.0809,0.0974,13.9,2026-09-10
2010-04-15,,0.1085,0.0954,0.148,1.0851,0.0968,13.8,2026-09-10
2010-04-16,,0.109,0.0957,0.1475,1.0852,0.0968,13.66,2026-09-10
2010-04-19,,0.1087,0.0959,0.1463,1.0898,0.0961,13.45,2026-09-10
2010-04-20,,0.1086,0.0955,0.1461,1.0899,0.0961,13.53,2026-09-10
2010-04-21,,0.1096,0.0957,0.1473,1.0832,0.0969,13.74,2026-09-10
2010-04-22,,0.1094,0.0948,0.1466,1.086,0.0966,13.65,2026-09-10
2010-04-23,,0.1097,0.0946,0.145,1.0895,0.0961,13.55,2026-09-10
2010-04-26,,0.1097,0.0949,0.1464,1.0844,0.0967,13.8,2026-09-10
2010-04-27,,0.11,0.0953,0.1471,1.0816,0.0971,13.8,2026-09-10
2010-04-28,,0.1103,0.0954,0.1456,1.0854,0.0965,13.59,2026-09-10
2010-04-29,,0.1101,0.0958,0.1455,1.0848,0.0966,13.68,2026-09-10
2010-04-30,,0.1108,0.0956,0.147,1.0791,0.0973,13.82,2026-09-10
2010-05-03,,0.1106,0.096,0.1464,1.0806,0.0971,13.77,2026-09-10
2010-05-04,,0.1106,0.0957,0.1457,1.0819,0.0969,13.84,2026-09-10
2010-05-05,,0.1108,0.0949,0.1439,1.0869,0.0962,13.64,2026-09-10
2010-05-06,,0.1116,0.0945,0.1425,1.09,0.0958,13.37,2026-09-10
2010-05-07,,0.1115,0.0962,0.1414,1.0939,0.0952,13.02,2026-09-10
2010-05-10,,0.1113,0.0971,0.1445,1.0838,0.0965,13.43,2026-09-10
2010-05-11,,0.1131,0.0971,0.1434,1.0831,0.0966,13.26,2026-09-10
2010-05-12,,0.1134,0.0961,0.1432,1.0832,0.0966,13.27,2026-09-10
2010-05-14,,0.1146,0.0987,0.1438,1.0767,0.0974,13.35,2026-09-10
2010-05-17,,0.1154,0.0987,0.1418,1.0815,0.0968,13.05,2026-09-10
2010-05-18,,0.1157,0.099,0.1433,1.0754,0.0975,13.28,2026-09-10
2010-05-19,,0.1158,0.0986,0.1412,1.082,0.0966,12.99,2026-09-10
2010-05-20,,0.1128,0.0971,0.1392,1.0965,0.0947,12.66,2026-09-10
2010-05-21,,0.1106,0.0965,0.1391,1.1029,0.0939,12.54,2026-09-10
2010-05-24,,0.1121,0.0968,0.1401,1.0959,0.0947,12.65,2026-09-10
2010-05-25,,0.1126,0.0964,0.1383,1.1008,0.0941,12.41,2026-09-10
2010-05-26,,0.1133,0.0968,0.1392,1.0953,0.0948,12.57,2026-09-10
2010-05-27,,0.1152,0.0976,0.1415,1.0838,0.0962,12.78,2026-09-10
2010-05-28,,0.1158,0.098,0.1428,1.0774,0.0971,13.02,2026-09-10
2010-05-31,,0.1153,0.0979,0.1419,1.0805,0.0966,12.99,2026-09-10
2010-06-01,,0.1147,0.0969,0.1406,1.0867,0.0958,12.81,2026-09-10
2010-06-02,,0.1152,0.0955,0.1407,1.0855,0.0959,12.87,2026-09-10
2010-06-03,,0.1151,0.0961,0.1416,1.0816,0.0964,13.08,2026-09-10
2010-06-04,,0.1158,0.0964,0.1411,1.0808,0.0965,13.08,2026-09-10
2010-06-07,,0.1164,0.0962,0.1388,1.0878,0.0955,12.66,2026-09-10
2010-06-08,,0.1165,0.0961,0.1393,1.0853,0.0959,12.79,2026-09-10
2010-06-09,,0.117,0.0968,0.14,1.0822,0.0962,12.79,2026-09-10
2010-06-10,,0.1163,0.0961,0.14,1.0844,0.0959,12.74,2026-09-10
2010-06-11,,0.1162,0.0955,0.1407,1.0818,0.0962,12.89,2026-09-10
2010-06-14,,0.1158,0.0964,0.1413,1.0801,0.0964,12.99,2026-09-10
2010-06-15,,0.1155,0.0957,0.1407,1.0835,0.096,12.83,2026-09-10
2010-06-16,,0.1154,0.096,0.1423,1.0783,0.0966,13.03,2026-09-10
2010-06-17,,0.1156,0.0965,0.1419,1.0788,0.0965,12.96,2026-09-10
2010-06-18,,0.1154,0.0964,0.143,1.0763,0.0969,12.99,2026-09-10
2010-06-21,,0.1157,0.0967,0.1441,1.0723,0.0974,13.08,2026-09-10
2010-06-22,,0.116,0.0969,0.1428,1.075,0.097,12.96,2026-09-10
2010-06-23,,0.1159,0.0959,0.1423,1.0776,0.0966,12.86,2026-09-10
2010-06-24,,0.1159,0.0955,0.1431,1.0761,0.0968,12.86,2026-09-10
2010-06-25,,0.1148,0.0946,0.1415,1.0838,0.0957,12.67,2026-09-10
2010-06-28,,0.1151,0.0946,0.1422,1.081,0.0961,12.71,2026-09-10
2010-06-29,,0.1159,0.0942,0.1419,1.081,0.0961,12.6,2026-09-10
2010-06-30,,0.1158,0.0942,0.1416,1.0821,0.0959,12.54,2026-09-10
2010-07-02,,0.1131,0.0932,0.1413,1.0899,0.0948,12.44,2026-09-10
2010-07-05,,0.1128,0.0931,0.1415,1.0899,0.0948,12.44,2026-09-10
2010-07-06,,0.1126,0.0932,0.1414,1.0908,0.0947,12.41,2026-09-10
2010-07-07,,0.1128,0.0938,0.1419,1.0888,0.0949,12.39,2026-09-10
2010-07-08,,0.1129,0.0938,0.143,1.0841,0.0955,12.62,2026-09-10
2010-07-09,,0.1128,0.0944,0.1432,1.0828,0.0956,12.68,2026-09-10
2010-07-12,,0.1134,0.0953,0.1427,1.0818,0.0957,12.67,2026-09-10
2010-07-13,,0.1131,0.0947,0.1419,1.0851,0.0953,12.58,2026-09-10
2010-07-14,,0.113,0.0945,0.1437,1.0797,0.096,12.78,2026-09-10
2010-07-15,,0.1126,0.0939,0.1434,1.0829,0.0955,12.63,2026-09-10
2010-07-16,,0.1113,0.0932,0.1436,1.0864,0.095,12.53,2026-09-10
2010-07-21,,0.1113,0.0938,0.1437,1.0858,0.0951,12.52,2026-09-10
2010-07-22,,0.1124,0.0946,0.1435,1.0839,0.0953,12.39,2026-09-10
2010-07-23,,0.1125,0.0947,0.1449,1.0787,0.096,12.62,2026-09-10
2010-07-26,,0.1124,0.094,0.1454,1.0775,0.0961,12.71,2026-09-10
2010-07-27,,0.1125,0.0943,0.1463,1.0749,0.0965,12.72,2026-09-10
2010-07-28,,0.1124,0.0937,0.1463,1.0744,0.0965,12.85,2026-09-10
2010-07-29,,0.1123,0.0938,0.1465,1.0744,0.0965,12.79,2026-09-10
2010-07-30,,0.1118,0.0936,0.1462,1.0773,0.0961,12.64,2026-09-10
2010-08-02,,0.1128,0.0937,0.1475,1.0711,0.0969,12.77,2026-09-10
2010-08-03,,0.1116,0.0924,0.1468,1.0764,0.0961,12.7,2026-09-10
2010-08-04,,0.1116,0.0925,0.1475,1.0757,0.0962,12.61,2026-09-10
2010-08-05,,0.1121,0.0928,0.1474,1.0736,0.0964,12.7,2026-09-10
2010-08-06,,0.112,0.0929,0.1478,1.0725,0.0966,12.73,2026-09-10
2010-08-09,,0.1115,0.0928,0.1484,1.0725,0.0965,12.7,2026-09-10
2010-08-10,,0.1124,0.0936,0.148,1.0703,0.0968,12.71,2026-09-10
2010-08-11,,0.1129,0.0934,0.1475,1.0713,0.0967,12.59,2026-09-10
2010-08-12,,0.1135,0.0933,0.1464,1.0728,0.0964,12.49,2026-09-10
2010-08-13,,0.1141,0.0941,0.1471,1.0681,0.097,12.66,2026-09-10
2010-08-16,,0.1144,0.0937,0.1464,1.0697,0.0968,12.57,2026-09-10
2010-08-17,,0.1144,0.0938,0.147,1.0683,0.097,12.54,2026-09-10
2010-08-18,,0.1143,0.0945,0.1468,1.0682,0.097,12.55,2026-09-10
2010-08-19,,0.1144,0.0942,0.1466,1.0683,0.0969,12.58,2026-09-10
2010-08-20,,0.1144,0.0942,0.1465,1.0689,0.0968,12.5,2026-09-10
2010-08-23,,0.1151,0.094,0.1464,1.0674,0.097,12.5,2026-09-10
2010-08-24,,0.1148,0.0941,0.1453,1.0714,0.0964,12.34,2026-09-10
2010-08-25,,0.1151,0.0944,0.1455,1.0706,0.0965,12.26,2026-09-10
2010-08-26,,0.1149,0.0938,0.1459,1.0696,0.0966,12.36,2026-09-10
2010-08-27,,0.1149,0.0942,0.1461,1.0687,0.0967,12.38,2026-09-10
2010-08-30,,0.1147,0.094,0.1461,1.0688,0.0967,12.41,2026-09-10
2010-08-31,,0.115,0.0942,0.1453,1.0711,0.0963,12.22,2026-09-10
2010-09-01,,0.1145,0.0945,0.1456,1.0707,0.0964,12.29,2026-09-10
2010-09-02,,0.1143,0.095,0.1466,1.0681,0.0967,12.33,2026-09-10
2010-09-03,,0.1148,0.0955,0.1472,1.0644,0.0972,12.41,2026-09-10
2010-09-06,,0.1147,0.0956,0.1481,1.0622,0.0975,12.49,2026-09-10
2010-09-07,,0.1147,0.0955,0.1468,1.0659,0.0969,12.33,2026-09-10
2010-09-08,,0.1151,0.0952,0.1465,1.0664,0.0968,12.24,2026-09-10
2010-09-09,,0.1158,0.0953,0.147,1.063,0.0973,12.31,2026-09-10
2010-09-10,,0.116,0.0957,0.1472,1.0614,0.0975,12.36,2026-09-10
2010-09-13,,0.1156,0.0959,0.1483,1.0588,0.0978,12.45,2026-09-10
2010-09-14,,0.1153,0.0966,0.1483,1.0594,0.0977,12.4,2026-09-10
2010-09-15,,0.1149,0.0962,0.149,1.057,0.098,12.64,2026-09-10
2010-09-16,,0.1145,0.0954,0.1487,1.0582,0.0978,12.69,2026-09-10
2010-09-17,,0.1134,0.0948,0.1489,1.0601,0.0975,12.76,2026-09-10
2010-09-20,,0.1137,0.095,0.1486,1.0597,0.0975,12.73,2026-09-10
2010-09-21,,0.1137,0.0955,0.1488,1.0591,0.0976,12.73,2026-09-10
2010-09-22,,0.1127,0.0956,0.15,1.0586,0.0976,12.74,2026-09-10
2010-09-23,,0.1122,0.0959,0.1503,1.0589,0.0976,12.71,2026-09-10
2010-09-24,,0.1123,0.0956,0.1499,1.0596,0.0975,12.69,2026-09-10
2010-09-27,,0.1122,0.0954,0.1509,1.0578,0.0977,12.71,2026-09-10
2010-09-28,,0.1119,0.0952,0.1505,1.0594,0.0974,12.67,2026-09-10
2010-09-29,,0.1117,0.0958,0.1518,1.0566,0.0978,12.7,2026-09-10
2010-10-04,,0.1106,0.0965,0.1524,1.0574,0.0977,12.7,2026-09-10
2010-10-05,,0.1103,0.0956,0.1513,1.0609,0.0971,12.66,2026-09-10
2010-10-06,,0.1106,0.0963,0.1532,1.0552,0.0979,12.74,2026-09-10
2010-10-07,,0.1104,0.0969,0.1538,1.0541,0.098,12.74,2026-09-10
2010-10-08,,0.11,0.0966,0.1532,1.057,0.0976,12.62,2026-09-10
2010-10-11,,0.1103,0.0967,0.1542,1.0541,0.098,12.64,2026-09-10
2010-10-12,,0.1107,0.0964,0.1531,1.056,0.0977,12.53,2026-09-10
2010-10-13,,0.1102,0.0971,0.1538,1.0548,0.0978,12.59,2026-09-10
2010-10-14,,0.11,0.097,0.1551,1.0528,0.0981,12.59,2026-09-10
2010-10-15,,0.11,0.0966,0.1548,1.0537,0.0979,12.56,2026-09-10
2010-10-18,,0.1107,0.0966,0.1537,1.0545,0.0978,12.48,2026-09-10
2010-10-19,,0.1101,0.0966,0.1532,1.0567,0.0975,12.47,2026-09-10
2010-10-20,,0.1104,0.0967,0.1521,1.0588,0.0972,12.36,2026-09-10
2010-10-21,,0.1095,0.0967,0.153,1.059,0.0971,12.38,2026-09-10
2010-10-22,,0.1093,0.097,0.1527,1.0594,0.097,12.38,2026-09-10
2010-10-25,,0.1092,0.0973,0.1534,1.058,0.0972,12.39,2026-09-10
2010-10-26,,0.1096,0.097,0.1531,1.058,0.0972,12.36,2026-09-10
2010-10-27,,0.1099,0.0958,0.1517,1.0602,0.0968,12.39,2026-09-10
2010-10-28,,0.1091,0.0955,0.151,1.0639,0.0963,12.31,2026-09-10
2010-10-29,,0.1093,0.0952,0.1517,1.063,0.0964,12.23,2026-09-10
2010-11-01,,0.1088,0.0948,0.1523,1.0627,0.0964,12.25,2026-09-10
2010-11-02,,0.1093,0.0948,0.1523,1.0613,0.0966,12.27,2026-09-10
2010-11-03,,0.1095,0.0956,0.1532,1.0578,0.0971,12.36,2026-09-10
2010-11-04,,0.1091,0.0955,0.154,1.0564,0.0972,12.45,2026-09-10
2010-11-05,,0.1092,0.0955,0.155,1.0536,0.0976,12.52,2026-09-10
2010-11-08,,0.1106,0.0957,0.1544,1.051,0.0979,12.54,2026-09-10
2010-11-09,,0.1106,0.0952,0.1534,1.0539,0.0975,12.41,2026-09-10
2010-11-10,,0.1111,0.0956,0.153,1.0522,0.0977,12.52,2026-09-10
2010-11-11,,0.1111,0.0948,0.1531,1.0519,0.0977,12.59,2026-09-10
2010-11-12,,0.1113,0.0943,0.1513,1.0559,0.0971,12.46,2026-09-10
2010-11-15,,0.1106,0.0939,0.1514,1.0566,0.097,12.56,2026-09-10
2010-11-16,,0.1111,0.0942,0.1512,1.0557,0.0971,12.54,2026-09-10
2010-11-17,,0.1111,0.0944,0.15,1.0578,0.0968,12.52,2026-09-10
2010-11-18,,0.1108,0.0946,0.1507,1.0565,0.0969,12.54,2026-09-10
2010-11-19,,0.1109,0.0944,0.1514,1.0542,0.0972,12.63,2026-09-10
2010-11-22,,0.1101,0.0945,0.1515,1.0556,0.097,12.64,2026-09-10
2010-11-23,,0.1108,0.0945,0.1503,1.0567,0.0969,12.57,2026-09-10
2010-11-24,,0.1114,0.0944,0.1491,1.0588,0.0965,12.4,2026-09-10
2010-11-25,,0.112,0.0947,0.1492,1.0565,0.0968,12.46,2026-09-10
2010-11-26,,0.112,0.0948,0.149,1.0562,0.0968,12.5,2026-09-10
2010-11-29,,0.1121,0.0951,0.1484,1.0569,0.0967,12.48,2026-09-10
2010-11-30,,0.1128,0.0951,0.148,1.0564,0.0968,12.44,2026-09-10
2010-12-01,,0.114,0.0953,0.1485,1.0529,0.0972,12.39,2026-09-10
2010-12-02,,0.114,0.0957,0.1496,1.0488,0.0978,12.58,2026-09-10
2010-12-03,,0.1143,0.0968,0.1512,1.0435,0.0985,12.64,2026-09-10
2010-12-06,,0.1138,0.0966,0.1521,1.0433,0.0985,12.6,2026-09-10
2010-12-07,,0.1138,0.0963,0.1516,1.0449,0.0983,12.53,2026-09-10
2010-12-08,,0.1138,0.0958,0.1504,1.0466,0.098,12.63,2026-09-10
2010-12-09,,0.1137,0.0955,0.1511,1.0448,0.0982,12.69,2026-09-10
2010-12-10,,0.1143,0.096,0.1516,1.0422,0.0985,12.69,2026-09-10
2010-12-13,,0.1148,0.096,0.1515,1.0407,0.0987,12.74,2026-09-10
2010-12-14,,0.1138,0.0961,0.1525,1.041,0.0987,12.72,2026-09-10
2010-12-15,,0.1143,0.0967,0.1519,1.0401,0.0988,12.74,2026-09-10
2010-12-16,,0.1144,0.0973,0.1514,1.0402,0.0987,12.75,2026-09-10
2010-12-17,,0.1142,0.0973,0.152,1.0394,0.0988,12.76,2026-09-10
2010-12-20,,0.115,0.0976,0.1515,1.0384,0.0989,12.71,2026-09-10
2010-12-21,,0.1153,0.0977,0.1519,1.0368,0.0991,12.71,2026-09-10
2010-12-22,,0.1156,0.0981,0.1519,1.0359,0.0992,12.72,2026-09-10
2010-12-23,,0.1161,0.0988,0.1524,1.0336,0.0996,12.67,2026-09-10
2010-12-24,,0.1164,0.0988,0.1527,1.0323,0.0997,12.67,2026-09-10
2010-12-28,,0.116,0.0992,0.1534,1.0316,0.0998,12.65,2026-09-10
2010-12-29,,0.1171,0.0999,0.1537,1.0282,0.1003,12.64,2026-09-10
2010-12-30,,0.1171,0.0999,0.155,1.0258,0.1006,12.62,2026-09-10
2010-12-31,,0.1162,0.1004,0.1553,1.0265,0.1005,12.64,2026-09-10
2011-01-04,,0.1157,0.0998,0.1543,1.0294,0.1,12.68,2026-09-10
2011-01-05,,0.1158,0.0988,0.1536,1.0316,0.0997,12.6,2026-09-10
2011-01-06,,0.1145,0.0989,0.1533,1.0293,0.1,12.75,2026-09-10
2011-01-07,,0.1168,0.0983,0.1518,1.0326,0.0995,12.67,2026-09-10
2011-01-10,,0.1175,0.0976,0.1517,1.0321,0.0995,12.6,2026-09-10
2011-01-11,,0.1169,0.0973,0.1514,1.034,0.0992,12.58,2026-09-10
2011-01-12,,0.1163,0.0966,0.1511,1.0364,0.0988,12.56,2026-09-10
2011-01-13,,0.1157,0.0963,0.1516,1.0366,0.0988,12.59,2026-09-10
2011-01-14,,0.114,0.096,0.152,1.0397,0.0983,12.56,2026-09-10
2011-01-17,,0.1129,0.0948,0.1504,1.0466,0.0973,12.47,2026-09-10
2011-01-18,,0.1137,0.095,0.1515,1.0422,0.0979,12.5,2026-09-10
2011-01-19,,0.1127,0.0948,0.1519,1.0437,0.0977,12.5,2026-09-10
2011-01-20,,0.1116,0.0937,0.1504,1.0502,0.0967,12.35,2026-09-10
2011-01-21,,0.1105,0.0936,0.1491,1.0556,0.096,12.36,2026-09-10
2011-01-24,,0.1102,0.0939,0.1499,1.054,0.0962,12.41,2026-09-10
2011-01-25,,0.1101,0.094,0.1502,1.0536,0.0962,12.39,2026-09-10
2011-01-26,,0.1094,0.0946,0.1497,1.056,0.0959,12.29,2026-09-10
2011-01-27,,0.1091,0.094,0.1496,1.0572,0.0957,12.29,2026-09-10
2011-01-28,,0.1091,0.0941,0.1496,1.0566,0.0957,12.37,2026-09-10
2011-01-31,,0.1089,0.0933,0.1482,1.0617,0.095,12.15,2026-09-10
2011-02-01,,0.1082,0.0924,0.1484,1.0635,0.0947,12.15,2026-09-10
2011-02-02,,0.1077,0.0923,0.1491,1.063,0.0948,12.15,2026-09-10
2011-02-03,,0.1078,0.0918,0.1487,1.064,0.0946,12.14,2026-09-10
2011-02-04,,0.1079,0.0911,0.1471,1.0683,0.094,12.01,2026-09-10
2011-02-07,,0.1088,0.0917,0.1481,1.0624,0.0948,12.17,2026-09-10
2011-02-08,,0.1083,0.0913,0.1475,1.0653,0.0944,12.13,2026-09-10
2011-02-09,,0.1084,0.092,0.1479,1.063,0.0947,12.18,2026-09-10
2011-02-10,,0.1075,0.0915,0.1472,1.067,0.0941,12.16,2026-09-10
2011-02-11,,0.1079,0.0912,0.1463,1.0676,0.094,12.22,2026-09-10
2011-02-14,,0.1084,0.0914,0.1468,1.065,0.0943,12.21,2026-09-10
2011-02-15,,0.1084,0.0913,0.1465,1.0656,0.0942,12.23,2026-09-10
2011-02-16,,0.1079,0.0903,0.146,1.0685,0.0938,12.22,2026-09-10
2011-02-17,,0.1085,0.0914,0.1472,1.063,0.0945,12.31,2026-09-10
2011-02-18,,0.1087,0.0914,0.1478,1.0612,0.0947,12.31,2026-09-10
2011-02-21,,0.1085,0.0914,0.1484,1.0598,0.0949,12.35,2026-09-10
2011-02-22,,0.1087,0.0913,0.1476,1.0614,0.0947,12.3,2026-09-10
2011-02-23,,0.1083,0.0917,0.1483,1.0603,0.0948,12.26,2026-09-10
2011-02-24,,0.1081,0.0917,0.1487,1.0604,0.0947,12.2,2026-09-10
2011-02-25,,0.1084,0.0927,0.1497,1.0562,0.0953,12.28,2026-09-10
2011-02-28,,0.1093,0.0934,0.1504,1.0516,0.0959,12.29,2026-09-10
2011-03-01,,0.1093,0.0928,0.1509,1.0505,0.096,12.4,2026-09-10
2011-03-02,,0.1093,0.0927,0.1504,1.0516,0.0958,12.33,2026-09-10
2011-03-03,,0.1098,0.0933,0.1523,1.0455,0.0966,12.46,2026-09-10
2011-03-04,,0.1088,0.0932,0.1518,1.0487,0.0962,12.5,2026-09-10
2011-03-07,,0.1088,0.0935,0.1521,1.0475,0.0963,12.51,2026-09-10
2011-03-08,,0.1088,0.0939,0.1521,1.0467,0.0964,12.53,2026-09-10
2011-03-09,,0.1091,0.0938,0.1516,1.0469,0.0964,12.56,2026-09-10
2011-03-10,,0.1096,0.094,0.152,1.0443,0.0967,12.59,2026-09-10
2011-03-11,,0.1098,0.0944,0.1516,1.0442,0.0967,12.61,2026-09-10
2011-03-14,,0.109,0.0945,0.1519,1.0459,0.0964,12.47,2026-09-10
2011-03-15,,0.1091,0.0943,0.152,1.0457,0.0964,12.43,2026-09-10
2011-03-16,,0.1079,0.0939,0.1508,1.0523,0.0955,12.18,2026-09-10
2011-03-17,,0.1072,0.0931,0.1493,1.0597,0.0945,11.82,2026-09-10
2011-03-18,,0.1062,0.0925,0.1494,1.0599,0.0944,12.21,2026-09-10
2011-03-21,,0.1064,0.0929,0.1507,1.0564,0.0949,12.2,2026-09-10
2011-03-22,,0.1067,0.0931,0.1519,1.0525,0.0954,12.29,2026-09-10
2011-03-23,,0.1075,0.0931,0.1523,1.0494,0.0958,12.32,2026-09-10
2011-03-24,,0.1074,0.0932,0.1513,1.0515,0.0955,12.26,2026-09-10
2011-03-25,,0.1077,0.0948,0.1527,1.0461,0.0962,12.36,2026-09-10
2011-03-28,,0.1083,0.0951,0.1522,1.0448,0.0963,12.44,2026-09-10
2011-03-29,,0.108,0.0951,0.1525,1.0449,0.0963,12.45,2026-09-10
2011-03-30,,0.1082,0.0951,0.1523,1.0434,0.0965,12.63,2026-09-10
2011-03-31,,0.1081,0.0951,0.1532,1.0417,0.0967,12.66,2026-09-10
2011-04-01,,0.1085,0.0957,0.1537,1.0383,0.0971,12.84,2026-09-10
2011-04-04,,0.1086,0.0956,0.1546,1.0354,0.0975,13.01,2026-09-10
2011-04-05,,0.1087,0.0956,0.154,1.0363,0.0974,12.99,2026-09-10
2011-04-06,,0.1084,0.0947,0.1547,1.0351,0.0975,13.19,2026-09-10
2011-04-07,,0.1083,0.0952,0.1549,1.0344,0.0976,13.21,2026-09-10
2011-04-08,,0.108,0.0948,0.1555,1.0342,0.0976,13.23,2026-09-10
2011-04-11,,0.1075,0.0951,0.1555,1.0351,0.0974,13.18,2026-09-10
2011-04-12,,0.1074,0.0948,0.1546,1.0381,0.097,12.98,2026-09-10
2011-04-13,,0.1066,0.0949,0.1544,1.0401,0.0967,12.98,2026-09-10
2011-04-14,,0.106,0.094,0.1538,1.0441,0.0961,12.85,2026-09-10
2011-04-15,,0.1057,0.0936,0.1529,1.0473,0.0956,12.73,2026-09-10
2011-04-18,,0.1064,0.0939,0.153,1.0452,0.0959,12.68,2026-09-10
2011-04-19,,0.1071,0.0938,0.1524,1.0449,0.0959,12.56,2026-09-10
2011-04-20,,0.1066,0.0939,0.1536,1.0427,0.0962,12.73,2026-09-10
2011-04-21,,0.1057,0.0938,0.1544,1.0436,0.096,12.67,2026-09-10
2011-04-26,,0.1063,0.0938,0.1545,1.0422,0.0962,12.63,2026-09-10
2011-04-27,,0.1062,0.0945,0.1559,1.0385,0.0967,12.75,2026-09-10
2011-04-28,,0.1059,0.094,0.1572,1.0367,0.0969,12.85,2026-09-10
2011-04-29,,0.1058,0.0943,0.1569,1.0372,0.0968,12.8,2026-09-10
2011-05-03,,0.1057,0.0943,0.1567,1.038,0.0967,12.69,2026-09-10
2011-05-04,,0.1055,0.0949,0.1562,1.0393,0.0965,12.64,2026-09-10
2011-05-05,,0.1052,0.0946,0.1562,1.0405,0.0963,12.55,2026-09-10
2011-05-06,,0.1062,0.0944,0.1548,1.0409,0.0962,12.47,2026-09-10
2011-05-09,,0.1077,0.0947,0.1552,1.036,0.0969,12.51,2026-09-10
2011-05-10,,0.1078,0.0941,0.154,1.0388,0.0965,12.39,2026-09-10
2011-05-11,,0.107,0.0943,0.1542,1.0395,0.0963,12.46,2026-09-10
2011-05-12,,0.1067,0.0927,0.1515,1.0475,0.0952,12.28,2026-09-10
2011-05-13,,0.1066,0.0934,0.1519,1.0464,0.0953,12.26,2026-09-10
2011-05-16,,0.1063,0.0925,0.1499,1.0524,0.0945,12.13,2026-09-10
2011-05-17,,0.1062,0.0928,0.1506,1.05,0.0948,12.26,2026-09-10
2011-05-18,,0.1061,0.093,0.1513,1.0485,0.095,12.28,2026-09-10
2011-05-19,,0.1063,0.0938,0.1516,1.0459,0.0953,12.38,2026-09-10
2011-05-20,,0.1062,0.0937,0.1521,1.0448,0.0954,12.43,2026-09-10
2011-05-23,,0.1069,0.0928,0.1502,1.0481,0.095,12.3,2026-09-10
2011-05-24,,0.1066,0.0931,0.1498,1.0495,0.0947,12.25,2026-09-10
2011-05-25,,0.1064,0.0925,0.1494,1.0512,0.0945,12.23,2026-09-10
2011-05-26,,0.1059,0.0921,0.1501,1.0509,0.0945,12.28,2026-09-10
2011-05-27,,0.1062,0.0921,0.1513,1.0478,0.0949,12.26,2026-09-10
2011-05-30,,0.1061,0.0919,0.1514,1.0481,0.0948,12.23,2026-09-10
2011-05-31,,0.1055,0.0918,0.1518,1.0478,0.0948,12.36,2026-09-10
2011-06-01,,0.1062,0.0932,0.1534,1.0412,0.0957,12.48,2026-09-10
2011-06-03,,0.1068,0.0946,0.1545,1.0364,0.0964,12.47,2026-09-10
2011-06-06,,0.1059,0.0944,0.155,1.0379,0.0961,12.46,2026-09-10
2011-06-07,,0.1052,0.094,0.154,1.0421,0.0955,12.36,2026-09-10
2011-06-08,,0.1054,0.0942,0.1547,1.0397,0.0958,12.37,2026-09-10
2011-06-09,,0.1057,0.0941,0.1546,1.0391,0.0959,12.38,2026-09-10
2011-06-10,,0.1063,0.0943,0.1538,1.039,0.0959,12.33,2026-09-10
2011-06-13,,0.1065,0.0941,0.1528,1.0406,0.0956,12.29,2026-09-10
2011-06-14,,0.1065,0.0936,0.1536,1.0392,0.0958,12.33,2026-09-10
2011-06-15,,0.1066,0.0939,0.1534,1.0386,0.0959,12.35,2026-09-10
2011-06-16,,0.1076,0.094,0.1519,1.039,0.0958,12.28,2026-09-10
2011-06-17,,0.1072,0.0941,0.1518,1.0404,0.0956,12.24,2026-09-10
2011-06-20,,0.1074,0.0947,0.1528,1.0373,0.096,12.25,2026-09-10
2011-06-21,,0.1068,0.0944,0.1533,1.0376,0.0959,12.29,2026-09-10
2011-06-22,,0.1071,0.095,0.1543,1.0341,0.0964,12.38,2026-09-10
2011-06-23,,0.1069,0.0952,0.1528,1.0373,0.0959,12.29,2026-09-10
2011-06-24,,0.1067,0.0951,0.1521,1.0394,0.0956,12.24,2026-09-10
2011-06-27,,0.1067,0.0946,0.1507,1.0426,0.0951,12.17,2026-09-10
2011-06-28,,0.1061,0.0949,0.1515,1.0416,0.0952,12.24,2026-09-10
2011-06-29,,0.1058,0.0951,0.1521,1.0404,0.0954,12.32,2026-09-10
2011-06-30,,0.1057,0.0951,0.1531,1.0389,0.0956,12.31,2026-09-10
2011-07-04,,0.1059,0.0957,0.1539,1.0355,0.096,12.43,2026-09-10
2011-07-05,,0.1062,0.096,0.1537,1.0346,0.0961,12.46,2026-09-10
2011-07-06,,0.1063,0.0957,0.1536,1.0347,0.0961,12.42,2026-09-10
2011-07-07,,0.107,0.096,0.1534,1.0329,0.0963,12.43,2026-09-10
2011-07-08,,0.1074,0.0965,0.1541,1.0296,0.0967,12.53,2026-09-10
2011-07-11,,0.108,0.0958,0.1533,1.0308,0.0965,12.38,2026-09-10
2011-07-12,,0.1082,0.0951,0.1508,1.0372,0.0956,12.04,2026-09-10
2011-07-13,,0.1081,0.095,0.1514,1.0362,0.0957,12.04,2026-09-10
2011-07-14,,0.1071,0.0943,0.1521,1.0377,0.0955,12.03,2026-09-10
2011-07-15,,0.107,0.0937,0.1514,1.04,0.0952,11.98,2026-09-10
2011-07-20,,0.1064,0.0935,0.1507,1.0432,0.0947,11.91,2026-09-10
2011-07-21,,0.1063,0.0938,0.1518,1.0405,0.095,11.97,2026-09-10
2011-07-22,,0.1064,0.0939,0.1532,1.037,0.0955,12.05,2026-09-10
2011-07-25,,0.106,0.0934,0.1523,1.0406,0.095,11.93,2026-09-10
2011-07-26,,0.1063,0.0943,0.1541,1.0347,0.0958,12.03,2026-09-10
2011-07-27,,0.1067,0.0943,0.1547,1.0328,0.096,12.02,2026-09-10
2011-07-28,,0.1076,0.0946,0.1545,1.0303,0.0963,12.02,2026-09-10
2011-07-29,,0.1073,0.0938,0.1531,1.0351,0.0956,11.87,2026-09-10
2011-08-01,,0.1074,0.0941,0.1547,1.0305,0.0962,12.02,2026-09-10
2011-08-02,,0.1078,0.0942,0.1535,1.0325,0.096,11.87,2026-09-10
2011-08-03,,0.1073,0.0935,0.1522,1.0372,0.0953,11.75,2026-09-10
2011-08-04,,0.1069,0.0934,0.153,1.0344,0.0956,12.14,2026-09-10
2011-08-05,,0.1066,0.0923,0.15,1.0434,0.0944,11.79,2026-09-10
2011-08-08,,0.1048,0.0915,0.1505,1.048,0.0937,11.71,2026-09-10
2011-08-09,,0.103,0.0898,0.1466,1.0638,0.0916,11.34,2026-09-10
2011-08-10,,0.1031,0.0909,0.1477,1.0601,0.0921,11.33,2026-09-10
2011-08-11,,0.1039,0.0915,0.1481,1.0564,0.0925,11.35,2026-09-10
2011-08-12,,0.1034,0.0905,0.1466,1.062,0.0918,11.27,2026-09-10
2011-08-15,,0.1038,0.0913,0.1487,1.0549,0.0927,11.43,2026-09-10
2011-08-16,,0.1031,0.0908,0.1484,1.0577,0.0923,11.4,2026-09-10
2011-08-17,,0.1031,0.0904,0.1486,1.0574,0.0923,11.39,2026-09-10
2011-08-18,,0.1032,0.09,0.1487,1.0574,0.0923,11.4,2026-09-10
2011-08-19,,0.1028,0.0892,0.147,1.0632,0.0915,11.25,2026-09-10
2011-08-22,,0.1027,0.0895,0.1474,1.0616,0.0917,11.31,2026-09-10
2011-08-23,,0.1026,0.0896,0.1477,1.0606,0.0918,11.34,2026-09-10
2011-08-24,,0.1022,0.0893,0.1473,1.0632,0.0914,11.28,2026-09-10
2011-08-25,,0.1016,0.0895,0.1466,1.0654,0.0911,11.3,2026-09-10
2011-08-26,,0.1022,0.0903,0.1474,1.0612,0.0917,11.37,2026-09-10
2011-08-29,,0.1023,0.0908,0.1488,1.0573,0.0921,11.41,2026-09-10
2011-08-30,,0.103,0.0911,0.1494,1.0536,0.0926,11.46,2026-09-10
2011-08-31,,0.1032,0.0914,0.1491,1.0533,0.0926,11.42,2026-09-10
2011-09-01,,0.1044,0.0924,0.15,1.0471,0.0934,11.52,2026-09-10
2011-09-02,,0.1048,0.0922,0.1493,1.0477,0.0933,11.47,2026-09-10
2011-09-05,,0.1047,0.0916,0.1482,1.051,0.0929,11.37,2026-09-10
2011-09-06,,0.1047,0.0916,0.1472,1.0531,0.0926,11.31,2026-09-10
2011-09-07,,0.1049,0.0923,0.1476,1.0507,0.0928,11.4,2026-09-10
2011-09-08,,0.1046,0.0923,0.1472,1.0519,0.0927,11.39,2026-09-10
2011-09-09,,0.1053,0.0917,0.1463,1.0526,0.0925,11.34,2026-09-10
2011-09-12,,0.1063,0.0911,0.1439,1.0569,0.092,11.09,2026-09-10
2011-09-13,,0.1051,0.0908,0.1439,1.0602,0.0915,11.08,2026-09-10
2011-09-14,,0.1052,0.091,0.1433,1.061,0.0914,11.02,2026-09-10
2011-09-15,,0.1043,0.0909,0.1433,1.0634,0.091,10.99,2026-09-10
2011-09-16,,0.104,0.0912,0.1442,1.0614,0.0913,11.08,2026-09-10
2011-09-19,,0.1035,0.0902,0.1416,1.0699,0.0902,10.87,2026-09-10
2011-09-20,,0.1024,0.089,0.1394,1.0796,0.0889,10.67,2026-09-10
2011-09-21,,0.1021,0.089,0.1399,1.0792,0.089,10.67,2026-09-10
2011-09-26,,0.0996,0.0863,0.1334,1.1056,0.0857,10.18,2026-09-10
2011-09-27,,0.1011,0.0878,0.1369,1.0901,0.0875,10.46,2026-09-10
2011-09-28,,0.1018,0.0883,0.1382,1.0841,0.0882,10.58,2026-09-10
2011-09-29,,0.1015,0.0885,0.1384,1.084,0.0882,10.59,2026-09-10
2011-10-03,,0.1011,0.0867,0.1346,1.0965,0.0867,10.37,2026-09-10
2011-10-04,,0.1011,0.0864,0.1335,1.1,0.0863,10.24,2026-09-10
2011-10-05,,0.1011,0.0872,0.1345,1.0962,0.0867,10.32,2026-09-10
2011-10-06,,0.1021,0.0884,0.1364,1.0871,0.0878,10.46,2026-09-10
2011-10-07,,0.1019,0.0886,0.1369,1.0858,0.0879,10.49,2026-09-10
2011-10-10,,0.1019,0.0879,0.1373,1.0853,0.0879,10.53,2026-09-10
2011-10-11,,0.1012,0.0882,0.1379,1.0851,0.0879,10.58,2026-09-10
2011-10-12,,0.1009,0.0882,0.1376,1.0865,0.0878,10.55,2026-09-10
2011-10-13,,0.1005,0.0881,0.1385,1.0844,0.088,10.68,2026-09-10
2011-10-14,,0.1003,0.0878,0.1385,1.0852,0.0879,10.65,2026-09-10
2011-10-17,,0.1001,0.0878,0.1388,1.0846,0.0879,10.71,2026-09-10
2011-10-18,,0.0991,0.0863,0.1363,1.0956,0.0866,10.47,2026-09-10
2011-10-19,,0.0993,0.0871,0.1373,1.0914,0.087,10.54,2026-09-10
2011-10-20,,0.0992,0.0865,0.1359,1.0961,0.0865,10.43,2026-09-10
2011-10-21,,0.0979,0.0853,0.1349,1.1034,0.0856,10.35,2026-09-10
2011-10-24,,0.0988,0.0861,0.1377,1.0927,0.0868,10.51,2026-09-10
2011-10-25,,0.0993,0.0863,0.1379,1.0904,0.0871,10.5,2026-09-10
2011-10-26,,0.099,0.0859,0.1377,1.0923,0.0868,10.46,2026-09-10
2011-10-27,,0.099,0.0866,0.1385,1.089,0.0872,10.52,2026-09-10
2011-10-28,,0.0989,0.0872,0.1403,1.0841,0.0878,10.64,2026-09-10
2011-10-31,,0.099,0.0866,0.1385,1.0855,0.0876,10.99,2026-09-10
2011-11-01,,0.0991,0.0853,0.1369,1.092,0.0868,10.69,2026-09-10
2011-11-02,,0.099,0.0851,0.1361,1.0943,0.0865,10.63,2026-09-10
2011-11-03,,0.0993,0.0855,0.1359,1.0934,0.0866,10.61,2026-09-10
2011-11-04,,0.1001,0.0863,0.1383,1.0841,0.0877,10.8,2026-09-10
2011-11-07,,0.1,0.0859,0.1376,1.0861,0.0874,10.75,2026-09-10
2011-11-08,,0.0997,0.0854,0.137,1.0891,0.087,10.69,2026-09-10
2011-11-09,,0.1001,0.086,0.1384,1.0837,0.0876,10.74,2026-09-10
2011-11-10,,0.1002,0.0851,0.1356,1.0919,0.0866,10.54,2026-09-10
2011-11-11,,0.1003,0.0858,0.1366,1.0879,0.0871,10.59,2026-09-10
2011-11-14,,0.1001,0.0858,0.1376,1.0859,0.0873,10.62,2026-09-10
2011-11-15,,0.1,0.0856,0.1359,1.091,0.0867,10.47,2026-09-10
2011-11-16,,0.0996,0.0849,0.1339,1.0984,0.0858,10.31,2026-09-10
2011-11-17,,0.0995,0.0853,0.1344,1.0966,0.086,10.35,2026-09-10
2011-11-18,,0.0992,0.0849,0.1339,1.0991,0.0856,10.29,2026-09-10
2011-11-21,,0.0991,0.085,0.1339,1.0992,0.0856,10.29,2026-09-10
2011-11-22,,0.0983,0.0848,0.1326,1.1047,0.085,10.22,2026-09-10
2011-11-23,,0.0978,0.0843,0.1316,1.1095,0.0844,10.14,2026-09-10
2011-11-24,,0.0974,0.0837,0.1302,1.1149,0.0837,10.04,2026-09-10
2011-11-25,,0.0981,0.0844,0.1305,1.1112,0.0841,10.1,2026-09-10
2011-11-28,,0.0988,0.0848,0.1315,1.1054,0.0848,10.21,2026-09-10
2011-11-29,,0.0991,0.0853,0.1324,1.101,0.0853,10.32,2026-09-10
2011-11-30,,0.0989,0.0845,0.1317,1.1042,0.0849,10.26,2026-09-10
2011-12-01,,0.0998,0.0856,0.1343,1.0933,0.0861,10.43,2026-09-10
2011-12-02,,0.1003,0.0862,0.1351,1.0886,0.0867,10.51,2026-09-10
2011-12-05,,0.1009,0.0866,0.1353,1.086,0.087,10.55,2026-09-10
2011-12-06,,0.1007,0.0862,0.1347,1.0885,0.0866,10.47,2026-09-10
2011-12-07,,0.1009,0.0868,0.1355,1.085,0.087,10.53,2026-09-10
2011-12-08,,0.101,0.0862,0.1354,1.0857,0.0869,10.51,2026-09-10
2011-12-09,,0.0998,0.0852,0.133,1.0962,0.0857,10.32,2026-09-10
2011-12-12,,0.1005,0.0858,0.1341,1.0903,0.0863,10.41,2026-09-10
2011-12-13,,0.1003,0.0848,0.1324,1.0963,0.0856,10.31,2026-09-10
2011-12-14,,0.1009,0.085,0.1316,1.0966,0.0855,10.26,2026-09-10
2011-12-15,,0.1005,0.0845,0.1306,1.101,0.085,10.19,2026-09-10
2011-12-16,,0.1007,0.0848,0.1312,1.0988,0.0852,10.22,2026-09-10
2011-12-19,,0.1009,0.0847,0.1312,1.0977,0.0853,10.23,2026-09-10
2011-12-20,,0.1007,0.0845,0.1311,1.0983,0.0853,10.22,2026-09-10
2011-12-21,,0.1019,0.0853,0.1337,1.0869,0.0866,10.4,2026-09-10
2011-12-22,,0.1015,0.0845,0.1326,1.0917,0.086,10.35,2026-09-10
2011-12-23,,0.102,0.085,0.1333,1.0877,0.0864,10.41,2026-09-10
2011-12-28,,0.1021,0.0852,0.1334,1.0868,0.0865,10.38,2026-09-10
2011-12-29,,0.1026,0.0858,0.1326,1.0874,0.0864,10.3,2026-09-10
2011-12-30,,0.1027,0.0862,0.1329,1.0859,0.0866,10.31,2026-09-10
2012-01-04,,0.103,0.0858,0.1342,1.0822,0.087,10.29,2026-09-10
2012-01-05,,0.1031,0.0854,0.1332,1.0848,0.0867,10.22,2026-09-10
2012-01-06,,0.1037,0.0855,0.1325,1.0847,0.0867,10.24,2026-09-10
2012-01-09,,0.1044,0.086,0.1328,1.0818,0.087,10.21,2026-09-10
2012-01-10,,0.1041,0.086,0.1331,1.0817,0.087,10.22,2026-09-10
2012-01-11,,0.1043,0.086,0.133,1.0809,0.087,10.23,2026-09-10
2012-01-12,,0.1049,0.087,0.1334,1.0775,0.0874,10.25,2026-09-10
2012-01-13,,0.1042,0.0872,0.134,1.0771,0.0875,10.28,2026-09-10
2012-01-16,,0.1046,0.0864,0.1324,1.0813,0.0869,10.17,2026-09-10
2012-01-17,,0.1051,0.0871,0.1338,1.0754,0.0876,10.26,2026-09-10
2012-01-18,,0.1049,0.0873,0.1339,1.0751,0.0876,10.27,2026-09-10
2012-01-19,,0.1048,0.0874,0.1348,1.0724,0.088,10.35,2026-09-10
2012-01-20,,0.1042,0.0873,0.1352,1.0723,0.0879,10.43,2026-09-10
2012-01-23,,0.1046,0.0867,0.1349,1.073,0.0878,10.39,2026-09-10
2012-01-24,,0.1037,0.0868,0.1351,1.0743,0.0877,10.4,2026-09-10
2012-01-25,,0.1039,0.0867,0.1353,1.0719,0.0879,10.55,2026-09-10
2012-01-26,,0.1035,0.0867,0.1358,1.0716,0.0879,10.54,2026-09-10
2012-01-27,,0.1043,0.0872,0.1366,1.0675,0.0884,10.52,2026-09-10
2012-01-30,,0.104,0.0872,0.137,1.0673,0.0884,10.51,2026-09-10
2012-01-31,,0.1037,0.0869,0.1368,1.0692,0.0882,10.43,2026-09-10
2012-02-01,,0.1046,0.0867,0.1364,1.068,0.0883,10.4,2026-09-10
2012-02-02,,0.1049,0.0873,0.1383,1.0614,0.0891,10.53,2026-09-10
2012-02-03,,0.1053,0.0875,0.1384,1.0599,0.0893,10.55,2026-09-10
2012-02-06,,0.1065,0.0882,0.1391,1.0538,0.09,10.67,2026-09-10
2012-02-07,,0.1062,0.0881,0.1392,1.0543,0.0899,10.67,2026-09-10
2012-02-08,,0.1051,0.0878,0.1397,1.0551,0.0898,10.76,2026-09-10
2012-02-09,,0.1051,0.0882,0.1397,1.0545,0.0899,10.79,2026-09-10
2012-02-10,,0.1044,0.0877,0.1384,1.0594,0.0892,10.75,2026-09-10
2012-02-13,,0.1043,0.0876,0.1382,1.0602,0.0891,10.73,2026-09-10
2012-02-14,,0.1045,0.0875,0.1373,1.0617,0.0889,10.71,2026-09-10
2012-02-15,,0.1046,0.0877,0.1379,1.0592,0.0892,10.82,2026-09-10
2012-02-16,,0.1047,0.087,0.1364,1.0633,0.0886,10.7,2026-09-10
2012-02-17,,0.1042,0.0866,0.1368,1.063,0.0886,10.83,2026-09-10
2012-02-20,,0.1044,0.0869,0.138,1.0586,0.0892,10.97,2026-09-10
2012-02-21,,0.1041,0.0872,0.1382,1.0581,0.0892,11.03,2026-09-10
2012-02-22,,0.1037,0.0869,0.1372,1.0617,0.0887,10.98,2026-09-10
2012-02-23,,0.1036,0.0876,0.1374,1.0604,0.0889,11.02,2026-09-10
2012-02-24,,0.1034,0.0878,0.1381,1.0585,0.0891,11.11,2026-09-10
2012-02-27,,0.1034,0.0876,0.139,1.0556,0.0894,11.27,2026-09-10
2012-02-28,,0.1038,0.0881,0.1396,1.0525,0.0898,11.26,2026-09-10
2012-02-29,,0.1043,0.0882,0.1404,1.0493,0.0902,11.28,2026-09-10
2012-03-01,,0.1049,0.0879,0.14,1.0482,0.0903,11.34,2026-09-10
2012-03-02,,0.1054,0.0879,0.1402,1.0462,0.0905,11.42,2026-09-10
2012-03-05,,0.1053,0.0879,0.1391,1.0491,0.0901,11.31,2026-09-10
2012-03-06,,0.105,0.0874,0.1386,1.0512,0.0899,11.3,2026-09-10
2012-03-07,,0.1051,0.0878,0.1382,1.0525,0.0897,11.16,2026-09-10
2012-03-08,,0.1052,0.0879,0.1385,1.0505,0.0899,11.27,2026-09-10
2012-03-09,,0.1054,0.0883,0.1394,1.0468,0.0904,11.38,2026-09-10
2012-03-12,,0.1056,0.0883,0.1383,1.0485,0.0901,11.38,2026-09-10
2012-03-13,,0.1056,0.0888,0.139,1.0461,0.0904,11.42,2026-09-10
2012-03-14,,0.1061,0.0884,0.1384,1.0457,0.0904,11.52,2026-09-10
2012-03-15,,0.105,0.0875,0.137,1.0524,0.0895,11.5,2026-09-10
2012-03-19,,0.1052,0.0874,0.1385,1.0481,0.09,11.55,2026-09-10
2012-03-20,,0.105,0.0875,0.1389,1.047,0.0902,11.59,2026-09-10
2012-03-21,,0.1043,0.0871,0.1384,1.0503,0.0897,11.58,2026-09-10
2012-03-22,,0.1039,0.0867,0.1376,1.0536,0.0893,11.47,2026-09-10
2012-03-23,,0.1038,0.0866,0.1369,1.0561,0.0889,11.35,2026-09-10
2012-03-26,,0.1034,0.0865,0.1371,1.0567,0.0888,11.32,2026-09-10
2012-03-27,,0.1038,0.0868,0.1385,1.0514,0.0895,11.48,2026-09-10
2012-03-28,,0.1036,0.0866,0.1381,1.0528,0.0893,11.43,2026-09-10
2012-03-29,,0.1031,0.0864,0.1375,1.0561,0.0888,11.34,2026-09-10
2012-03-30,,0.1028,0.0859,0.1373,1.0581,0.0886,11.25,2026-09-10
2012-04-02,,0.1033,0.0861,0.1379,1.0542,0.089,11.43,2026-09-10
2012-04-03,,0.1034,0.0861,0.138,1.0542,0.089,11.31,2026-09-10
2012-04-04,,0.1035,0.086,0.1367,1.0566,0.0887,11.3,2026-09-10
2012-04-05,,0.1034,0.0856,0.136,1.0592,0.0883,11.2,2026-09-10
2012-04-10,,0.103,0.0849,0.1352,1.0637,0.0878,10.99,2026-09-10
2012-04-11,,0.1022,0.0842,0.1339,1.0701,0.087,10.84,2026-09-10
2012-04-12,,0.1022,0.0843,0.1344,1.0685,0.0871,10.89,2026-09-10
2012-04-13,,0.1024,0.0846,0.1348,1.0663,0.0874,10.92,2026-09-10
2012-04-16,,0.1026,0.0844,0.1336,1.0694,0.087,10.77,2026-09-10
2012-04-17,,0.1024,0.0845,0.1341,1.0688,0.087,10.78,2026-09-10
2012-04-18,,0.1034,0.0852,0.1358,1.0598,0.0881,11.04,2026-09-10
2012-04-19,,0.1033,0.0846,0.1356,1.0608,0.088,11.05,2026-09-10
2012-04-20,,0.103,0.0844,0.1355,1.0618,0.0878,11.05,2026-09-10
2012-04-23,,0.1029,0.0842,0.1356,1.0623,0.0877,11.02,2026-09-10
2012-04-24,,0.1029,0.084,0.1355,1.0628,0.0876,10.97,2026-09-10
2012-04-25,,0.1031,0.0844,0.1361,1.0594,0.088,11.08,2026-09-10
2012-04-26,,0.1033,0.0845,0.1368,1.057,0.0883,11.1,2026-09-10
2012-04-27,,0.1029,0.0839,0.1356,1.0619,0.0877,10.94,2026-09-10
2012-04-30,,0.1032,0.084,0.1368,1.0581,0.0881,10.96,2026-09-10
2012-05-02,,0.1034,0.0842,0.1367,1.0574,0.0882,10.98,2026-09-10
2012-05-03,,0.104,0.0844,0.1367,1.0559,0.0884,10.97,2026-09-10
2012-05-04,,0.1039,0.0844,0.1366,1.056,0.0883,10.96,2026-09-10
2012-05-07,,0.1038,0.0836,0.1351,1.0613,0.0876,10.78,2026-09-10
2012-05-08,,0.1041,0.0838,0.1355,1.0592,0.0879,10.83,2026-09-10
2012-05-09,,0.1035,0.0833,0.1344,1.064,0.0873,10.73,2026-09-10
2012-05-10,,0.1032,0.0828,0.1337,1.0668,0.0869,10.66,2026-09-10
2012-05-11,,0.1025,0.0822,0.1324,1.0726,0.0862,10.58,2026-09-10
2012-05-14,,0.1023,0.0821,0.1318,1.0747,0.0859,10.55,2026-09-10
2012-05-15,,0.1024,0.0817,0.1316,1.0753,0.0858,10.51,2026-09-10
2012-05-16,,0.1019,0.0811,0.1293,1.0836,0.0848,10.39,2026-09-10
2012-05-18,,0.1017,0.0817,0.1288,1.0857,0.0845,10.21,2026-09-10
2012-05-21,,0.1019,0.0822,0.13,1.0807,0.0851,10.3,2026-09-10
2012-05-22,,0.1023,0.0827,0.1308,1.0767,0.0856,10.4,2026-09-10
2012-05-23,,0.102,0.082,0.1292,1.0824,0.0849,10.27,2026-09-10
2012-05-24,,0.1024,0.0821,0.1288,1.0823,0.0848,10.24,2026-09-10
2012-05-25,,0.103,0.0825,0.1292,1.0792,0.0852,10.28,2026-09-10
2012-05-28,,0.1029,0.0826,0.1297,1.0778,0.0853,10.3,2026-09-10
2012-05-29,,0.1032,0.0825,0.1294,1.0777,0.0853,10.29,2026-09-10
2012-05-30,,0.1035,0.0827,0.1291,1.0774,0.0853,10.26,2026-09-10
2012-05-31,,0.1027,0.0822,0.1274,1.0856,0.0844,10.04,2026-09-10
2012-06-01,,0.1029,0.0826,0.1271,1.0856,0.0843,9.97,2026-09-10
2012-06-04,,0.1021,0.0824,0.1267,1.0892,0.0839,9.91,2026-09-10
2012-06-05,,0.1023,0.0831,0.1279,1.083,0.0845,10.03,2026-09-10
2012-06-06,,0.103,0.0834,0.1286,1.0773,0.085,10.14,2026-09-10
2012-06-07,,0.103,0.0836,0.1294,1.0734,0.0854,10.28,2026-09-10
2012-06-08,,0.1027,0.083,0.1282,1.0798,0.0848,10.16,2026-09-10
2012-06-11,,0.1026,0.0834,0.1297,1.0736,0.0854,10.32,2026-09-10
2012-06-12,,0.1026,0.0828,0.1282,1.0799,0.0848,10.2,2026-09-10
2012-06-13,,0.1027,0.0826,0.1285,1.0787,0.0849,10.24,2026-09-10
2012-06-14,,0.1024,0.083,0.1286,1.079,0.0849,10.21,2026-09-10
2012-06-15,,0.102,0.0829,0.1289,1.0797,0.0848,10.17,2026-09-10
2012-06-18,,0.1024,0.0828,0.13,1.0743,0.0853,10.3,2026-09-10
2012-06-19,,0.1029,0.0826,0.1296,1.075,0.0852,10.24,2026-09-10
2012-06-20,,0.103,0.083,0.1307,1.0699,0.0857,10.32,2026-09-10
2012-06-21,,0.1028,0.0831,0.1304,1.0707,0.0856,10.38,2026-09-10
2012-06-22,,0.1026,0.0825,0.1287,1.0776,0.085,10.35,2026-09-10
2012-06-25,,0.1026,0.0824,0.1285,1.0787,0.0849,10.3,2026-09-10
2012-06-26,,0.1022,0.0821,0.1279,1.0828,0.0845,10.2,2026-09-10
2012-06-27,,0.1026,0.082,0.1282,1.0811,0.0846,10.19,2026-09-10
2012-06-28,,0.1028,0.0824,0.1286,1.0785,0.0849,10.22,2026-09-10
2012-06-29,,0.1028,0.0827,0.1293,1.0753,0.0852,10.27,2026-09-10
2012-07-03,,0.104,0.0835,0.131,1.0644,0.0863,10.46,2026-09-10
2012-07-04,,0.1043,0.0838,0.1314,1.0615,0.0865,10.48,2026-09-10
2012-07-05,,0.1042,0.0836,0.1306,1.0649,0.0862,10.41,2026-09-10
2012-07-06,,0.1052,0.0839,0.1303,1.063,0.0864,10.4,2026-09-10
2012-07-09,,0.1051,0.0834,0.1291,1.0681,0.0859,10.29,2026-09-10
2012-07-10,,0.1053,0.0834,0.1294,1.0668,0.086,10.28,2026-09-10
2012-07-11,,0.1058,0.0836,0.1298,1.0638,0.0863,10.29,2026-09-10
2012-07-12,,0.1052,0.0831,0.1287,1.0697,0.0857,10.23,2026-09-10
2012-07-13,,0.1055,0.0834,0.1287,1.069,0.0858,10.2,2026-09-10
2012-07-18,,0.1058,0.0831,0.13,1.0638,0.0863,10.27,2026-09-10
2012-07-19,,0.1061,0.0832,0.1303,1.0623,0.0865,10.24,2026-09-10
2012-07-20,,0.106,0.0828,0.1299,1.0648,0.0862,10.21,2026-09-10
2012-07-23,,0.1059,0.0822,0.128,1.0733,0.0854,9.99,2026-09-10
2012-07-24,,0.1052,0.0822,0.1274,1.0771,0.085,9.97,2026-09-10
2012-07-25,,0.105,0.0817,0.1267,1.0809,0.0846,9.91,2026-09-10
2012-07-26,,0.1053,0.0827,0.128,1.0743,0.0853,10.01,2026-09-10
2012-07-27,,0.1055,0.0827,0.1297,1.0669,0.086,10.15,2026-09-10
2012-07-30,,0.1059,0.0829,0.1302,1.0638,0.0863,10.21,2026-09-10
2012-07-31,,0.1061,0.0828,0.1301,1.0639,0.0863,10.18,2026-09-10
2012-08-01,,0.1052,0.0827,0.1295,1.0687,0.0858,10.12,2026-09-10
2012-08-02,,0.1051,0.0828,0.1287,1.0715,0.0855,10.1,2026-09-10
2012-08-03,,0.1052,0.0826,0.1283,1.0732,0.0854,10.04,2026-09-10
2012-08-06,,0.1055,0.0836,0.1306,1.0627,0.0864,10.24,2026-09-10
2012-08-07,,0.1052,0.0837,0.1303,1.0648,0.0862,10.19,2026-09-10
2012-08-08,,0.1052,0.0836,0.1303,1.0644,0.0862,10.22,2026-09-10
2012-08-09,,0.1059,0.0836,0.1311,1.0596,0.0867,10.29,2026-09-10
2012-08-10,,0.1063,0.0836,0.1306,1.0601,0.0867,10.26,2026-09-10
2012-08-13,,0.1064,0.0834,0.1306,1.0601,0.0867,10.23,2026-09-10
2012-08-14,,0.1056,0.0832,0.1307,1.0621,0.0865,10.27,2026-09-10
2012-08-15,,0.1055,0.0831,0.1302,1.0643,0.0862,10.26,2026-09-10
2012-08-16,,0.1054,0.0827,0.1294,1.067,0.086,10.26,2026-09-10
2012-08-17,,0.1048,0.0824,0.1296,1.0684,0.0858,10.29,2026-09-10
2012-08-20,,0.1044,0.0821,0.1288,1.073,0.0854,10.23,2026-09-10
2012-08-21,,0.1043,0.082,0.129,1.0727,0.0854,10.23,2026-09-10
2012-08-22,,0.1039,0.082,0.1294,1.0722,0.0855,10.26,2026-09-10
2012-08-23,,0.1037,0.0817,0.1299,1.0724,0.0854,10.2,2026-09-10
2012-08-24,,0.1029,0.0814,0.1291,1.0776,0.0849,10.15,2026-09-10
2012-08-27,,0.1027,0.0812,0.1284,1.0811,0.0846,10.11,2026-09-10
2012-08-28,,0.1028,0.0813,0.1283,1.0813,0.0846,10.08,2026-09-10
2012-08-29,,0.1023,0.0812,0.1285,1.0823,0.0845,10.09,2026-09-10
2012-08-30,,0.1025,0.0812,0.1286,1.0813,0.0846,10.11,2026-09-10
2012-08-31,,0.1023,0.081,0.1279,1.0847,0.0842,10.03,2026-09-10
2012-09-03,,0.1023,0.0811,0.1286,1.0821,0.0845,10.07,2026-09-10
2012-09-04,,0.1023,0.0812,0.129,1.0803,0.0847,10.11,2026-09-10
2012-09-05,,0.1025,0.081,0.1284,1.0822,0.0845,10.07,2026-09-10
2012-09-06,,0.1022,0.0811,0.129,1.081,0.0846,10.11,2026-09-10
2012-09-07,,0.1028,0.0815,0.13,1.0744,0.0852,10.26,2026-09-10
2012-09-10,,0.1024,0.0818,0.1309,1.0728,0.0854,10.24,2026-09-10
2012-09-11,,0.1026,0.0818,0.1309,1.0721,0.0854,10.24,2026-09-10
2012-09-12,,0.1021,0.0817,0.1314,1.0723,0.0854,10.24,2026-09-10
2012-09-13,,0.1005,0.0806,0.1299,1.0843,0.0843,10.09,2026-09-10
2012-09-14,,0.1007,0.0811,0.1314,1.0776,0.0849,10.19,2026-09-10
2012-09-17,,0.1,0.081,0.1314,1.0793,0.0847,10.28,2026-09-10
2012-09-18,,0.0999,0.0805,0.1308,1.0818,0.0845,10.29,2026-09-10
2012-09-19,,0.1007,0.0809,0.1316,1.0756,0.0851,10.41,2026-09-10
2012-09-20,,0.1002,0.0804,0.1301,1.0838,0.0843,10.17,2026-09-10
2012-09-21,,0.1005,0.0803,0.1306,1.0815,0.0845,10.2,2026-09-10
2012-09-24,,0.1006,0.0803,0.1301,1.0829,0.0844,10.16,2026-09-10
2012-09-25,,0.1013,0.0806,0.1307,1.0787,0.0848,10.17,2026-09-10
2012-09-26,,0.1016,0.0809,0.1307,1.0774,0.0849,10.16,2026-09-10
2012-09-27,,0.1017,0.081,0.1311,1.0753,0.0851,10.19,2026-09-10
2012-09-28,,0.1012,0.0805,0.131,1.0783,0.0848,10.15,2026-09-10
2012-10-03,,0.1004,0.0803,0.1294,1.0863,0.0841,10.12,2026-09-10
2012-10-04,,0.1,0.0803,0.1293,1.087,0.084,10.16,2026-09-10
2012-10-05,,0.0987,0.0794,0.1285,1.0955,0.0832,10.08,2026-09-10
2012-10-08,,0.0972,0.0784,0.1262,1.1101,0.0819,9.91,2026-09-10
2012-10-09,,0.0969,0.0784,0.1258,1.113,0.0816,9.86,2026-09-10
2012-10-10,,0.0984,0.0791,0.1265,1.1047,0.0823,9.89,2026-09-10
2012-10-11,,0.0985,0.0791,0.1266,1.1043,0.0824,9.87,2026-09-10
2012-10-12,,0.0985,0.0794,0.1274,1.1004,0.0827,9.99,2026-09-10
2012-10-15,,0.0977,0.0787,0.1261,1.1088,0.082,9.9,2026-09-10
2012-10-16,,0.0972,0.0785,0.1263,1.1092,0.0819,9.96,2026-09-10
2012-10-17,,0.0971,0.0789,0.1273,1.1056,0.0823,10.01,2026-09-10
2012-10-18,,0.0977,0.0795,0.1282,1.0989,0.0829,10.14,2026-09-10
2012-10-19,,0.0975,0.0794,0.1274,1.1023,0.0826,10.11,2026-09-10
2012-10-22,,0.0977,0.0795,0.1275,1.1009,0.0827,10.16,2026-09-10
2012-10-23,,0.0976,0.0795,0.1273,1.1018,0.0826,10.17,2026-09-10
2012-10-24,,0.0974,0.0792,0.1266,1.1055,0.0823,10.1,2026-09-10
2012-10-25,,0.0974,0.0788,0.1267,1.1051,0.0823,10.15,2026-09-10
2012-10-26,,0.0977,0.0784,0.1262,1.1068,0.0821,10.09,2026-09-10
2012-10-29,,0.0983,0.079,0.127,1.101,0.0827,10.13,2026-09-10
2012-10-30,,0.0982,0.0791,0.1269,1.102,0.0826,10.08,2026-09-10
2012-10-31,,0.0982,0.0791,0.1273,1.1005,0.0827,10.13,2026-09-10
2012-11-01,,0.0981,0.0788,0.1272,1.1012,0.0827,10.18,2026-09-10
2012-11-02,,0.0985,0.079,0.1271,1.0998,0.0828,10.2,2026-09-10
2012-11-05,,0.0982,0.0786,0.126,1.1051,0.0823,10.13,2026-09-10
2012-11-06,,0.0988,0.079,0.1264,1.1017,0.0826,10.12,2026-09-10
2012-11-07,,0.0989,0.0794,0.1273,1.097,0.083,10.2,2026-09-10
2012-11-08,,0.0995,0.0794,0.127,1.0968,0.0831,10.14,2026-09-10
2012-11-09,,0.0991,0.0791,0.1266,1.1002,0.0827,10.07,2026-09-10
2012-11-12,,0.0994,0.0795,0.1265,1.0991,0.0828,10.06,2026-09-10
2012-11-13,,0.0992,0.0793,0.1258,1.1029,0.0825,9.98,2026-09-10
2012-11-14,,0.099,0.0792,0.1259,1.1027,0.0825,10.03,2026-09-10
2012-11-15,,0.0977,0.0786,0.1245,1.1121,0.0817,10.06,2026-09-10
2012-11-16,,0.0976,0.0786,0.1246,1.1119,0.0817,10.09,2026-09-10
2012-11-19,,0.0981,0.0786,0.1252,1.1075,0.0821,10.18,2026-09-10
2012-11-20,,0.0979,0.0787,0.1252,1.108,0.082,10.18,2026-09-10
2012-11-21,,0.0977,0.0784,0.1247,1.1103,0.0818,10.21,2026-09-10
2012-11-22,,0.0968,0.0779,0.1244,1.1143,0.0814,10.25,2026-09-10
2012-11-23,,0.0968,0.0782,0.1248,1.113,0.0816,10.27,2026-09-10
2012-11-26,,0.0966,0.0781,0.125,1.1129,0.0816,10.26,2026-09-10
2012-11-27,,0.0966,0.0782,0.1255,1.1107,0.0818,10.32,2026-09-10
2012-11-28,,0.0971,0.0784,0.1254,1.1094,0.0819,10.25,2026-09-10
2012-11-29,,0.097,0.0785,0.1256,1.1086,0.082,10.32,2026-09-10
2012-11-30,,0.097,0.0786,0.1261,1.1064,0.0821,10.39,2026-09-10
2012-12-03,,0.0961,0.0781,0.1252,1.1132,0.0815,10.31,2026-09-10
2012-12-04,,0.0961,0.0779,0.1254,1.1131,0.0815,10.3,2026-09-10
2012-12-05,,0.0962,0.0783,0.1261,1.1098,0.0818,10.37,2026-09-10
2012-12-06,,0.0966,0.0784,0.1262,1.1076,0.082,10.39,2026-09-10
2012-12-07,,0.0978,0.0789,0.1266,1.1013,0.0826,10.44,2026-09-10
2012-12-10,,0.0983,0.0792,0.1269,1.0983,0.0829,10.46,2026-09-10
2012-12-11,,0.0979,0.0789,0.1269,1.1,0.0827,10.44,2026-09-10
2012-12-12,,0.0977,0.0788,0.127,1.0999,0.0827,10.5,2026-09-10
2012-12-13,,0.0972,0.0788,0.1272,1.1001,0.0827,10.63,2026-09-10
2012-12-14,,0.097,0.0788,0.1272,1.1001,0.0827,10.67,2026-09-10
2012-12-17,,0.0969,0.0788,0.1275,1.0994,0.0828,10.72,2026-09-10
2012-12-18,,0.0973,0.079,0.1281,1.0953,0.0832,10.76,2026-09-10
2012-12-19,,0.0975,0.0793,0.1291,1.0908,0.0836,10.89,2026-09-10
2012-12-20,,0.0973,0.0791,0.1286,1.0937,0.0833,10.8,2026-09-10
2012-12-21,,0.0971,0.079,0.1283,1.0952,0.0832,10.79,2026-09-10
2012-12-24,,0.0969,0.079,0.1278,1.0976,0.0829,10.78,2026-09-10
2012-12-27,,0.0966,0.0792,0.1278,1.0971,0.083,10.96,2026-09-10
2012-12-28,,0.0971,0.0797,0.1285,1.0914,0.0835,11.11,2026-09-10
2012-12-31,,0.0975,0.0796,0.1286,1.0901,0.0836,11.07,2026-09-10
2013-01-03,,0.0975,0.079,0.1282,1.0911,0.0835,11.19,2026-09-10
2013-01-04,,0.0976,0.0792,0.1273,1.0938,0.0833,11.17,2026-09-10
2013-01-07,,0.0975,0.0793,0.1272,1.0941,0.0833,11.15,2026-09-10
2013-01-08,,0.0973,0.0793,0.1276,1.0938,0.0833,11.15,2026-09-10
2013-01-09,,0.0974,0.0794,0.1275,1.0932,0.0833,11.15,2026-09-10
2013-01-10,,0.0974,0.0794,0.1271,1.0941,0.0833,11.21,2026-09-10
2013-01-11,,0.0957,0.0786,0.1268,1.1015,0.0826,11.28,2026-09-10
2013-01-14,,0.0946,0.0785,0.1267,1.1051,0.0822,11.35,2026-09-10
2013-01-15,,0.0949,0.0788,0.1268,1.1041,0.0823,11.28,2026-09-10
2013-01-16,,0.0945,0.0782,0.1255,1.1116,0.0816,11.06,2026-09-10
2013-01-17,,0.0948,0.0787,0.126,1.1077,0.082,11.17,2026-09-10
2013-01-18,,0.0939,0.0786,0.1257,1.1108,0.0817,11.32,2026-09-10
2013-01-21,,0.094,0.0789,0.1252,1.1123,0.0816,11.22,2026-09-10
2013-01-22,,0.0942,0.0793,0.1258,1.1091,0.0819,11.22,2026-09-10
2013-01-23,,0.0942,0.0792,0.1254,1.1117,0.0816,11.06,2026-09-10
2013-01-24,,0.0931,0.0783,0.124,1.1207,0.0808,11.08,2026-09-10
2013-01-25,,0.0927,0.0786,0.1239,1.1217,0.0807,11.21,2026-09-10
2013-01-28,,0.0926,0.0791,0.1246,1.1179,0.0811,11.33,2026-09-10
2013-01-29,,0.092,0.0788,0.1237,1.1244,0.0805,11.23,2026-09-10
2013-01-30,,0.092,0.0788,0.1241,1.1222,0.0807,11.29,2026-09-10
2013-01-31,,0.0916,0.0786,0.1243,1.1234,0.0806,11.3,2026-09-10
2013-02-01,,0.0917,0.0787,0.1249,1.1193,0.0809,11.52,2026-09-10
2013-02-04,,0.0922,0.08,0.1256,1.113,0.0815,11.64,2026-09-10
2013-02-05,,0.0925,0.0792,0.1248,1.116,0.0812,11.53,2026-09-10
2013-02-06,,0.0926,0.0803,0.1256,1.1102,0.0818,11.78,2026-09-10
2013-02-07,,0.0925,0.0799,0.1252,1.1128,0.0815,11.72,2026-09-10
2013-02-08,,0.0931,0.0794,0.1249,1.1127,0.0815,11.64,2026-09-10
2013-02-11,,0.0935,0.0792,0.1251,1.1112,0.0817,11.58,2026-09-10
2013-02-12,,0.093,0.0794,0.1244,1.1144,0.0814,11.69,2026-09-10
2013-02-13,,0.0929,0.0796,0.1248,1.1134,0.0815,11.62,2026-09-10
2013-02-14,,0.0932,0.0807,0.1252,1.1092,0.0818,11.71,2026-09-10
2013-02-15,,0.094,0.081,0.1256,1.1053,0.0822,11.62,2026-09-10
2013-02-18,,0.0937,0.0807,0.125,1.1079,0.082,11.75,2026-09-10
2013-02-19,,0.0933,0.0805,0.1246,1.1111,0.0817,11.68,2026-09-10
2013-02-20,,0.0933,0.0811,0.1252,1.1087,0.0819,11.68,2026-09-10
2013-02-21,,0.0938,0.0819,0.1243,1.1089,0.0819,11.61,2026-09-10
2013-02-22,,0.0943,0.0815,0.1245,1.107,0.082,11.62,2026-09-10
2013-02-26,,0.0953,0.082,0.1245,1.1039,0.0823,11.45,2026-09-10
2013-02-27,,0.0954,0.0826,0.1247,1.1025,0.0824,11.44,2026-09-10
2013-02-28,,0.0949,0.0823,0.1248,1.1036,0.0823,11.52,2026-09-10
2013-03-01,,0.0943,0.0812,0.1233,1.1124,0.0815,11.41,2026-09-10
2013-03-04,,0.0943,0.0816,0.1227,1.1136,0.0814,11.46,2026-09-10
2013-03-05,,0.0943,0.0813,0.1229,1.1137,0.0814,11.43,2026-09-10
2013-03-06,,0.0943,0.0814,0.1232,1.1121,0.0816,11.48,2026-09-10
2013-03-07,,0.0942,0.0816,0.1225,1.1143,0.0814,11.5,2026-09-10
2013-03-08,,0.0932,0.0814,0.1221,1.1184,0.081,11.64,2026-09-10
2013-03-11,,0.094,0.0819,0.1223,1.1138,0.0814,11.74,2026-09-10
2013-03-12,,0.0938,0.0821,0.1222,1.1142,0.0814,11.77,2026-09-10
2013-03-13,,0.0935,0.0816,0.1219,1.1176,0.0811,11.67,2026-09-10
2013-03-14,,0.0936,0.0811,0.1212,1.1205,0.0808,11.63,2026-09-10
2013-03-15,,0.0936,0.0807,0.1219,1.1181,0.081,11.71,2026-09-10
2013-03-18,,0.0941,0.0804,0.1215,1.1196,0.0809,11.47,2026-09-10
2013-03-19,,0.094,0.0806,0.1217,1.1179,0.081,11.61,2026-09-10
2013-03-20,,0.094,0.0803,0.1212,1.1207,0.0808,11.52,2026-09-10
2013-03-21,,0.0933,0.0799,0.1208,1.125,0.0804,11.56,2026-09-10
2013-03-22,,0.0937,0.0796,0.1209,1.1242,0.0805,11.45,2026-09-10
2013-03-25,,0.0931,0.0796,0.1213,1.1248,0.0804,11.49,2026-09-10
2013-03-26,,0.094,0.0796,0.121,1.1229,0.0806,11.4,2026-09-10
2013-03-27,,0.0941,0.0798,0.121,1.122,0.0807,11.46,2026-09-10
2013-03-28,,0.0946,0.0799,0.121,1.1205,0.0808,11.4,2026-09-10
2013-04-02,,0.0947,0.0799,0.1217,1.1182,0.081,11.3,2026-09-10
2013-04-03,,0.0947,0.0803,0.1212,1.1195,0.0809,11.33,2026-09-10
2013-04-04,,0.0943,0.0802,0.1211,1.1196,0.0809,11.55,2026-09-10
2013-04-05,,0.0945,0.0802,0.122,1.115,0.0809,11.71,2026-09-10
2013-04-08,,0.0943,0.0799,0.1224,1.1125,0.0815,12.08,2026-09-10
2013-04-09,,0.0946,0.0808,0.1232,1.1069,0.082,12.2,2026-09-10
2013-04-10,,0.0946,0.0807,0.1238,1.1046,0.0822,12.27,2026-09-10
2013-04-11,,0.0946,0.0807,0.1237,1.1048,0.0822,12.34,2026-09-10
2013-04-12,,0.0946,0.0805,0.124,1.104,0.0823,12.32,2026-09-10
2013-04-15,,0.0942,0.0804,0.1231,1.1097,0.0817,12.08,2026-09-10
2013-04-16,,0.0934,0.0798,0.1222,1.1175,0.0811,11.92,2026-09-10
2013-04-17,,0.0929,0.0798,0.1224,1.1178,0.081,12.03,2026-09-10
2013-04-18,,0.0934,0.0799,0.1219,1.118,0.081,11.94,2026-09-10
2013-04-19,,0.0934,0.0798,0.1221,1.1167,0.0811,12.06,2026-09-10
2013-04-22,,0.0929,0.0797,0.1214,1.1208,0.0808,12.11,2026-09-10
2013-04-23,,0.0929,0.0794,0.1211,1.1232,0.0805,11.94,2026-09-10
2013-04-24,,0.0934,0.0797,0.1214,1.1189,0.0809,12.1,2026-09-10
2013-04-25,,0.0938,0.0798,0.1223,1.1144,0.0813,12.12,2026-09-10
2013-04-26,,0.094,0.0792,0.1224,1.1144,0.0813,12.08,2026-09-10
2013-04-29,,0.094,0.0791,0.1228,1.1138,0.0814,12.0,2026-09-10
2013-04-30,,0.0943,0.0797,0.1234,1.1091,0.0818,12.06,2026-09-10
2013-05-02,,0.0936,0.0792,0.1232,1.1136,0.0814,11.98,2026-09-10
2013-05-03,,0.0947,0.0797,0.1237,1.1065,0.082,12.13,2026-09-10
2013-05-06,,0.0945,0.0795,0.1239,1.1061,0.0821,12.29,2026-09-10
2013-05-07,,0.0942,0.0792,0.1232,1.1103,0.0817,12.19,2026-09-10
2013-05-08,,0.0939,0.0794,0.123,1.1119,0.0815,12.16,2026-09-10
2013-05-10,,0.0941,0.0795,0.1228,1.1101,0.0817,12.41,2026-09-10
2013-05-13,,0.0939,0.0793,0.1219,1.1142,0.0813,12.39,2026-09-10
2013-05-14,,0.0936,0.0795,0.1217,1.1157,0.0812,12.35,2026-09-10
2013-05-15,,0.0937,0.0795,0.121,1.1174,0.081,12.37,2026-09-10
2013-05-16,,0.0937,0.0793,0.1205,1.1195,0.0808,12.34,2026-09-10
2013-05-17,,0.0932,0.0786,0.1198,1.1252,0.0804,12.28,2026-09-10
2013-05-20,,0.0931,0.0787,0.1196,1.126,0.0803,12.28,2026-09-10
2013-05-21,,0.0927,0.0783,0.1194,1.1288,0.08,12.26,2026-09-10
2013-05-22,,0.0918,0.0782,0.1186,1.1357,0.0794,12.16,2026-09-10
2013-05-23,,0.0919,0.0784,0.1178,1.1388,0.0792,11.98,2026-09-10
2013-05-24,,0.092,0.0788,0.119,1.1333,0.0796,12.09,2026-09-10
2013-05-27,,0.0916,0.0783,0.1185,1.1381,0.0792,11.96,2026-09-10
2013-05-28,,0.0914,0.0782,0.1181,1.1395,0.0791,12.04,2026-09-10
2013-05-29,,0.091,0.0778,0.1169,1.1464,0.0785,11.94,2026-09-10
2013-05-30,,0.0904,0.0773,0.1173,1.149,0.0783,11.8,2026-09-10
2013-05-31,,0.0887,0.076,0.1156,1.1643,0.0771,11.68,2026-09-10
2013-06-03,,0.0888,0.0759,0.1155,1.1648,0.077,11.59,2026-09-10
2013-06-04,,0.0897,0.0765,0.1171,1.1536,0.0779,11.74,2026-09-10
2013-06-05,,0.0896,0.0766,0.1174,1.1532,0.078,11.69,2026-09-10
2013-06-06,,0.0884,0.0751,0.1159,1.1669,0.0768,11.49,2026-09-10
2013-06-07,,0.0887,0.0753,0.1175,1.1605,0.0774,11.33,2026-09-10
2013-06-10,,0.0879,0.0747,0.116,1.1692,0.0767,11.42,2026-09-10
2013-06-11,,0.0867,0.0738,0.1151,1.1794,0.0758,11.3,2026-09-10
2013-06-12,,0.0874,0.0743,0.1163,1.172,0.0764,11.24,2026-09-10
2013-06-13,,0.087,0.0743,0.1165,1.1753,0.0762,10.95,2026-09-10
2013-06-14,,0.0883,0.075,0.1179,1.162,0.0772,11.19,2026-09-10
2013-06-17,,0.088,0.0748,0.1174,1.1656,0.0769,11.14,2026-09-10
2013-06-18,,0.0877,0.0746,0.117,1.1688,0.0767,11.1,2026-09-10
2013-06-19,,0.0873,0.0748,0.117,1.1701,0.0766,11.12,2026-09-10
2013-06-20,,0.0868,0.0745,0.115,1.1789,0.0759,11.19,2026-09-10
2013-06-21,,0.0872,0.0744,0.1155,1.1753,0.0762,11.29,2026-09-10
2013-06-24,,0.0875,0.0746,0.1146,1.1768,0.076,11.29,2026-09-10
2013-06-25,,0.0886,0.0753,0.1164,1.1646,0.077,11.34,2026-09-10
2013-06-26,,0.0887,0.0751,0.1159,1.1665,0.0769,11.31,2026-09-10
2013-06-27,,0.0888,0.0755,0.1157,1.166,0.0769,11.35,2026-09-10
2013-06-28,,0.0893,0.0764,0.1166,1.1586,0.0775,11.51,2026-09-10
2013-07-02,,0.0893,0.0767,0.1167,1.1569,0.0776,11.65,2026-09-10
2013-07-03,,0.0891,0.0763,0.1156,1.1616,0.0772,11.66,2026-09-10
2013-07-04,,0.089,0.0759,0.1157,1.1635,0.0771,11.55,2026-09-10
2013-07-05,,0.0896,0.0768,0.1155,1.1603,0.0774,11.58,2026-09-10
2013-07-08,,0.0889,0.0766,0.1141,1.1688,0.0767,11.52,2026-09-10
2013-07-09,,0.0891,0.0767,0.1148,1.1645,0.077,11.62,2026-09-10
2013-07-10,,0.0903,0.0776,0.1156,1.1556,0.0777,11.62,2026-09-10
2013-07-11,,0.0892,0.0772,0.1168,1.1567,0.0776,11.52,2026-09-10
2013-07-12,,0.0888,0.0766,0.1162,1.1614,0.0773,11.49,2026-09-10
2013-07-17,,0.0891,0.0775,0.1171,1.1549,0.0778,11.63,2026-09-10
2013-07-18,,0.0894,0.0772,0.1171,1.1535,0.0779,11.73,2026-09-10
2013-07-19,,0.0889,0.0767,0.1168,1.1577,0.0776,11.68,2026-09-10
2013-07-22,,0.0893,0.0769,0.1175,1.1527,0.078,11.76,2026-09-10
2013-07-23,,0.0892,0.0766,0.1177,1.153,0.0779,11.71,2026-09-10
2013-07-24,,0.0896,0.077,0.1182,1.1486,0.0783,11.81,2026-09-10
2013-07-25,,0.0892,0.0768,0.1179,1.1516,0.0781,11.78,2026-09-10
2013-07-26,,0.0891,0.0769,0.1184,1.1509,0.0781,11.7,2026-09-10
2013-07-29,,0.0887,0.0766,0.1178,1.1558,0.0777,11.53,2026-09-10
2013-07-30,,0.0888,0.0768,0.1177,1.155,0.0778,11.58,2026-09-10
2013-07-31,,0.0886,0.0772,0.1174,1.1569,0.0776,11.49,2026-09-10
2013-08-01,,0.0883,0.0773,0.1172,1.1583,0.0775,11.54,2026-09-10
2013-08-02,,0.088,0.0769,0.1163,1.1628,0.0771,11.59,2026-09-10
2013-08-05,,0.0884,0.0768,0.1174,1.1581,0.0775,11.55,2026-09-10
2013-08-06,,0.0887,0.0766,0.1175,1.1567,0.0776,11.57,2026-09-10
2013-08-07,,0.0881,0.0764,0.1172,1.1613,0.0772,11.38,2026-09-10
2013-08-08,,0.088,0.0757,0.1174,1.1628,0.0771,11.3,2026-09-10
2013-08-09,,0.0883,0.076,0.1182,1.1574,0.0776,11.41,2026-09-10
2013-08-12,,0.0887,0.0762,0.1182,1.156,0.0777,11.4,2026-09-10
2013-08-13,,0.0882,0.076,0.1175,1.1602,0.0773,11.44,2026-09-10
2013-08-14,,0.0878,0.0755,0.1165,1.1658,0.0769,11.46,2026-09-10
2013-08-15,,0.0881,0.0754,0.1171,1.1629,0.0771,11.45,2026-09-10
2013-08-16,,0.0876,0.0747,0.1167,1.1675,0.0767,11.4,2026-09-10
2013-08-19,,0.0872,0.0744,0.1162,1.1719,0.0764,11.35,2026-09-10
2013-08-20,,0.0865,0.0738,0.1154,1.1791,0.0758,11.23,2026-09-10
2013-08-21,,0.0864,0.0739,0.1158,1.1774,0.0759,11.3,2026-09-10
2013-08-22,,0.0858,0.0734,0.1145,1.1858,0.0753,11.24,2026-09-10
2013-08-23,,0.0862,0.0738,0.115,1.1804,0.0757,11.4,2026-09-10
2013-08-26,,0.0862,0.0741,0.1153,1.1793,0.0758,11.37,2026-09-10
2013-08-27,,0.0858,0.0736,0.1146,1.1852,0.0753,11.25,2026-09-10
2013-08-28,,0.0852,0.0735,0.114,1.1913,0.0749,11.09,2026-09-10
2013-08-29,,0.0862,0.0739,0.1147,1.1826,0.0755,11.22,2026-09-10
2013-08-30,,0.0864,0.0738,0.1145,1.1827,0.0755,11.24,2026-09-10
2013-09-02,,0.0873,0.0741,0.1154,1.1744,0.0762,11.38,2026-09-10
2013-09-03,,0.0872,0.0739,0.1148,1.1768,0.076,11.44,2026-09-10
2013-09-04,,0.0871,0.0736,0.1146,1.1783,0.0759,11.43,2026-09-10
2013-09-05,,0.0871,0.0735,0.1148,1.1776,0.0759,11.46,2026-09-10
2013-09-06,,0.0876,0.0737,0.1149,1.1748,0.0761,11.47,2026-09-10
2013-09-09,,0.0882,0.0743,0.1162,1.1662,0.0768,11.58,2026-09-10
2013-09-10,,0.088,0.0744,0.1168,1.1643,0.077,11.66,2026-09-10
2013-09-11,,0.0878,0.074,0.1164,1.1667,0.0768,11.68,2026-09-10
2013-09-12,,0.0883,0.0743,0.1175,1.1602,0.0773,11.67,2026-09-10
2013-09-13,,0.0879,0.0739,0.1167,1.1655,0.0769,11.65,2026-09-10
2013-09-16,,0.0881,0.0738,0.1178,1.1612,0.0772,11.63,2026-09-10
2013-09-17,,0.0884,0.0741,0.118,1.1583,0.0775,11.7,2026-09-10
2013-09-18,,0.0884,0.0742,0.1181,1.1579,0.0775,11.72,2026-09-10
2013-09-19,,0.0887,0.0745,0.1201,1.1486,0.0783,11.82,2026-09-10
2013-09-20,,0.088,0.0742,0.1191,1.1553,0.0777,11.83,2026-09-10
2013-09-23,,0.0872,0.0737,0.1181,1.1631,0.0771,11.69,2026-09-10
2013-09-24,,0.0875,0.0737,0.1181,1.1621,0.0771,11.69,2026-09-10
2013-09-25,,0.0876,0.0737,0.118,1.1626,0.0771,11.64,2026-09-10
2013-09-26,,0.0868,0.073,0.1174,1.1688,0.0766,11.62,2026-09-10
2013-09-27,,0.0869,0.0728,0.1172,1.1697,0.0765,11.57,2026-09-10
2013-10-02,,0.086,0.0719,0.1163,1.1796,0.0757,11.36,2026-09-10
2013-10-03,,0.0862,0.0723,0.1172,1.1743,0.0762,11.45,2026-09-10
2013-10-04,,0.0861,0.0726,0.1173,1.1741,0.0762,11.39,2026-09-10
2013-10-07,,0.0864,0.0731,0.1172,1.1726,0.0763,11.38,2026-09-10
2013-10-08,,0.0865,0.073,0.1173,1.1722,0.0763,11.4,2026-09-10
2013-10-09,,0.0866,0.0731,0.1174,1.1704,0.0765,11.44,2026-09-10
2013-10-10,,0.0868,0.0735,0.1172,1.17,0.0765,11.45,2026-09-10
2013-10-11,,0.0871,0.0738,0.1179,1.1645,0.0769,11.61,2026-09-10
2013-10-14,,0.0868,0.0736,0.1177,1.1675,0.0767,11.56,2026-09-10
2013-10-15,,0.0867,0.0736,0.1176,1.168,0.0767,11.57,2026-09-10
2013-10-16,,0.0868,0.0734,0.1174,1.1683,0.0766,11.56,2026-09-10
2013-10-17,,0.087,0.0738,0.118,1.1644,0.0769,11.61,2026-09-10
2013-10-18,,0.0867,0.0733,0.1186,1.1648,0.0769,11.62,2026-09-10
2013-10-21,,0.0868,0.0735,0.1188,1.1626,0.0771,11.66,2026-09-10
2013-10-22,,0.0866,0.0734,0.1184,1.1651,0.0769,11.64,2026-09-10
2013-10-23,,0.0864,0.0735,0.119,1.1642,0.077,11.59,2026-09-10
2013-10-24,,0.0863,0.0736,0.1192,1.1635,0.077,11.62,2026-09-10
2013-10-25,,0.0862,0.0734,0.1191,1.1651,0.0769,11.56,2026-09-10
2013-10-28,,0.0861,0.0734,0.1188,1.1663,0.0768,11.6,2026-09-10
2013-10-29,,0.086,0.0736,0.1185,1.1676,0.0767,11.56,2026-09-10
2013-10-30,,0.086,0.0737,0.1182,1.1679,0.0766,11.62,2026-09-10
2013-10-31,,0.086,0.0736,0.1178,1.1703,0.0765,11.58,2026-09-10
2013-11-01,,0.0863,0.0729,0.1169,1.1737,0.0762,11.45,2026-09-10
2013-11-04,,0.086,0.0728,0.116,1.1786,0.0758,11.45,2026-09-10
2013-11-05,,0.086,0.0727,0.1161,1.1785,0.0758,11.43,2026-09-10
2013-11-06,,0.0857,0.072,0.1158,1.1817,0.0756,11.42,2026-09-10
2013-11-07,,0.0853,0.0718,0.1154,1.1853,0.0753,11.38,2026-09-10
2013-11-08,,0.086,0.0716,0.1153,1.1838,0.0754,11.31,2026-09-10
2013-11-11,,0.0858,0.0716,0.1147,1.186,0.0752,11.35,2026-09-10
2013-11-12,,0.0854,0.0716,0.1143,1.1894,0.0749,11.38,2026-09-10
2013-11-13,,0.0854,0.0722,0.1148,1.1864,0.0752,11.42,2026-09-10
2013-11-14,,0.0855,0.0718,0.1151,1.1851,0.0753,11.47,2026-09-10
2013-11-15,,0.0858,0.0718,0.1155,1.1816,0.0756,11.55,2026-09-10
2013-11-18,,0.0859,0.0719,0.116,1.1788,0.0758,11.61,2026-09-10
2013-11-19,,0.086,0.0721,0.1161,1.1779,0.0758,11.6,2026-09-10
2013-11-20,,0.0855,0.0719,0.1158,1.1817,0.0755,11.58,2026-09-10
2013-11-21,,0.0862,0.0719,0.1157,1.1786,0.0758,11.65,2026-09-10
2013-11-22,,0.0861,0.0717,0.1161,1.1773,0.0759,11.73,2026-09-10
2013-11-25,,0.086,0.0718,0.1164,1.1758,0.076,11.86,2026-09-10
2013-11-26,,0.086,0.0721,0.1164,1.1752,0.076,11.82,2026-09-10
2013-11-27,,0.0855,0.0717,0.1162,1.1787,0.0758,11.8,2026-09-10
2013-11-28,,0.0852,0.0709,0.1157,1.1831,0.0754,11.82,2026-09-10
2013-11-29,,0.0852,0.0709,0.116,1.1819,0.0755,11.87,2026-09-10
2013-12-02,,0.0854,0.0707,0.1161,1.1806,0.0756,11.9,2026-09-10
2013-12-03,,0.085,0.0703,0.1151,1.1865,0.0752,11.89,2026-09-10
2013-12-04,,0.0845,0.07,0.1148,1.1907,0.0748,11.78,2026-09-10
2013-12-05,,0.084,0.0699,0.1146,1.1945,0.0745,11.69,2026-09-10
2013-12-06,,0.0838,0.0702,0.1145,1.1952,0.0745,11.7,2026-09-10
2013-12-09,,0.084,0.0704,0.1151,1.1908,0.0748,11.86,2026-09-10
2013-12-10,,0.0837,0.07,0.1151,1.1929,0.0747,11.88,2026-09-10
2013-12-11,,0.0837,0.0701,0.1152,1.1927,0.0747,11.83,2026-09-10
2013-12-12,,0.0833,0.0702,0.1148,1.1959,0.0744,11.79,2026-09-10
2013-12-13,,0.0834,0.0702,0.1147,1.1952,0.0745,11.89,2026-09-10
2013-12-16,,0.084,0.0708,0.1155,1.1889,0.075,11.88,2026-09-10
2013-12-17,,0.084,0.0709,0.1157,1.1879,0.075,11.91,2026-09-10
2013-12-18,,0.0836,0.0707,0.1151,1.1924,0.0747,11.85,2026-09-10
2013-12-19,,0.084,0.0702,0.1149,1.1913,0.0748,11.95,2026-09-10
2013-12-20,,0.084,0.07,0.1146,1.1927,0.0747,11.96,2026-09-10
2013-12-23,,0.0841,0.0704,0.115,1.19,0.0749,11.97,2026-09-10
2013-12-24,,0.084,0.0704,0.115,1.1903,0.0748,11.98,2026-09-10
2013-12-27,,0.0838,0.07,0.1152,1.1907,0.0748,12.07,2026-09-10
2013-12-30,,0.083,0.0692,0.114,1.2005,0.0741,12.01,2026-09-10
2013-12-31,,0.0832,0.0696,0.1147,1.1963,0.0744,12.04,2026-09-10
2014-01-03,,0.0829,0.0689,0.1132,1.2051,0.0737,11.8,2026-09-10
2014-01-06,,0.0831,0.069,0.1129,1.2056,0.0737,11.78,2026-09-10
2014-01-07,,0.0831,0.069,0.1131,1.2046,0.0738,11.82,2026-09-10
2014-01-08,,0.0831,0.069,0.1132,1.2043,0.0738,11.87,2026-09-10
2014-01-09,,0.0827,0.0683,0.1124,1.2099,0.0734,11.8,2026-09-10
2014-01-10,,0.0824,0.0681,0.1123,1.2125,0.0732,11.78,2026-09-10
2014-01-13,,0.0828,0.0687,0.1133,1.2062,0.0736,11.72,2026-09-10
2014-01-14,,0.0821,0.0685,0.1122,1.2148,0.073,11.59,2026-09-10
2014-01-15,,0.082,0.0682,0.1119,1.2163,0.0729,11.68,2026-09-10
2014-01-16,,0.0819,0.0682,0.1116,1.2177,0.0728,11.69,2026-09-10
2014-01-17,,0.0821,0.0684,0.1118,1.2162,0.0729,11.66,2026-09-10
2014-01-20,,0.0826,0.068,0.1118,1.2147,0.073,11.64,2026-09-10
2014-01-21,,0.0826,0.0681,0.1118,1.2139,0.0731,11.7,2026-09-10
2014-01-22,,0.0825,0.0679,0.1119,1.2143,0.073,11.68,2026-09-10
2014-01-23,,0.0823,0.0673,0.1115,1.2181,0.0727,11.63,2026-09-10
2014-01-24,,0.0812,0.0669,0.1112,1.2259,0.0722,11.49,2026-09-10
2014-01-27,,0.0808,0.067,0.1106,1.2312,0.0718,11.33,2026-09-10
2014-01-28,,0.081,0.0667,0.1109,1.2291,0.0719,11.38,2026-09-10
2014-01-29,,0.0816,0.0673,0.1115,1.222,0.0725,11.52,2026-09-10
2014-01-30,,0.0804,0.0662,0.1097,1.2389,0.0713,11.24,2026-09-10
2014-01-31,,0.0812,0.0667,0.11,1.2327,0.0717,11.27,2026-09-10
2014-02-03,,0.0815,0.067,0.11,1.2308,0.0718,11.23,2026-09-10
2014-02-04,,0.0811,0.0675,0.1097,1.2338,0.0716,11.08,2026-09-10
2014-02-05,,0.0817,0.0675,0.1103,1.2282,0.072,11.19,2026-09-10
2014-02-06,,0.0817,0.0678,0.1105,1.2265,0.0721,11.21,2026-09-10
2014-02-07,,0.0816,0.0679,0.1109,1.2243,0.0723,11.34,2026-09-10
2014-02-10,,0.0814,0.0675,0.1109,1.2258,0.0722,11.36,2026-09-10
2014-02-11,,0.0809,0.0673,0.1106,1.23,0.0719,11.32,2026-09-10
2014-02-12,,0.0817,0.0677,0.1115,1.2216,0.0725,11.43,2026-09-10
2014-02-13,,0.0815,0.0668,0.1111,1.2264,0.0721,11.34,2026-09-10
2014-02-14,,0.0814,0.0669,0.1113,1.2259,0.0722,11.32,2026-09-10
2014-02-17,,0.0819,0.0669,0.1123,1.2192,0.0726,11.41,2026-09-10
2014-02-18,,0.0819,0.0671,0.1122,1.2185,0.0727,11.51,2026-09-10
2014-02-19,,0.0815,0.0672,0.1122,1.2204,0.0726,11.47,2026-09-10
2014-02-20,,0.0808,0.0667,0.1112,1.2294,0.0719,11.32,2026-09-10
2014-02-21,,0.0811,0.0669,0.1113,1.2263,0.0721,11.41,2026-09-10
2014-02-24,,0.0813,0.0671,0.1117,1.2234,0.0723,11.43,2026-09-10
2014-02-25,,0.0817,0.0673,0.1123,1.2184,0.0727,11.5,2026-09-10
2014-02-26,,0.0822,0.0677,0.113,1.2123,0.0731,11.56,2026-09-10
2014-02-27,,0.082,0.0674,0.1123,1.2169,0.0728,11.5,2026-09-10
2014-02-28,,0.0825,0.0677,0.113,1.2115,0.0732,11.5,2026-09-10
2014-03-03,,0.0817,0.0673,0.1127,1.2173,0.0728,11.43,2026-09-10
2014-03-04,,0.0817,0.0674,0.1124,1.2183,0.0727,11.44,2026-09-10
2014-03-05,,0.0821,0.0676,0.1127,1.2146,0.073,11.51,2026-09-10
2014-03-06,,0.0824,0.0676,0.1131,1.211,0.0732,11.61,2026-09-10
2014-03-07,,0.0821,0.068,0.1138,1.2085,0.0734,11.71,2026-09-10
2014-03-10,,0.0814,0.0675,0.1129,1.2161,0.0729,11.64,2026-09-10
2014-03-11,,0.0815,0.0679,0.113,1.2145,0.073,11.67,2026-09-10
2014-03-12,,0.081,0.0675,0.1123,1.2208,0.0725,11.55,2026-09-10
2014-03-13,,0.081,0.0678,0.1129,1.2177,0.0727,11.59,2026-09-10
2014-03-14,,0.0812,0.0677,0.1125,1.2192,0.0726,11.43,2026-09-10
2014-03-17,,0.0816,0.0682,0.1134,1.2126,0.0731,11.53,2026-09-10
2014-03-18,,0.0811,0.0679,0.113,1.2171,0.0728,11.5,2026-09-10
2014-03-19,,0.0813,0.0682,0.1131,1.2157,0.0729,11.48,2026-09-10
2014-03-20,,0.0811,0.0678,0.1123,1.2201,0.0726,11.48,2026-09-10
2014-03-21,,0.0813,0.0678,0.112,1.2205,0.0725,11.47,2026-09-10
2014-03-24,,0.0812,0.068,0.1121,1.2201,0.0726,11.48,2026-09-10
2014-03-25,,0.0813,0.0682,0.1124,1.2182,0.0727,11.49,2026-09-10
2014-03-26,,0.0817,0.0683,0.1129,1.2137,0.073,11.55,2026-09-10
2014-03-27,,0.0821,0.0683,0.1132,1.2104,0.0733,11.58,2026-09-10
2014-03-28,,0.0827,0.0684,0.1137,1.2056,0.0736,11.61,2026-09-10
2014-03-31,,0.0828,0.0684,0.1138,1.2043,0.0737,11.7,2026-09-10
2014-04-01,,0.0828,0.0685,0.1141,1.2026,0.0738,11.78,2026-09-10
2014-04-02,,0.0824,0.0685,0.1138,1.2049,0.0737,11.82,2026-09-10
2014-04-03,,0.0824,0.0681,0.1133,1.2081,0.0734,11.78,2026-09-10
2014-04-04,,0.0827,0.0683,0.1133,1.2065,0.0735,11.77,2026-09-10
2014-04-07,,0.0831,0.0687,0.1139,1.2017,0.0739,11.75,2026-09-10
2014-04-08,,0.0833,0.0689,0.1144,1.1984,0.0742,11.78,2026-09-10
2014-04-09,,0.0831,0.0684,0.1146,1.1998,0.0741,11.69,2026-09-10
2014-04-10,,0.0832,0.0686,0.1151,1.1971,0.0742,11.71,2026-09-10
2014-04-11,,0.0827,0.0684,0.1148,1.2012,0.0739,11.68,2026-09-10
2014-04-14,,0.0826,0.0683,0.1143,1.2043,0.0737,11.61,2026-09-10
2014-04-15,,0.0827,0.0684,0.1143,1.2028,0.0738,11.65,2026-09-10
2014-04-16,,0.0826,0.0683,0.1142,1.2039,0.0737,11.68,2026-09-10
2014-04-17,,0.0826,0.0679,0.1143,1.2047,0.0737,11.66,2026-09-10
2014-04-22,,0.0829,0.0681,0.1144,1.2018,0.0739,11.72,2026-09-10
2014-04-23,,0.0826,0.0678,0.1142,1.2046,0.0737,11.72,2026-09-10
2014-04-24,,0.0824,0.0679,0.1139,1.2064,0.0735,11.66,2026-09-10
2014-04-25,,0.0822,0.0676,0.1137,1.209,0.0733,11.63,2026-09-10
2014-04-28,,0.0822,0.0676,0.1136,1.2096,0.0733,11.61,2026-09-10
2014-04-29,,0.0821,0.0677,0.1138,1.2085,0.0734,11.67,2026-09-10
2014-04-30,,0.0826,0.0678,0.114,1.2053,0.0736,11.68,2026-09-10
2014-05-02,,0.0827,0.0679,0.1146,1.2024,0.0738,11.74,2026-09-10
2014-05-05,,0.0828,0.0681,0.1149,1.2007,0.074,11.72,2026-09-10
2014-05-06,,0.0825,0.0678,0.1145,1.2036,0.0737,11.69,2026-09-10
2014-05-07,,0.0823,0.0675,0.1146,1.205,0.0736,11.63,2026-09-10
2014-05-08,,0.0826,0.0678,0.115,1.2017,0.0739,11.7,2026-09-10
2014-05-09,,0.0835,0.0682,0.1155,1.1948,0.0744,11.75,2026-09-10
2014-05-12,,0.0838,0.0684,0.1153,1.1937,0.0745,11.75,2026-09-10
2014-05-13,,0.0837,0.0683,0.1152,1.194,0.0745,11.79,2026-09-10
2014-05-14,,0.0843,0.0686,0.1156,1.1896,0.0748,11.81,2026-09-10
2014-05-15,,0.0842,0.0689,0.1154,1.1904,0.0747,11.77,2026-09-10
2014-05-16,,0.0838,0.0684,0.1149,1.1954,0.0744,11.67,2026-09-10
2014-05-19,,0.084,0.0685,0.1152,1.1931,0.0745,11.68,2026-09-10
2014-05-20,,0.0839,0.0684,0.115,1.1947,0.0744,11.66,2026-09-10
2014-05-21,,0.0836,0.068,0.1146,1.1987,0.0741,11.6,2026-09-10
2014-05-22,,0.0841,0.0681,0.115,1.1941,0.0745,11.69,2026-09-10
2014-05-23,,0.0845,0.0683,0.1153,1.1912,0.0747,11.72,2026-09-10
2014-05-26,,0.0846,0.0684,0.1152,1.1902,0.0747,11.75,2026-09-10
2014-05-27,,0.0843,0.0683,0.1151,1.1924,0.0746,11.73,2026-09-10
2014-05-28,,0.0838,0.0681,0.1143,1.1983,0.0741,11.65,2026-09-10
2014-05-30,,0.0842,0.0684,0.1146,1.1952,0.0744,11.64,2026-09-10
2014-06-02,,0.0834,0.0679,0.1137,1.2031,0.0738,11.59,2026-09-10
2014-06-03,,0.0831,0.0675,0.113,1.2077,0.0734,11.56,2026-09-10
2014-06-04,,0.0826,0.0673,0.1125,1.2122,0.0731,11.56,2026-09-10
2014-06-05,,0.0828,0.0673,0.1127,1.2105,0.0732,11.56,2026-09-10
2014-06-06,,0.0828,0.0673,0.113,1.2094,0.0733,11.57,2026-09-10
2014-06-09,,0.0833,0.0676,0.1138,1.2029,0.0738,11.65,2026-09-10
2014-06-10,,0.0833,0.0674,0.1133,1.2055,0.0736,11.59,2026-09-10
2014-06-11,,0.0832,0.0672,0.1126,1.2095,0.0733,11.52,2026-09-10
2014-06-12,,0.0831,0.067,0.1125,1.2109,0.0732,11.48,2026-09-10
2014-06-13,,0.0833,0.0666,0.113,1.2089,0.0733,11.53,2026-09-10
2014-06-16,,0.0832,0.0663,0.1127,1.211,0.0732,11.47,2026-09-10
2014-06-17,,0.083,0.0663,0.1126,1.2121,0.0731,11.48,2026-09-10
2014-06-18,,0.0827,0.066,0.1121,1.2161,0.0728,11.46,2026-09-10
2014-06-19,,0.0832,0.0666,0.1132,1.2086,0.0733,11.53,2026-09-10
2014-06-20,,0.0829,0.0662,0.1129,1.2116,0.0731,11.5,2026-09-10
2014-06-23,,0.0833,0.0666,0.1134,1.2068,0.0735,11.56,2026-09-10
2014-06-24,,0.0836,0.0668,0.1138,1.2033,0.0737,11.6,2026-09-10
2014-06-25,,0.0832,0.0668,0.1133,1.2072,0.0734,11.55,2026-09-10
2014-06-26,,0.0835,0.067,0.1138,1.2038,0.0737,11.58,2026-09-10
2014-06-27,,0.0833,0.0666,0.1135,1.2069,0.0735,11.51,2026-09-10
2014-06-30,,0.0834,0.0668,0.1138,1.2047,0.0736,11.53,2026-09-10
2014-07-02,,0.0828,0.066,0.1132,1.2111,0.0731,11.5,2026-09-10
2014-07-03,,0.0826,0.0658,0.1128,1.2142,0.0729,11.49,2026-09-10
2014-07-04,,0.083,0.0658,0.1129,1.2115,0.0731,11.52,2026-09-10
2014-07-07,,0.083,0.0657,0.1127,1.2131,0.073,11.5,2026-09-10
2014-07-08,,0.0829,0.0658,0.1127,1.2131,0.073,11.48,2026-09-10
2014-07-09,,0.0831,0.0661,0.1133,1.2092,0.0733,11.51,2026-09-10
2014-07-10,,0.083,0.0661,0.1133,1.21,0.0732,11.49,2026-09-10
2014-07-11,,0.0831,0.066,0.113,1.2108,0.0732,11.45,2026-09-10
2014-07-14,,0.083,0.0659,0.1128,1.2124,0.073,11.44,2026-09-10
2014-07-15,,0.083,0.0662,0.113,1.2104,0.0732,11.48,2026-09-10
2014-07-16,,0.0833,0.0659,0.1129,1.2104,0.0732,11.48,2026-09-10
2014-07-17,,0.0836,0.066,0.1131,1.2081,0.0734,11.48,2026-09-10
2014-07-18,,0.0835,0.066,0.1129,1.2094,0.0733,11.45,2026-09-10
2014-07-23,,0.0844,0.0666,0.1136,1.2012,0.0739,11.53,2026-09-10
2014-07-24,,0.0846,0.0668,0.1138,1.1991,0.074,11.55,2026-09-10
2014-07-25,,0.0845,0.067,0.1139,1.1985,0.0741,11.59,2026-09-10
2014-07-28,,0.0848,0.0671,0.114,1.1965,0.0742,11.61,2026-09-10
2014-07-29,,0.0844,0.0668,0.1133,1.2018,0.0738,11.56,2026-09-10
2014-07-30,,0.0844,0.0668,0.1132,1.2019,0.0738,11.56,2026-09-10
2014-07-31,,0.0842,0.0667,0.1128,1.2042,0.0736,11.6,2026-09-10
2014-08-01,,0.084,0.0666,0.1124,1.2071,0.0734,11.57,2026-09-10
2014-08-04,,0.084,0.067,0.1128,1.2045,0.0736,11.58,2026-09-10
2014-08-05,,0.0841,0.0669,0.1129,1.204,0.0736,11.57,2026-09-10
2014-08-06,,0.0839,0.0665,0.1121,1.2091,0.0733,11.5,2026-09-10
2014-08-07,,0.0839,0.0667,0.1123,1.2082,0.0733,11.49,2026-09-10
2014-08-08,,0.0839,0.0667,0.1121,1.2095,0.0732,11.4,2026-09-10
2014-08-11,,0.0842,0.0673,0.1128,1.2035,0.0737,11.52,2026-09-10
2014-08-12,,0.0844,0.0673,0.1128,1.2025,0.0738,11.54,2026-09-10
2014-08-13,,0.0845,0.0672,0.113,1.2015,0.0738,11.56,2026-09-10
2014-08-14,,0.0848,0.0679,0.1132,1.198,0.0741,11.61,2026-09-10
2014-08-15,,0.0849,0.068,0.1134,1.1965,0.0742,11.63,2026-09-10
2014-08-18,,0.0846,0.0678,0.1133,1.1986,0.0741,11.6,2026-09-10
2014-08-19,,0.0846,0.0676,0.113,1.2004,0.0739,11.58,2026-09-10
2014-08-20,,0.0846,0.0677,0.1125,1.2015,0.0738,11.62,2026-09-10
2014-08-21,,0.0846,0.0676,0.1121,1.2032,0.0737,11.64,2026-09-10
2014-08-22,,0.0845,0.0678,0.1124,1.2021,0.0738,11.65,2026-09-10
2014-08-25,,0.085,0.0677,0.1122,1.2008,0.0739,11.68,2026-09-10
2014-08-26,,0.085,0.0677,0.1122,1.2009,0.0739,11.66,2026-09-10
2014-08-27,,0.0853,0.0678,0.1124,1.1985,0.074,11.68,2026-09-10
2014-08-28,,0.0853,0.0679,0.1127,1.1968,0.0742,11.69,2026-09-10
2014-08-29,,0.0854,0.0678,0.1125,1.1977,0.0741,11.67,2026-09-10
2014-09-01,,0.0855,0.0676,0.1123,1.1982,0.0741,11.7,2026-09-10
2014-09-02,,0.0854,0.0675,0.112,1.1996,0.074,11.74,2026-09-10
2014-09-03,,0.0852,0.0679,0.1119,1.2003,0.0739,11.74,2026-09-10
2014-09-04,,0.0853,0.0682,0.1122,1.1979,0.0741,11.76,2026-09-10
2014-09-05,,0.0862,0.0683,0.1115,1.1966,0.0742,11.75,2026-09-10
2014-09-08,,0.0862,0.0689,0.1115,1.1961,0.0742,11.72,2026-09-10
2014-09-09,,0.086,0.0688,0.1108,1.1993,0.074,11.77,2026-09-10
2014-09-10,,0.0852,0.0683,0.1101,1.2064,0.0734,11.73,2026-09-10
2014-09-11,,0.0853,0.0679,0.1101,1.2062,0.0735,11.77,2026-09-10
2014-09-12,,0.0851,0.0677,0.11,1.2079,0.0733,11.79,2026-09-10
2014-09-15,,0.0846,0.0675,0.1096,1.2121,0.073,11.75,2026-09-10
2014-09-16,,0.085,0.0678,0.1099,1.2084,0.0733,11.79,2026-09-10
2014-09-17,,0.0853,0.0678,0.1104,1.2051,0.0735,11.84,2026-09-10
2014-09-18,,0.0852,0.0673,0.1097,1.2082,0.0733,11.92,2026-09-10
2014-09-19,,0.0848,0.0666,0.1094,1.2124,0.073,11.94,2026-09-10
2014-09-22,,0.085,0.0669,0.1093,1.2116,0.0731,11.91,2026-09-10
2014-09-23,,0.0849,0.0666,0.109,1.2145,0.0728,11.85,2026-09-10
2014-09-24,,0.0849,0.0666,0.1091,1.2142,0.0729,11.85,2026-09-10
2014-09-25,,0.0852,0.0666,0.1087,1.2142,0.0729,11.87,2026-09-10
2014-09-26,,0.0852,0.0665,0.1085,1.2153,0.0728,11.83,2026-09-10
2014-09-29,,0.0852,0.0666,0.108,1.2171,0.0726,11.84,2026-09-10
2014-10-02,,0.0857,0.0668,0.1083,1.2138,0.0729,11.78,2026-09-10
2014-10-03,,0.0857,0.0672,0.1084,1.2126,0.073,11.8,2026-09-10
2014-10-06,,0.0859,0.0673,0.1075,1.2153,0.0728,11.78,2026-09-10
2014-10-07,,0.0857,0.0672,0.1083,1.2132,0.0729,11.76,2026-09-10
2014-10-08,,0.0857,0.0673,0.1082,1.2137,0.0729,11.73,2026-09-10
2014-10-09,,0.0858,0.0676,0.1093,1.208,0.0733,11.79,2026-09-10
2014-10-10,,0.0859,0.0676,0.1091,1.2085,0.0733,11.76,2026-09-10
2014-10-13,,0.086,0.0676,0.109,1.2086,0.0733,11.7,2026-09-10
2014-10-14,,0.086,0.0681,0.1093,1.2064,0.0734,11.71,2026-09-10
2014-10-15,,0.0862,0.0685,0.109,1.2066,0.0734,11.7,2026-09-10
2014-10-16,,0.0853,0.0684,0.1092,1.2099,0.0732,11.59,2026-09-10
2014-10-17,,0.0852,0.0678,0.1091,1.2119,0.073,11.58,2026-09-10
2014-10-20,,0.0855,0.0678,0.1091,1.2099,0.0732,11.7,2026-09-10
2014-10-21,,0.0855,0.0679,0.1098,1.2069,0.0734,11.67,2026-09-10
2014-10-22,,0.0859,0.0678,0.1093,1.2074,0.0733,11.69,2026-09-10
2014-10-23,,0.0865,0.0681,0.1094,1.2039,0.0736,11.73,2026-09-10
2014-10-27,,0.0865,0.0682,0.1098,1.2014,0.0738,11.85,2026-09-10
2014-10-28,,0.0864,0.0681,0.1098,1.202,0.0737,11.84,2026-09-10
2014-10-29,,0.0866,0.0683,0.1104,1.1979,0.0741,11.92,2026-09-10
2014-10-30,,0.087,0.0686,0.1096,1.1989,0.074,11.96,2026-09-10
2014-10-31,,0.0873,0.0687,0.1098,1.1951,0.0743,12.17,2026-09-10
2014-11-03,,0.0869,0.068,0.1085,1.2026,0.0737,12.23,2026-09-10
2014-11-04,,0.0869,0.068,0.1088,1.201,0.0738,12.34,2026-09-10
2014-11-05,,0.0866,0.068,0.1085,1.2031,0.0737,12.4,2026-09-10
2014-11-06,,0.0864,0.0677,0.1082,1.2055,0.0735,12.39,2026-09-10
2014-11-07,,0.0866,0.0678,0.1073,1.2084,0.0733,12.38,2026-09-10
2014-11-10,,0.0863,0.0677,0.1077,1.2089,0.0732,12.29,2026-09-10
2014-11-11,,0.0863,0.0677,0.1073,1.2098,0.0731,12.36,2026-09-10
2014-11-12,,0.0863,0.0676,0.1077,1.2081,0.0733,12.42,2026-09-10
2014-11-13,,0.0864,0.0682,0.1076,1.2065,0.0734,12.45,2026-09-10
2014-11-14,,0.0864,0.0686,0.1074,1.2067,0.0734,12.49,2026-09-10
2014-11-17,,0.0864,0.069,0.1084,1.2018,0.0737,12.54,2026-09-10
2014-11-18,,0.0866,0.069,0.1081,1.2015,0.0738,12.61,2026-09-10
2014-11-19,,0.0866,0.0694,0.1084,1.1989,0.074,12.73,2026-09-10
2014-11-20,,0.0864,0.0691,0.1084,1.1999,0.0739,12.85,2026-09-10
2014-11-21,,0.0869,0.0695,0.109,1.1946,0.0743,12.85,2026-09-10
2014-11-24,,0.0878,0.0695,0.1089,1.1911,0.0745,12.84,2026-09-10
2014-11-25,,0.0873,0.0692,0.1085,1.196,0.0742,12.79,2026-09-10
2014-11-26,,0.0873,0.0693,0.1089,1.1935,0.0744,12.83,2026-09-10
2014-11-27,,0.0872,0.0691,0.1091,1.1936,0.0744,12.81,2026-09-10
2014-11-28,,0.0872,0.0691,0.1086,1.1956,0.0742,12.83,2026-09-10
2014-12-01,,0.0867,0.0691,0.108,1.2,0.0739,12.84,2026-09-10
2014-12-02,,0.0872,0.0691,0.1087,1.1951,0.0742,12.87,2026-09-10
2014-12-03,,0.0872,0.0689,0.1078,1.199,0.0739,12.86,2026-09-10
2014-12-04,,0.0871,0.0684,0.1072,1.2028,0.0737,12.85,2026-09-10
2014-12-05,,0.0867,0.0686,0.1073,1.2034,0.0736,12.88,2026-09-10
2014-12-08,,0.0866,0.0683,0.1064,1.2081,0.0733,12.92,2026-09-10
2014-12-09,,0.0855,0.0674,0.1055,1.2191,0.0724,12.65,2026-09-10
2014-12-10,,0.0857,0.0677,0.1063,1.2146,0.0728,12.65,2026-09-10
2014-12-11,,0.085,0.0673,0.1057,1.2213,0.0723,12.51,2026-09-10
2014-12-12,,0.085,0.067,0.1053,1.2237,0.0721,12.52,2026-09-10
2014-12-15,,0.0849,0.0672,0.1057,1.2223,0.0722,12.52,2026-09-10
2014-12-16,,0.0843,0.067,0.105,1.2292,0.0717,12.31,2026-09-10
2014-12-17,,0.0841,0.0668,0.105,1.2308,0.0716,12.29,2026-09-10
2014-12-18,,0.0853,0.0675,0.1052,1.2218,0.0722,12.49,2026-09-10
2014-12-19,,0.0859,0.0674,0.1055,1.2179,0.0725,12.6,2026-09-10
2014-12-22,,0.0859,0.0673,0.1053,1.219,0.0724,12.58,2026-09-10
2014-12-23,,0.086,0.0675,0.1052,1.2187,0.0725,12.64,2026-09-10
2014-12-24,,0.086,0.0675,0.1047,1.2205,0.0723,12.61,2026-09-10
2014-12-29,,0.0862,0.0675,0.1051,1.2181,0.0725,12.64,2026-09-10
2014-12-30,,0.0864,0.0675,0.1048,1.2188,0.0725,12.6,2026-09-10
2014-12-31,,0.0865,0.0675,0.1051,1.2169,0.0726,12.58,2026-09-10
2015-01-05,,0.087,0.068,0.1039,1.2198,0.0724,12.51,2026-09-10
2015-01-06,,0.0872,0.0683,0.1043,1.2172,0.0726,12.41,2026-09-10
2015-01-07,,0.0875,0.0686,0.1038,1.2178,0.0725,12.36,2026-09-10
2015-01-08,,0.0879,0.0689,0.1039,1.2146,0.0728,12.46,2026-09-10
2015-01-09,,0.0885,0.0692,0.1045,1.2094,0.0731,12.47,2026-09-10
2015-01-12,,0.0885,0.0692,0.105,1.207,0.0733,12.42,2026-09-10
2015-01-13,,0.0886,0.0692,0.1048,1.2075,0.0733,12.44,2026-09-10
2015-01-14,,0.0887,0.069,0.1046,1.2097,0.0731,12.23,2026-09-10
2015-01-15,,0.0893,0.069,0.1051,1.2041,0.0735,12.38,2026-09-10
2015-01-16,,0.0899,0.0689,0.1045,1.2062,0.0734,12.2,2026-09-10
2015-01-19,,0.0902,0.0689,0.1043,1.2057,0.0734,12.22,2026-09-10
2015-01-20,,0.0896,0.0688,0.1037,1.2104,0.0731,12.28,2026-09-10
2015-01-21,,0.0899,0.0687,0.1042,1.2071,0.0733,12.27,2026-09-10
2015-01-22,,0.0902,0.069,0.1044,1.2039,0.0735,12.36,2026-09-10
2015-01-23,,0.0923,0.0698,0.1046,1.1938,0.0743,12.39,2026-09-10
2015-01-26,,0.0933,0.0695,0.1044,1.1922,0.0744,12.3,2026-09-10
2015-01-27,,0.0929,0.0691,0.1043,1.195,0.0742,12.33,2026-09-10
2015-01-28,,0.0915,0.0685,0.104,1.2043,0.0737,12.27,2026-09-10
2015-01-29,,0.092,0.0685,0.1037,1.2045,0.0737,12.21,2026-09-10
2015-01-30,,0.0919,0.0691,0.1042,1.2007,0.0739,12.28,2026-09-10
2015-02-02,,0.0917,0.0687,0.1036,1.2058,0.0736,12.19,2026-09-10
2015-02-03,,0.0919,0.0693,0.1041,1.201,0.0739,12.18,2026-09-10
2015-02-04,,0.0915,0.0693,0.1051,1.1965,0.0742,12.37,2026-09-10
2015-02-05,,0.0921,0.0687,0.1044,1.1992,0.074,12.24,2026-09-10
2015-02-06,,0.092,0.0688,0.1055,1.1927,0.0744,12.37,2026-09-10
2015-02-09,,0.092,0.0684,0.1043,1.2001,0.0739,12.39,2026-09-10
2015-02-10,,0.0917,0.0682,0.104,1.2034,0.0737,12.33,2026-09-10
2015-02-11,,0.0914,0.0678,0.1034,1.2091,0.0734,12.36,2026-09-10
2015-02-12,,0.0907,0.0674,0.1027,1.2172,0.0729,12.34,2026-09-10
2015-02-13,,0.0906,0.0672,0.1036,1.2136,0.0731,12.29,2026-09-10
2015-02-16,,0.0909,0.0673,0.1038,1.2105,0.0733,12.31,2026-09-10
2015-02-17,,0.0913,0.0674,0.1037,1.2089,0.0734,12.29,2026-09-10
2015-02-18,,0.0909,0.0675,0.1037,1.2105,0.0733,12.34,2026-09-10
2015-02-19,,0.0911,0.0673,0.104,1.208,0.0734,12.35,2026-09-10
2015-02-20,,0.0913,0.0672,0.1036,1.2099,0.0733,12.32,2026-09-10
2015-02-23,,0.0912,0.0674,0.1038,1.2088,0.0734,12.35,2026-09-10
2015-02-24,,0.0915,0.0672,0.1036,1.2088,0.0734,12.35,2026-09-10
2015-02-25,,0.0921,0.0675,0.1045,1.1999,0.0739,12.42,2026-09-10
2015-02-26,,0.0921,0.0673,0.1046,1.1996,0.074,12.45,2026-09-10
2015-02-27,,0.0928,0.0674,0.1041,1.2,0.0739,12.41,2026-09-10
2015-03-02,,0.0924,0.0671,0.1033,1.2066,0.0735,12.38,2026-09-10
2015-03-03,,0.0921,0.067,0.1032,1.209,0.0734,12.34,2026-09-10
2015-03-04,,0.0922,0.0671,0.1029,1.2099,0.0733,12.32,2026-09-10
2015-03-05,,0.0927,0.0672,0.1024,1.2108,0.0733,12.27,2026-09-10
2015-03-06,,0.0929,0.0672,0.1024,1.2101,0.0733,12.29,2026-09-10
2015-03-09,,0.0931,0.067,0.1011,1.2171,0.0729,12.22,2026-09-10
2015-03-10,,0.093,0.0666,0.1004,1.2221,0.0726,12.24,2026-09-10
2015-03-11,,0.0931,0.066,0.0995,1.23,0.0721,12.06,2026-09-10
2015-03-12,,0.0946,0.0666,0.0996,1.2213,0.0726,12.09,2026-09-10
2015-03-13,,0.094,0.067,0.0995,1.2238,0.0725,12.08,2026-09-10
2015-03-16,,0.0939,0.0669,0.0988,1.229,0.0722,11.98,2026-09-10
2015-03-17,,0.0938,0.0668,0.099,1.2288,0.0722,12.01,2026-09-10
2015-03-18,,0.0936,0.0672,0.0991,1.2276,0.0723,12.03,2026-09-10
2015-03-19,,0.0932,0.0675,0.1005,1.2198,0.0727,12.11,2026-09-10
2015-03-20,,0.0933,0.0676,0.0998,1.2239,0.0725,12.04,2026-09-10
2015-03-23,,0.0934,0.0677,0.101,1.2157,0.073,12.11,2026-09-10
2015-03-24,,0.093,0.0681,0.1017,1.2124,0.0732,12.17,2026-09-10
2015-03-25,,0.0934,0.0687,0.1021,1.2067,0.0735,12.22,2026-09-10
2015-03-26,,0.0928,0.0685,0.102,1.2109,0.0733,12.12,2026-09-10
2015-03-27,,0.0931,0.0682,0.1012,1.2154,0.073,12.06,2026-09-10
2015-03-30,,0.0929,0.068,0.101,1.218,0.0728,12.04,2026-09-10
2015-03-31,,0.0931,0.0679,0.1004,1.2208,0.0727,12.05,2026-09-10
2015-04-01,,0.0935,0.0679,0.1008,1.2166,0.0729,12.08,2026-09-10
2015-04-02,,0.0937,0.0682,0.1014,1.2113,0.0732,12.11,2026-09-10
2015-04-07,,0.0936,0.0686,0.1023,1.205,0.0736,12.23,2026-09-10
2015-04-08,,0.094,0.0686,0.102,1.2051,0.0736,12.22,2026-09-10
2015-04-09,,0.0945,0.0685,0.1017,1.2045,0.0737,12.23,2026-09-10
2015-04-10,,0.0947,0.0687,0.101,1.2077,0.0735,12.17,2026-09-10
2015-04-13,,0.0947,0.0688,0.1003,1.2118,0.0732,12.08,2026-09-10
2015-04-14,,0.0949,0.0682,0.1,1.2151,0.073,11.98,2026-09-10
2015-04-15,,0.0947,0.0683,0.1008,1.2106,0.0733,12.05,2026-09-10
2015-04-16,,0.0945,0.068,0.1008,1.2121,0.0732,12.03,2026-09-10
2015-04-17,,0.094,0.0678,0.1013,1.2114,0.0732,12.05,2026-09-10
2015-04-20,,0.0936,0.0676,0.101,1.2159,0.073,11.99,2026-09-10
2015-04-21,,0.0937,0.0674,0.1003,1.2199,0.0727,11.99,2026-09-10
2015-04-22,,0.0937,0.0674,0.1007,1.2174,0.0729,12.03,2026-09-10
2015-04-23,,0.0934,0.0666,0.0999,1.2256,0.0724,11.98,2026-09-10
2015-04-24,,0.0928,0.0668,0.1007,1.2229,0.0726,12.02,2026-09-10
2015-04-27,,0.0928,0.0665,0.1009,1.2221,0.0726,12.01,2026-09-10
2015-04-28,,0.0931,0.0664,0.1013,1.2183,0.0728,12.06,2026-09-10
2015-04-29,,0.0932,0.0666,0.1022,1.2121,0.0732,12.14,2026-09-10
2015-04-30,,0.0925,0.0666,0.1026,1.2122,0.0732,12.19,2026-09-10
2015-05-04,,0.0908,0.0671,0.1017,1.2239,0.0725,12.21,2026-09-10
2015-05-05,,0.0914,0.0672,0.1015,1.2227,0.0726,12.19,2026-09-10
2015-05-06,,0.0908,0.0671,0.1021,1.2211,0.0727,12.24,2026-09-10
2015-05-07,,0.0897,0.0669,0.1019,1.2283,0.0722,12.17,2026-09-10
2015-05-08,,0.0909,0.0658,0.1018,1.2258,0.0724,12.21,2026-09-10
2015-05-11,,0.0915,0.0663,0.1022,1.2194,0.0728,12.25,2026-09-10
2015-05-12,,0.0907,0.0651,0.1015,1.23,0.0721,12.19,2026-09-10
2015-05-13,,0.0906,0.065,0.102,1.228,0.0723,12.22,2026-09-10
2015-05-15,,0.0907,0.0654,0.1031,1.2193,0.0728,12.33,2026-09-10
2015-05-18,,0.0903,0.0657,0.1032,1.2197,0.0727,12.35,2026-09-10
2015-05-19,,0.091,0.0656,0.1026,1.2205,0.0727,12.31,2026-09-10
2015-05-20,,0.092,0.0658,0.102,1.2187,0.0728,12.34,2026-09-10
2015-05-21,,0.0923,0.0659,0.1024,1.2147,0.073,12.4,2026-09-10
2015-05-22,,0.0922,0.0656,0.1028,1.2131,0.0731,12.42,2026-09-10
2015-05-25,,0.0927,0.0658,0.1019,1.2159,0.073,12.39,2026-09-10
2015-05-26,,0.093,0.0658,0.1015,1.2168,0.0729,12.42,2026-09-10
2015-05-27,,0.0927,0.0656,0.1013,1.2196,0.0728,12.44,2026-09-10
2015-05-28,,0.0926,0.0659,0.1013,1.2189,0.0728,12.52,2026-09-10
2015-05-29,,0.0921,0.0657,0.1007,1.2247,0.0724,12.49,2026-09-10
2015-06-01,,0.0919,0.0658,0.1006,1.2258,0.0724,12.49,2026-09-10
2015-06-02,,0.0917,0.0659,0.1004,1.2278,0.0723,12.51,2026-09-10
2015-06-03,,0.0904,0.0657,0.1008,1.2317,0.072,12.5,2026-09-10
2015-06-04,,0.0891,0.0655,0.1003,1.2418,0.0714,12.47,2026-09-10
2015-06-05,,0.0892,0.0653,0.1002,1.2421,0.0714,12.47,2026-09-10
2015-06-08,,0.0892,0.0649,0.099,1.25,0.071,12.44,2026-09-10
2015-06-09,,0.0884,0.0651,0.0999,1.2486,0.0711,12.42,2026-09-10
2015-06-10,,0.089,0.0652,0.1005,1.2419,0.0714,12.35,2026-09-10
2015-06-11,,0.089,0.065,0.1007,1.2417,0.0715,12.41,2026-09-10
2015-06-12,,0.0894,0.0647,0.1004,1.242,0.0714,12.4,2026-09-10
2015-06-15,,0.0893,0.0644,0.1002,1.2445,0.0713,12.36,2026-09-10
2015-06-16,,0.089,0.0643,0.1002,1.2457,0.0712,12.39,2026-09-10
2015-06-17,,0.0892,0.0642,0.1004,1.2441,0.0713,12.41,2026-09-10
2015-06-18,,0.089,0.0639,0.101,1.242,0.0714,12.42,2026-09-10
2015-06-19,,0.0893,0.0638,0.1012,1.2396,0.0716,12.46,2026-09-10
2015-06-22,,0.0894,0.064,0.1017,1.2353,0.0718,12.49,2026-09-10
2015-06-23,,0.0902,0.0643,0.1014,1.232,0.072,12.55,2026-09-10
2015-06-24,,0.0903,0.0642,0.1012,1.2333,0.0719,12.54,2026-09-10
2015-06-25,,0.0905,0.0646,0.1013,1.2305,0.0721,12.54,2026-09-10
2015-06-26,,0.0906,0.0645,0.1015,1.23,0.0721,12.52,2026-09-10
2015-06-29,,0.0908,0.0639,0.1006,1.2365,0.0718,12.34,2026-09-10
2015-06-30,,0.0903,0.0642,0.1009,1.2365,0.0718,12.35,2026-09-10
2015-07-02,,0.0908,0.0644,0.1005,1.2353,0.0718,12.4,2026-09-10
2015-07-03,,0.0907,0.0644,0.1006,1.2356,0.0718,12.38,2026-09-10
2015-07-06,,0.0907,0.0643,0.1003,1.238,0.0717,12.29,2026-09-10
2015-07-07,,0.0907,0.0641,0.0999,1.241,0.0715,12.26,2026-09-10
2015-07-08,,0.0903,0.0644,0.0995,1.2457,0.0712,12.12,2026-09-10
2015-07-09,,0.0898,0.0647,0.0997,1.246,0.0712,12.11,2026-09-10
2015-07-10,,0.09,0.0649,0.0999,1.2431,0.0714,12.19,2026-09-10
2015-07-13,,0.0897,0.0644,0.0999,1.245,0.0713,12.25,2026-09-10
2015-07-14,,0.0908,0.0644,0.0996,1.2411,0.0715,12.29,2026-09-10
2015-07-15,,0.0909,0.0639,0.1001,1.2384,0.0716,12.36,2026-09-10
2015-07-16,,0.0912,0.0639,0.0997,1.2397,0.0716,12.35,2026-09-10
2015-07-17,,0.0917,0.0638,0.0998,1.2373,0.0717,12.38,2026-09-10
2015-07-22,,0.0914,0.0641,0.1001,1.2356,0.0718,12.38,2026-09-10
2015-07-23,,0.0912,0.0638,0.0997,1.24,0.0716,12.37,2026-09-10
2015-07-24,,0.0905,0.0641,0.0994,1.2447,0.0713,12.31,2026-09-10
2015-07-27,,0.0899,0.0639,0.0993,1.2489,0.071,12.25,2026-09-10
2015-07-28,,0.0897,0.0638,0.0993,1.2501,0.071,12.26,2026-09-10
2015-07-29,,0.09,0.0637,0.0994,1.2485,0.0711,12.28,2026-09-10
2015-07-30,,0.0904,0.0635,0.099,1.2489,0.071,12.3,2026-09-10
2015-07-31,,0.09,0.0632,0.0986,1.2545,0.0707,12.23,2026-09-10
2015-08-03,,0.09,0.0632,0.0987,1.2535,0.0708,12.25,2026-09-10
2015-08-04,,0.0902,0.0634,0.0989,1.2506,0.0709,12.26,2026-09-10
2015-08-05,,0.0905,0.0633,0.0983,1.2537,0.0708,12.23,2026-09-10
2015-08-06,,0.0901,0.063,0.0984,1.2554,0.0707,12.28,2026-09-10
2015-08-07,,0.0902,0.0635,0.0984,1.2533,0.0708,12.29,2026-09-10
2015-08-10,,0.0902,0.0639,0.0989,1.2493,0.071,12.31,2026-09-10
2015-08-11,,0.0898,0.0633,0.0986,1.2545,0.0707,12.3,2026-09-10
2015-08-12,,0.0886,0.0631,0.0983,1.2631,0.0702,12.27,2026-09-10
2015-08-13,,0.0887,0.0632,0.0987,1.2594,0.0704,12.29,2026-09-10
2015-08-14,,0.0882,0.063,0.0983,1.2653,0.0701,12.23,2026-09-10
2015-08-17,,0.0886,0.0628,0.0985,1.2625,0.0703,12.25,2026-09-10
2015-08-18,,0.0885,0.0629,0.098,1.2665,0.0701,12.19,2026-09-10
2015-08-19,,0.0887,0.0626,0.0982,1.2645,0.0702,12.2,2026-09-10
2015-08-20,,0.0882,0.0626,0.0982,1.2675,0.07,12.18,2026-09-10
2015-08-21,,0.087,0.0625,0.0982,1.274,0.0696,12.07,2026-09-10
2015-08-24,,0.0852,0.0622,0.0974,1.2913,0.0687,11.8,2026-09-10
2015-08-25,,0.0846,0.0621,0.0979,1.2926,0.0686,11.66,2026-09-10
2015-08-26,,0.0854,0.0625,0.0981,1.2854,0.069,11.73,2026-09-10
2015-08-27,,0.0863,0.0632,0.0979,1.2806,0.0693,11.74,2026-09-10
2015-08-28,,0.0866,0.0632,0.0975,1.2808,0.0693,11.81,2026-09-10
2015-08-31,,0.0861,0.0627,0.0967,1.29,0.0688,11.72,2026-09-10
2015-09-01,,0.086,0.063,0.097,1.2881,0.0689,11.69,2026-09-10
2015-09-02,,0.0856,0.0631,0.0966,1.2936,0.0686,11.6,2026-09-10
2015-09-03,,0.0858,0.063,0.0963,1.294,0.0686,11.6,2026-09-10
2015-09-04,,0.0857,0.0626,0.0954,1.3031,0.0681,11.4,2026-09-10
2015-09-07,,0.0849,0.0622,0.0945,1.3152,0.0675,11.28,2026-09-10
2015-09-08,,0.0844,0.0616,0.0947,1.3181,0.0673,11.33,2026-09-10
2015-09-09,,0.0858,0.0623,0.0958,1.2999,0.0683,11.53,2026-09-10
2015-09-10,,0.0845,0.0617,0.0949,1.3149,0.0675,11.45,2026-09-10
2015-09-11,,0.0848,0.0619,0.0957,1.3062,0.0679,11.55,2026-09-10
2015-09-14,,0.0846,0.0622,0.0961,1.3048,0.068,11.55,2026-09-10
2015-09-15,,0.085,0.0624,0.0962,1.3015,0.0682,11.51,2026-09-10
2015-09-16,,0.0854,0.0627,0.0963,1.2973,0.0684,11.58,2026-09-10
2015-09-17,,0.0859,0.0626,0.097,1.2893,0.0688,11.73,2026-09-10
2015-09-18,,0.0853,0.0624,0.0973,1.2913,0.0687,11.66,2026-09-10
2015-09-21,,0.0856,0.0623,0.0967,1.2942,0.0686,11.61,2026-09-10
2015-09-22,,0.0862,0.0621,0.0962,1.295,0.0685,11.59,2026-09-10
2015-09-23,,0.0855,0.062,0.0951,1.3072,0.0679,11.42,2026-09-10
2015-09-24,,0.0847,0.0621,0.0948,1.3141,0.0675,11.38,2026-09-10
2015-09-25,,0.0849,0.0622,0.0947,1.3129,0.0676,11.41,2026-09-10
2015-09-28,,0.0847,0.0623,0.0946,1.3143,0.0675,11.38,2026-09-10
2015-09-29,,0.0833,0.0619,0.094,1.3285,0.0668,11.22,2026-09-10
2015-10-02,,0.0846,0.0624,0.0945,1.3152,0.0675,11.35,2026-09-10
2015-10-05,,0.0849,0.0627,0.0955,1.306,0.0679,11.46,2026-09-10
2015-10-06,,0.0854,0.0631,0.0956,1.3015,0.0682,11.49,2026-09-10
2015-10-07,,0.0855,0.0632,0.0963,1.2961,0.0685,11.55,2026-09-10
2015-10-08,,0.0855,0.0628,0.0962,1.2971,0.0684,11.53,2026-09-10
2015-10-09,,0.0859,0.063,0.0969,1.2895,0.0688,11.65,2026-09-10
2015-10-12,,0.0853,0.0632,0.097,1.2916,0.0687,11.65,2026-09-10
2015-10-13,,0.0852,0.0631,0.0969,1.2933,0.0686,11.61,2026-09-10
2015-10-14,,0.0846,0.0631,0.0964,1.3001,0.0682,11.54,2026-09-10
2015-10-15,,0.085,0.0631,0.0977,1.2891,0.0688,11.6,2026-09-10
2015-10-16,,0.086,0.0632,0.0979,1.2826,0.0692,11.66,2026-09-10
2015-10-19,,0.0861,0.0634,0.0979,1.2813,0.0692,11.68,2026-09-10
2015-10-20,,0.0858,0.0628,0.0972,1.2895,0.0688,11.61,2026-09-10
2015-10-21,,0.0854,0.0629,0.0969,1.2928,0.0686,11.62,2026-09-10
2015-10-22,,0.0849,0.0624,0.0963,1.3014,0.0682,11.52,2026-09-10
2015-10-23,,0.0868,0.0626,0.0964,1.2889,0.0688,11.64,2026-09-10
2015-10-26,,0.0864,0.0622,0.0954,1.2994,0.0683,11.55,2026-09-10
2015-10-27,,0.0862,0.0621,0.0953,1.3014,0.0682,11.5,2026-09-10
2015-10-28,,0.0863,0.0622,0.0952,1.3024,0.0681,11.46,2026-09-10
2015-10-29,,0.0867,0.0622,0.0949,1.302,0.0681,11.46,2026-09-10
2015-10-30,,0.0861,0.0617,0.0946,1.3087,0.0678,11.44,2026-09-10
2015-11-02,,0.0861,0.0616,0.095,1.3057,0.068,11.44,2026-09-10
2015-11-03,,0.0862,0.0616,0.095,1.3059,0.0679,11.46,2026-09-10
2015-11-04,,0.0866,0.0615,0.0948,1.3043,0.068,11.48,2026-09-10
2015-11-05,,0.0865,0.0611,0.094,1.3121,0.0676,11.42,2026-09-10
2015-11-06,,0.0865,0.0619,0.0941,1.3087,0.0678,11.47,2026-09-10
2015-11-09,,0.0864,0.0617,0.093,1.3175,0.0673,11.47,2026-09-10
2015-11-10,,0.0862,0.0613,0.0926,1.3222,0.0671,11.42,2026-09-10
2015-11-11,,0.0864,0.0612,0.0928,1.3201,0.0672,11.42,2026-09-10
2015-11-12,,0.0866,0.0612,0.0931,1.3172,0.0674,11.44,2026-09-10
2015-11-13,,0.086,0.061,0.0927,1.3241,0.067,11.37,2026-09-10
2015-11-16,,0.0861,0.0607,0.0923,1.3276,0.0668,11.3,2026-09-10
2015-11-17,,0.0865,0.0608,0.0923,1.3247,0.067,11.38,2026-09-10
2015-11-18,,0.0868,0.0608,0.0924,1.3221,0.0671,11.39,2026-09-10
2015-11-19,,0.087,0.0609,0.0931,1.316,0.0674,11.47,2026-09-10
2015-11-20,,0.0873,0.0612,0.0936,1.3104,0.0677,11.49,2026-09-10
2015-11-23,,0.0879,0.0615,0.0933,1.3077,0.0678,11.5,2026-09-10
2015-11-24,,0.0877,0.0616,0.0931,1.3106,0.0677,11.43,2026-09-10
2015-11-25,,0.0875,0.0618,0.0933,1.3096,0.0677,11.42,2026-09-10
2015-11-26,,0.0874,0.0614,0.0929,1.3143,0.0675,11.39,2026-09-10
2015-11-27,,0.087,0.0613,0.0924,1.3206,0.0672,11.32,2026-09-10
2015-11-30,,0.0869,0.0612,0.092,1.3241,0.067,11.29,2026-09-10
2015-12-01,,0.0869,0.0609,0.092,1.3252,0.0669,11.31,2026-09-10
2015-12-02,,0.0866,0.061,0.0919,1.3268,0.0669,11.31,2026-09-10
2015-12-03,,0.087,0.0617,0.0921,1.3214,0.0671,11.37,2026-09-10
2015-12-04,,0.0847,0.0612,0.0925,1.3315,0.0666,11.35,2026-09-10
2015-12-07,,0.0852,0.0613,0.0926,1.3281,0.0668,11.41,2026-09-10
2015-12-08,,0.0847,0.0611,0.0919,1.3367,0.0664,11.31,2026-09-10
2015-12-09,,0.0841,0.0611,0.0919,1.3398,0.0662,11.27,2026-09-10
2015-12-10,,0.0822,0.0596,0.0904,1.3669,0.0649,11.0,2026-09-10
2015-12-11,,0.0817,0.059,0.0894,1.3797,0.0643,10.91,2026-09-10
2015-12-14,,0.0823,0.0594,0.0903,1.3682,0.0648,10.94,2026-09-10
2015-12-15,,0.082,0.0596,0.0904,1.3689,0.0648,10.92,2026-09-10
2015-12-16,,0.0829,0.0603,0.0908,1.3579,0.0653,11.06,2026-09-10
2015-12-17,,0.0834,0.0606,0.0905,1.3564,0.0654,11.08,2026-09-10
2015-12-18,,0.0827,0.0601,0.0898,1.3677,0.0649,10.95,2026-09-10
2015-12-21,,0.083,0.0605,0.0903,1.3609,0.0652,10.96,2026-09-10
2015-12-22,,0.0828,0.0607,0.0903,1.3623,0.0651,10.95,2026-09-10
2015-12-23,,0.0824,0.0607,0.0901,1.3666,0.0649,10.9,2026-09-10
2015-12-24,,0.0823,0.0605,0.09,1.3677,0.0649,10.86,2026-09-10
2015-12-29,,0.0817,0.0602,0.0897,1.3746,0.0645,10.8,2026-09-10
2015-12-30,,0.082,0.0604,0.0896,1.3738,0.0646,10.79,2026-09-10
2015-12-31,,0.0814,0.06,0.089,1.383,0.0642,10.72,2026-09-10
2016-01-04,,0.0816,0.0603,0.0889,1.3834,0.0641,10.62,2026-09-10
2016-01-05,,0.0821,0.0604,0.0889,1.3801,0.0643,10.61,2026-09-10
2016-01-06,,0.082,0.0602,0.0882,1.3882,0.0639,10.46,2026-09-10
2016-01-07,,0.0809,0.0598,0.0876,1.4013,0.0633,10.32,2026-09-10
2016-01-08,,0.0807,0.06,0.0878,1.3999,0.0634,10.39,2026-09-10
2016-01-11,,0.0787,0.0591,0.0859,1.4321,0.062,10.08,2026-09-10
2016-01-12,,0.0784,0.0588,0.0854,1.4396,0.0616,10.02,2026-09-10
2016-01-13,,0.0796,0.0597,0.0863,1.4206,0.0625,10.2,2026-09-10
2016-01-14,,0.079,0.0596,0.0859,1.4279,0.0622,10.12,2026-09-10
2016-01-15,,0.0792,0.0598,0.0862,1.4242,0.0623,10.15,2026-09-10
2016-01-18,,0.0786,0.06,0.0856,1.4334,0.0619,10.03,2026-09-10
2016-01-19,,0.0786,0.0599,0.0855,1.4333,0.0619,10.07,2026-09-10
2016-01-20,,0.0779,0.0603,0.0853,1.44,0.0616,9.96,2026-09-10
2016-01-21,,0.0783,0.0602,0.0854,1.4368,0.0618,9.96,2026-09-10
2016-01-22,,0.0794,0.0604,0.086,1.4231,0.0624,10.15,2026-09-10
2016-01-25,,0.0798,0.0603,0.0862,1.4184,0.0626,10.24,2026-09-10
2016-01-26,,0.0791,0.0604,0.0859,1.4264,0.0622,10.12,2026-09-10
2016-01-27,,0.0797,0.0603,0.0865,1.4163,0.0627,10.25,2026-09-10
2016-01-28,,0.0794,0.0606,0.0864,1.4187,0.0626,10.25,2026-09-10
2016-01-29,,0.0801,0.0607,0.0874,1.4039,0.0632,10.54,2026-09-10
2016-02-01,,0.0808,0.0615,0.0877,1.3945,0.0637,10.63,2026-09-10
2016-02-02,,0.0803,0.0609,0.0876,1.4002,0.0634,10.56,2026-09-10
2016-02-03,,0.0795,0.0602,0.0868,1.4148,0.0628,10.39,2026-09-10
2016-02-04,,0.0794,0.0604,0.088,1.4059,0.0632,10.39,2026-09-10
2016-02-05,,0.079,0.0607,0.0884,1.405,0.0632,10.33,2026-09-10
2016-02-08,,0.0791,0.0607,0.0881,1.4067,0.0631,10.34,2026-09-10
2016-02-09,,0.0781,0.0607,0.0876,1.4192,0.0626,10.05,2026-09-10
2016-02-10,,0.0782,0.061,0.0883,1.4118,0.0629,10.12,2026-09-10
2016-02-11,,0.0784,0.061,0.0886,1.4101,0.063,9.96,2026-09-10
2016-02-12,,0.0784,0.0613,0.0887,1.4087,0.063,9.95,2026-09-10
2016-02-15,,0.0791,0.0611,0.0888,1.4018,0.0634,10.12,2026-09-10
2016-02-16,,0.0796,0.0616,0.0888,1.3972,0.0636,10.18,2026-09-10
2016-02-17,,0.0793,0.062,0.0886,1.4011,0.0634,10.08,2026-09-10
2016-02-18,,0.0803,0.0627,0.0895,1.3855,0.0641,10.19,2026-09-10
2016-02-19,,0.0807,0.0626,0.0897,1.3824,0.0642,10.15,2026-09-10
2016-02-22,,0.0808,0.0629,0.0898,1.3812,0.0643,10.13,2026-09-10
2016-02-23,,0.0816,0.0638,0.0901,1.3722,0.0647,10.11,2026-09-10
2016-02-24,,0.0817,0.0644,0.0899,1.3719,0.0647,10.06,2026-09-10
2016-02-25,,0.0806,0.0638,0.0889,1.3879,0.064,9.98,2026-09-10
2016-02-26,,0.0806,0.0638,0.089,1.3867,0.0641,10.03,2026-09-10
2016-02-29,,0.0797,0.0628,0.0872,1.4106,0.063,9.84,2026-09-10
2016-03-01,,0.0809,0.0631,0.088,1.3953,0.0637,9.92,2026-09-10
2016-03-02,,0.0817,0.0635,0.0888,1.3819,0.0643,10.12,2026-09-10
2016-03-03,,0.0818,0.063,0.0888,1.3819,0.0643,10.15,2026-09-10
2016-03-04,,0.0811,0.0628,0.0888,1.3868,0.0641,10.11,2026-09-10
2016-03-07,,0.0815,0.0631,0.0896,1.3772,0.0645,10.19,2026-09-10
2016-03-08,,0.0815,0.063,0.0898,1.3768,0.0645,10.15,2026-09-10
2016-03-09,,0.0814,0.063,0.0894,1.3814,0.0643,10.06,2026-09-10
2016-03-10,,0.082,0.0634,0.09,1.3704,0.0648,10.24,2026-09-10
2016-03-11,,0.0806,0.0631,0.0901,1.3786,0.0645,10.22,2026-09-10
2016-03-14,,0.0808,0.0627,0.0901,1.3781,0.0645,10.26,2026-09-10
2016-03-15,,0.0803,0.0625,0.0892,1.3896,0.0639,10.11,2026-09-10
2016-03-16,,0.0794,0.0624,0.0881,1.4049,0.0633,9.99,2026-09-10
2016-03-17,,0.0793,0.0625,0.089,1.3987,0.0635,9.99,2026-09-10
2016-03-18,,0.0803,0.0628,0.0908,1.378,0.0645,10.1,2026-09-10
2016-03-21,,0.0801,0.0626,0.0902,1.3836,0.0642,10.06,2026-09-10
2016-03-22,,0.0805,0.063,0.0906,1.3772,0.0645,10.16,2026-09-10
2016-03-23,,0.0806,0.0637,0.0903,1.377,0.0645,10.14,2026-09-10
2016-03-24,,0.0803,0.0637,0.0897,1.3833,0.0643,10.12,2026-09-10
2016-03-29,,0.08,0.0629,0.0896,1.3872,0.0641,10.18,2026-09-10
2016-03-30,,0.0804,0.0631,0.0908,1.3754,0.0646,10.21,2026-09-10
2016-03-31,,0.0808,0.0638,0.0915,1.366,0.0651,10.27,2026-09-10
2016-04-01,,0.081,0.0642,0.0922,1.3585,0.0654,10.34,2026-09-10
2016-04-04,,0.081,0.0649,0.0922,1.3571,0.0655,10.27,2026-09-10
2016-04-05,,0.0806,0.0645,0.0918,1.3642,0.0652,10.16,2026-09-10
2016-04-06,,0.0803,0.0645,0.0912,1.3708,0.0649,10.07,2026-09-10
2016-04-07,,0.0798,0.0645,0.0912,1.3753,0.0646,9.94,2026-09-10
2016-04-08,,0.0799,0.0646,0.0909,1.3781,0.0645,9.88,2026-09-10
2016-04-11,,0.0803,0.0649,0.0917,1.3688,0.065,9.89,2026-09-10
2016-04-12,,0.0809,0.0649,0.0924,1.3593,0.0654,10.01,2026-09-10
2016-04-13,,0.0812,0.0647,0.0922,1.3592,0.0654,10.05,2026-09-10
2016-04-14,,0.082,0.0653,0.0923,1.352,0.0658,10.1,2026-09-10
2016-04-15,,0.0823,0.0655,0.0927,1.3469,0.066,10.15,2026-09-10
2016-04-18,,0.0817,0.0651,0.0922,1.3572,0.0655,9.95,2026-09-10
2016-04-19,,0.0823,0.0651,0.0933,1.3436,0.0662,10.17,2026-09-10
2016-04-20,,0.0823,0.0651,0.0935,1.3424,0.0662,10.17,2026-09-10
2016-04-21,,0.083,0.0654,0.0938,1.3348,0.0666,10.29,2026-09-10
2016-04-22,,0.0829,0.0652,0.0936,1.3366,0.0665,10.34,2026-09-10
2016-04-25,,0.0828,0.0644,0.0931,1.3424,0.0663,10.34,2026-09-10
2016-04-26,,0.0825,0.0642,0.093,1.3454,0.0661,10.31,2026-09-10
2016-04-27,,0.0825,0.064,0.0932,1.3442,0.0662,10.36,2026-09-10
2016-04-28,,0.0822,0.064,0.0933,1.3475,0.066,10.12,2026-09-10
2016-04-29,,0.0826,0.0642,0.094,1.34,0.0664,10.1,2026-09-10
2016-05-03,,0.0816,0.0641,0.0944,1.3449,0.0661,9.98,2026-09-10
2016-05-04,,0.0808,0.0638,0.0929,1.3613,0.0653,9.93,2026-09-10
2016-05-06,,0.0803,0.0633,0.0917,1.3745,0.0647,9.82,2026-09-10
2016-05-09,,0.0809,0.0639,0.0923,1.364,0.0652,9.93,2026-09-10
2016-05-10,,0.0799,0.0631,0.091,1.3815,0.0644,9.89,2026-09-10
2016-05-11,,0.08,0.063,0.0911,1.38,0.0645,9.91,2026-09-10
2016-05-12,,0.08,0.0633,0.0913,1.3778,0.0646,9.95,2026-09-10
2016-05-13,,0.0803,0.0632,0.0912,1.3773,0.0646,9.9,2026-09-10
2016-05-16,,0.0795,0.0626,0.0899,1.395,0.0638,9.78,2026-09-10
2016-05-17,,0.0793,0.0619,0.0898,1.3982,0.0636,9.81,2026-09-10
2016-05-18,,0.0791,0.0618,0.0892,1.4046,0.0633,9.74,2026-09-10
2016-05-19,,0.0792,0.0609,0.0888,1.4086,0.0632,9.8,2026-09-10
2016-05-20,,0.0794,0.0609,0.089,1.4064,0.0633,9.8,2026-09-10
2016-05-23,,0.0797,0.0616,0.0895,1.398,0.0637,9.83,2026-09-10
2016-05-24,,0.0794,0.0614,0.089,1.4056,0.0633,9.72,2026-09-10
2016-05-25,,0.0804,0.0613,0.0896,1.3943,0.0638,9.86,2026-09-10
2016-05-26,,0.08,0.0608,0.0894,1.4001,0.0636,9.81,2026-09-10
2016-05-27,,0.0801,0.0612,0.0897,1.396,0.0637,9.84,2026-09-10
2016-05-30,,0.08,0.0608,0.0889,1.4027,0.0635,9.9,2026-09-10
2016-05-31,,0.0799,0.0606,0.0889,1.4042,0.0634,9.89,2026-09-10
2016-06-01,,0.0801,0.0615,0.0892,1.3989,0.0636,9.8,2026-09-10
2016-06-02,,0.08,0.0621,0.0896,1.3954,0.0638,9.79,2026-09-10
2016-06-03,,0.0803,0.0621,0.0896,1.3944,0.0638,9.74,2026-09-10
2016-06-06,,0.0803,0.0634,0.0911,1.3804,0.0645,9.74,2026-09-10
2016-06-07,,0.0808,0.0632,0.0918,1.3711,0.0649,9.88,2026-09-10
2016-06-08,,0.0808,0.0632,0.0919,1.3711,0.0649,9.85,2026-09-10
2016-06-09,,0.0811,0.0637,0.0924,1.3647,0.0652,9.86,2026-09-10
2016-06-10,,0.0814,0.0636,0.092,1.3665,0.0651,9.85,2026-09-10
2016-06-13,,0.0806,0.0638,0.0907,1.3822,0.0644,9.61,2026-09-10
2016-06-14,,0.0805,0.0641,0.0908,1.3808,0.0645,9.61,2026-09-10
2016-06-15,,0.0807,0.0639,0.0905,1.3829,0.0644,9.62,2026-09-10
2016-06-16,,0.0803,0.0639,0.0905,1.3871,0.0642,9.43,2026-09-10
2016-06-17,,0.0805,0.0636,0.0905,1.3868,0.0642,9.44,2026-09-10
2016-06-20,,0.0808,0.0629,0.0917,1.3761,0.0647,9.61,2026-09-10
2016-06-21,,0.0814,0.0627,0.0923,1.369,0.065,9.64,2026-09-10
2016-06-22,,0.0821,0.063,0.0925,1.3626,0.0653,9.66,2026-09-10
2016-06-23,,0.0821,0.0631,0.0931,1.3582,0.0656,9.71,2026-09-10
2016-06-24,,0.0817,0.0659,0.09,1.381,0.0645,9.21,2026-09-10
2016-06-27,,0.082,0.0673,0.0906,1.3722,0.0649,9.23,2026-09-10
2016-06-28,,0.0816,0.0678,0.0902,1.3762,0.0647,9.19,2026-09-10
2016-06-29,,0.0819,0.068,0.0906,1.3704,0.065,9.27,2026-09-10
2016-06-30,,0.0824,0.0682,0.0914,1.3606,0.0655,9.38,2026-09-10
2016-07-04,,0.0831,0.0696,0.0925,1.3443,0.0663,9.5,2026-09-10
2016-07-05,,0.0827,0.0696,0.092,1.3514,0.0659,9.38,2026-09-10
2016-07-06,,0.0826,0.0707,0.0914,1.3557,0.0657,9.24,2026-09-10
2016-07-07,,0.0828,0.0707,0.0918,1.3521,0.0659,9.25,2026-09-10
2016-07-08,,0.0829,0.0709,0.0918,1.3513,0.0659,9.22,2026-09-10
2016-07-11,,0.0834,0.0711,0.0922,1.3436,0.0663,9.38,2026-09-10
2016-07-12,,0.0838,0.071,0.0929,1.3348,0.0667,9.59,2026-09-10
2016-07-13,,0.0838,0.0698,0.0927,1.3369,0.0666,9.66,2026-09-10
2016-07-14,,0.0836,0.0701,0.093,1.3337,0.0668,9.83,2026-09-10
2016-07-15,,0.0837,0.0693,0.0932,1.3333,0.0668,9.86,2026-09-10
2016-07-20,,0.0844,0.071,0.093,1.3268,0.0671,9.89,2026-09-10
2016-07-21,,0.0843,0.0703,0.093,1.3288,0.067,9.96,2026-09-10
2016-07-22,,0.0847,0.0705,0.0934,1.3236,0.0673,9.9,2026-09-10
2016-07-25,,0.0845,0.0706,0.0927,1.3294,0.067,9.84,2026-09-10
2016-07-26,,0.0844,0.071,0.093,1.3297,0.067,9.69,2026-09-10
2016-07-27,,0.0844,0.0706,0.0927,1.3307,0.067,9.81,2026-09-10
2016-07-28,,0.0842,0.0708,0.0934,1.3273,0.0671,9.78,2026-09-10
2016-07-29,,0.0844,0.071,0.0936,1.3254,0.0672,9.69,2026-09-10
2016-08-01,,0.0848,0.0715,0.0948,1.3144,0.0678,9.71,2026-09-10
2016-08-02,,0.0846,0.0717,0.0945,1.3175,0.0676,9.66,2026-09-10
2016-08-03,,0.0841,0.0708,0.0943,1.3247,0.0673,9.53,2026-09-10
2016-08-04,,0.0849,0.0711,0.0946,1.3169,0.0677,9.6,2026-09-10
2016-08-05,,0.0856,0.0726,0.0953,1.3058,0.0683,9.63,2026-09-10
2016-08-08,,0.0858,0.0729,0.0952,1.3034,0.0684,9.73,2026-09-10
2016-08-09,,0.0861,0.0735,0.0954,1.2991,0.0686,9.78,2026-09-10
2016-08-10,,0.0864,0.0738,0.0963,1.2916,0.069,9.77,2026-09-10
2016-08-11,,0.0866,0.0743,0.0966,1.2878,0.0692,9.8,2026-09-10
2016-08-12,,0.0863,0.0742,0.0961,1.2918,0.069,9.81,2026-09-10
2016-08-15,,0.0861,0.0743,0.0961,1.2946,0.0689,9.72,2026-09-10
2016-08-16,,0.0864,0.0751,0.097,1.2855,0.0693,9.72,2026-09-10
2016-08-17,,0.0857,0.074,0.0965,1.294,0.0689,9.74,2026-09-10
2016-08-18,,0.0858,0.0743,0.0971,1.2901,0.0691,9.7,2026-09-10
2016-08-19,,0.0852,0.0735,0.0966,1.2981,0.0687,9.67,2026-09-10
2016-08-22,,0.085,0.0735,0.0959,1.3035,0.0684,9.67,2026-09-10
2016-08-23,,0.0851,0.0733,0.0964,1.3005,0.0686,9.65,2026-09-10
2016-08-24,,0.0836,0.0717,0.0944,1.3262,0.0672,9.48,2026-09-10
2016-08-25,,0.0835,0.0712,0.0942,1.3297,0.0671,9.45,2026-09-10
2016-08-26,,0.0833,0.0712,0.0941,1.3314,0.067,9.45,2026-09-10
2016-08-29,,0.0832,0.0711,0.0931,1.3379,0.0666,9.53,2026-09-10
2016-08-30,,0.0831,0.071,0.0928,1.3415,0.0665,9.49,2026-09-10
2016-08-31,,0.0831,0.0707,0.0926,1.3421,0.0664,9.56,2026-09-10
2016-09-01,,0.0826,0.07,0.0921,1.3509,0.066,9.51,2026-09-10
2016-09-02,,0.0825,0.0695,0.0923,1.3507,0.066,9.55,2026-09-10
2016-09-05,,0.0832,0.0698,0.093,1.3399,0.0666,9.62,2026-09-10
2016-09-06,,0.0835,0.0699,0.0931,1.3369,0.0667,9.65,2026-09-10
2016-09-07,,0.0841,0.0706,0.0947,1.323,0.0674,9.6,2026-09-10
2016-09-08,,0.084,0.0708,0.0945,1.3244,0.0673,9.61,2026-09-10
2016-09-09,,0.0833,0.0706,0.094,1.3317,0.067,9.6,2026-09-10
2016-09-12,,0.0827,0.0701,0.093,1.3434,0.0664,9.54,2026-09-10
2016-09-13,,0.083,0.07,0.0933,1.3403,0.0666,9.51,2026-09-10
2016-09-14,,0.0828,0.0704,0.0929,1.3422,0.0665,9.6,2026-09-10
2016-09-15,,0.0831,0.0705,0.0934,1.3377,0.0667,9.55,2026-09-10
2016-09-16,,0.0835,0.071,0.0939,1.3307,0.067,9.58,2026-09-10
2016-09-19,,0.0841,0.072,0.0939,1.3257,0.0673,9.58,2026-09-10
2016-09-20,,0.0845,0.0724,0.0944,1.3199,0.0676,9.6,2026-09-10
2016-09-21,,0.0849,0.0729,0.0946,1.314,0.0679,9.7,2026-09-10
2016-09-22,,0.0857,0.0736,0.0962,1.2987,0.0687,9.66,2026-09-10
2016-09-23,,0.0856,0.0735,0.0958,1.3018,0.0685,9.67,2026-09-10
2016-09-26,,0.0852,0.0738,0.0956,1.3051,0.0684,9.65,2026-09-10
2016-09-27,,0.0854,0.0739,0.096,1.3004,0.0686,9.69,2026-09-10
2016-09-28,,0.086,0.074,0.0964,1.2951,0.0689,9.7,2026-09-10
2016-10-03,0.6361,0.0848,0.0737,0.0953,1.3093,0.0682,9.65,2026-09-10
2016-10-04,0.6388,0.0854,0.0745,0.0956,1.3014,0.0686,9.77,2026-09-10
2016-10-05,0.6355,0.0846,0.0748,0.095,1.309,0.0682,9.77,2026-09-10
2016-10-06,0.6365,0.0849,0.0748,0.095,1.3065,0.0683,9.84,2026-09-10
2016-10-07,0.6334,0.0848,0.0757,0.0943,1.3109,0.0681,9.8,2026-09-10
2016-10-10,0.636,0.0848,0.0765,0.0948,1.3074,0.0683,9.77,2026-09-10
2016-10-11,0.6335,0.0847,0.0765,0.0943,1.3109,0.0681,9.79,2026-09-10
2016-10-12,0.6242,0.084,0.0757,0.0928,1.328,0.0672,9.62,2026-09-10
2016-10-13,0.6251,0.0842,0.0762,0.0928,1.3261,0.0673,9.63,2026-09-10
2016-10-14,0.6252,0.0842,0.0761,0.0928,1.326,0.0673,9.66,2026-09-10
2016-10-17,0.6248,0.0843,0.0761,0.0926,1.3269,0.0673,9.65,2026-09-10
2016-10-18,0.6316,0.085,0.0765,0.0936,1.3145,0.0679,9.74,2026-09-10
2016-10-19,0.6338,0.0856,0.0766,0.094,1.3089,0.0682,9.75,2026-09-10
2016-10-20,0.6347,0.0858,0.0766,0.0941,1.3069,0.0683,9.75,2026-09-10
2016-10-21,0.635,0.0861,0.0766,0.0939,1.3072,0.0683,9.75,2026-09-10
2016-10-24,0.6352,0.0862,0.0768,0.0937,1.3076,0.0683,9.73,2026-09-10
2016-10-25,0.637,0.0863,0.0768,0.0939,1.3047,0.0684,9.8,2026-09-10
2016-10-26,0.6398,0.0867,0.0775,0.0944,1.2982,0.0688,9.84,2026-09-10
2016-10-27,0.6366,0.086,0.0767,0.0938,1.307,0.0683,9.81,2026-09-10
2016-10-28,0.6377,0.086,0.0772,0.0939,1.3041,0.0685,9.89,2026-09-10
2016-10-31,0.6408,0.0862,0.0776,0.0945,1.2989,0.0687,9.91,2026-09-10
2016-11-01,0.6474,0.087,0.078,0.0954,1.2867,0.0694,10.0,2026-09-10
2016-11-02,0.6444,0.0859,0.0776,0.0951,1.2961,0.0689,9.87,2026-09-10
2016-11-03,0.6484,0.0861,0.0776,0.0958,1.2909,0.0692,9.83,2026-09-10
2016-11-04,0.6484,0.0863,0.0769,0.0958,1.2907,0.0692,9.89,2026-09-10
2016-11-07,0.647,0.0861,0.0767,0.0954,1.2935,0.069,9.96,2026-09-10
2016-11-08,0.6506,0.0867,0.0773,0.0958,1.2862,0.0694,10.0,2026-09-10
2016-11-09,0.6485,0.0849,0.0765,0.0956,1.3,0.0687,9.78,2026-09-10
2016-11-10,0.651,0.0874,0.077,0.0956,1.2843,0.0695,10.08,2026-09-10
2016-11-11,0.6389,0.0857,0.0744,0.0936,1.3109,0.0681,9.97,2026-09-10
2016-11-14,0.6311,0.0855,0.0736,0.0923,1.3229,0.0675,9.93,2026-09-10
2016-11-15,0.6336,0.0858,0.0739,0.0922,1.3205,0.0676,9.97,2026-09-10
2016-11-16,0.6382,0.0863,0.0743,0.0928,1.3119,0.0681,10.12,2026-09-10
2016-11-17,0.635,0.0863,0.0743,0.0922,1.3165,0.0678,10.08,2026-09-10
2016-11-18,0.6312,0.0862,0.0737,0.0913,1.3238,0.0675,10.11,2026-09-10
2016-11-21,0.6324,0.0862,0.0741,0.0914,1.3218,0.0676,10.15,2026-09-10
2016-11-22,0.6386,0.0869,0.074,0.0924,1.3106,0.0682,10.24,2026-09-10
2016-11-23,0.6422,0.0873,0.0748,0.0928,1.3039,0.0685,10.3,2026-09-10
2016-11-24,0.6403,0.0874,0.0741,0.0921,1.308,0.0683,10.39,2026-09-10
2016-11-25,0.6414,0.0874,0.0742,0.0924,1.3046,0.0685,10.5,2026-09-10
2016-11-28,0.6453,0.0875,0.0745,0.0932,1.2993,0.0688,10.43,2026-09-10
2016-11-29,0.6464,0.0881,0.0753,0.0935,1.2928,0.0691,10.47,2026-09-10
2016-11-30,0.6429,0.0876,0.0746,0.0932,1.2985,0.0688,10.5,2026-09-10
2016-12-01,0.6406,0.0874,0.0741,0.0928,1.3023,0.0686,10.57,2026-09-10
2016-12-02,0.6393,0.0869,0.0736,0.0928,1.3053,0.0684,10.59,2026-09-10
2016-12-05,0.6411,0.0882,0.0734,0.0932,1.2971,0.0689,10.58,2026-09-10
2016-12-06,0.6461,0.0874,0.0737,0.0939,1.2938,0.0691,10.71,2026-09-10
2016-12-07,0.65,0.0879,0.0744,0.0942,1.2877,0.0694,10.76,2026-09-10
2016-12-08,0.6538,0.088,0.075,0.0948,1.2816,0.0697,10.76,2026-09-10
2016-12-09,0.6502,0.0885,0.0746,0.094,1.2861,0.0695,10.75,2026-09-10
2016-12-12,0.6471,0.0884,0.0741,0.0933,1.2914,0.0692,10.79,2026-09-10
2016-12-13,0.6523,0.0885,0.0743,0.0941,1.2844,0.0696,10.85,2026-09-10
2016-12-14,0.6515,0.0884,0.0743,0.0941,1.2858,0.0695,10.83,2026-09-10
2016-12-15,0.6438,0.0884,0.0739,0.0928,1.2946,0.069,10.9,2026-09-10
2016-12-16,0.643,0.0888,0.0746,0.0927,1.2925,0.0691,10.94,2026-09-10
2016-12-19,0.6424,0.0885,0.0741,0.0925,1.2965,0.0689,10.86,2026-09-10
2016-12-20,0.6389,0.0886,0.0742,0.092,1.3002,0.0687,10.83,2026-09-10
2016-12-21,0.6427,0.089,0.0748,0.0926,1.2925,0.0692,10.89,2026-09-10
2016-12-22,0.642,0.0886,0.0748,0.0925,1.295,0.069,10.88,2026-09-10
2016-12-23,0.6419,0.0884,0.0752,0.0924,1.2963,0.069,10.84,2026-09-10
2016-12-28,0.6456,0.0886,0.0755,0.0928,1.2909,0.0692,10.91,2026-09-10
2016-12-29,0.6506,0.0892,0.0762,0.0933,1.2843,0.0696,10.88,2026-09-10
2016-12-30,0.6544,0.0891,0.0765,0.0939,1.2792,0.0699,10.95,2026-09-10
2017-01-04,0.6477,0.0897,0.0762,0.0933,1.282,0.0698,11.01,2026-09-10
2017-01-05,0.6419,0.0894,0.0764,0.0943,1.278,0.0699,10.97,2026-09-10
2017-01-06,0.6417,0.0889,0.076,0.0941,1.2835,0.0697,10.91,2026-09-10
2017-01-09,0.6432,0.0887,0.0766,0.0934,1.2875,0.0695,10.97,2026-09-10
2017-01-10,0.6468,0.0887,0.0774,0.0941,1.2816,0.0698,10.86,2026-09-10
2017-01-11,0.6451,0.0887,0.077,0.0936,1.2865,0.0696,10.85,2026-09-10
2017-01-12,0.6466,0.0884,0.0767,0.0938,1.2877,0.0695,10.75,2026-09-10
2017-01-13,0.6467,0.0889,0.0777,0.0944,1.2779,0.07,10.84,2026-09-10
2017-01-16,0.6466,0.0888,0.0784,0.0943,1.2792,0.0699,10.75,2026-09-10
2017-01-17,0.646,0.0886,0.078,0.0944,1.2805,0.0698,10.71,2026-09-10
2017-01-18,0.6456,0.0886,0.0767,0.0947,1.281,0.0698,10.73,2026-09-10
2017-01-19,0.645,0.0887,0.0769,0.0944,1.2815,0.0698,10.82,2026-09-10
2017-01-20,0.6473,0.0886,0.0766,0.0947,1.2796,0.0699,10.86,2026-09-10
2017-01-23,0.6475,0.0883,0.0763,0.0949,1.2806,0.0698,10.76,2026-09-10
2017-01-24,0.6487,0.0885,0.0761,0.0951,1.2786,0.0699,10.75,2026-09-10
2017-01-25,0.6509,0.0889,0.0761,0.0953,1.2738,0.0701,10.83,2026-09-10
2017-01-26,0.6537,0.0891,0.0757,0.0957,1.2689,0.0704,10.87,2026-09-10
2017-01-27,0.6517,0.089,0.0756,0.0949,1.2757,0.0701,10.92,2026-09-10
2017-01-30,0.6519,0.0885,0.0755,0.0949,1.2785,0.0699,10.88,2026-09-10
2017-01-31,0.6498,0.0886,0.0758,0.0948,1.28,0.0699,10.76,2026-09-10
2017-02-01,0.6496,0.0881,0.0756,0.095,1.2817,0.0698,10.77,2026-09-10
2017-02-02,0.6505,0.0884,0.0753,0.0954,1.2777,0.07,10.75,2026-09-10
2017-02-03,0.6499,0.0886,0.0761,0.0953,1.2762,0.07,10.78,2026-09-10
2017-02-06,0.6516,0.0889,0.0767,0.0958,1.2704,0.0703,10.77,2026-09-10
2017-02-07,0.6505,0.0891,0.0765,0.0954,1.2735,0.0702,10.66,2026-09-10
2017-02-08,0.6501,0.0889,0.0759,0.095,1.2782,0.07,10.66,2026-09-10
2017-02-09,0.6512,0.089,0.076,0.0951,1.2772,0.07,10.66,2026-09-10
2017-02-10,0.652,0.0891,0.0759,0.0949,1.2755,0.0701,10.8,2026-09-10
2017-02-13,0.654,0.0895,0.076,0.0951,1.272,0.0702,10.81,2026-09-10
2017-02-14,0.6554,0.09,0.0761,0.0955,1.2657,0.0705,10.82,2026-09-10
2017-02-15,0.6573,0.0907,0.0769,0.0959,1.256,0.071,10.97,2026-09-10
2017-02-16,0.661,0.0909,0.0774,0.0965,1.2486,0.0713,11.0,2026-09-10
2017-02-17,0.6609,0.0904,0.0772,0.0964,1.2527,0.0711,10.94,2026-09-10
2017-02-20,0.6571,0.0904,0.0772,0.0959,1.2583,0.0709,10.86,2026-09-10
2017-02-21,0.6595,0.0908,0.0772,0.0961,1.2543,0.0711,10.91,2026-09-10
2017-02-22,0.6576,0.0909,0.0766,0.0958,1.257,0.0709,10.88,2026-09-10
2017-02-23,0.661,0.0912,0.0774,0.0963,1.2497,0.0713,10.91,2026-09-10
2017-02-24,0.6632,0.0914,0.077,0.0968,1.2456,0.0715,10.91,2026-09-10
2017-02-27,0.661,0.0911,0.0775,0.0963,1.251,0.0712,10.8,2026-09-10
2017-02-28,0.6612,0.091,0.0775,0.0965,1.2504,0.0713,10.84,2026-09-10
2017-03-01,0.6583,0.0908,0.0774,0.0958,1.2564,0.071,10.87,2026-09-10
2017-03-02,0.6605,0.0912,0.0782,0.096,1.2501,0.0713,10.96,2026-09-10
2017-03-03,0.6592,0.0909,0.078,0.0956,1.2558,0.071,10.92,2026-09-10
2017-03-06,0.6618,0.0905,0.0782,0.096,1.2539,0.0711,10.93,2026-09-10
2017-03-07,0.6636,0.0909,0.0787,0.0962,1.2487,0.0713,10.97,2026-09-10
2017-03-08,0.6645,0.0911,0.0789,0.0963,1.2471,0.0714,10.95,2026-09-10
2017-03-09,0.6613,0.0906,0.0785,0.0955,1.2565,0.071,10.93,2026-09-10
2017-03-10,0.6572,0.0898,0.0783,0.0952,1.2642,0.0706,10.98,2026-09-10
2017-03-13,0.661,0.0896,0.0787,0.0959,1.2583,0.0709,11.0,2026-09-10
2017-03-14,0.6605,0.0899,0.0787,0.0957,1.2587,0.0709,11.0,2026-09-10
2017-03-15,0.6606,0.0902,0.0784,0.0958,1.2568,0.071,10.99,2026-09-10
2017-03-16,0.6664,0.0904,0.0791,0.0971,1.2442,0.0716,10.99,2026-09-10
2017-03-17,0.67,0.0904,0.0788,0.0974,1.2412,0.0717,11.04,2026-09-10
2017-03-20,0.6726,0.0907,0.0788,0.0976,1.2381,0.0718,11.0,2026-09-10
2017-03-21,0.6731,0.0907,0.0791,0.0977,1.2364,0.0719,11.02,2026-09-10
2017-03-22,0.6704,0.0904,0.0782,0.0976,1.2424,0.0716,10.89,2026-09-10
2017-03-23,0.675,0.091,0.0787,0.0983,1.2323,0.0721,10.94,2026-09-10
2017-03-24,0.6776,0.0914,0.0789,0.0985,1.2276,0.0724,10.97,2026-09-10
2017-03-27,0.6787,0.0912,0.079,0.0991,1.2251,0.0725,10.91,2026-09-10
2017-03-28,0.6645,0.0891,0.0771,0.0968,1.2597,0.0708,10.71,2026-09-10
2017-03-29,0.663,0.0893,0.0778,0.0965,1.2602,0.0708,10.72,2026-09-10
2017-03-30,0.6638,0.0897,0.0776,0.0965,1.2576,0.0709,10.73,2026-09-10
2017-03-31,0.6542,0.0889,0.0762,0.095,1.2781,0.07,10.62,2026-09-10
2017-04-03,0.6532,0.089,0.0758,0.095,1.2792,0.07,10.59,2026-09-10
2017-04-04,0.6442,0.0879,0.0753,0.0937,1.3001,0.069,10.36,2026-09-10
2017-04-05,0.6516,0.0887,0.0762,0.0947,1.2838,0.0698,10.48,2026-09-10
2017-04-06,0.6464,0.0879,0.0752,0.0938,1.2991,0.0691,10.37,2026-09-10
2017-04-07,0.6479,0.0882,0.0754,0.094,1.2952,0.0693,10.4,2026-09-10
2017-04-10,0.6467,0.0884,0.0756,0.0936,1.2963,0.0692,10.42,2026-09-10
2017-04-11,0.6457,0.0883,0.0753,0.0935,1.2995,0.0691,10.35,2026-09-10
2017-04-12,0.6483,0.0885,0.0752,0.094,1.2952,0.0693,10.3,2026-09-10
2017-04-13,0.654,0.0892,0.0757,0.0951,1.2804,0.0699,10.37,2026-09-10
2017-04-18,0.657,0.0896,0.0759,0.0954,1.2741,0.0702,10.41,2026-09-10
2017-04-19,0.6581,0.0892,0.0746,0.0956,1.2771,0.0701,10.39,2026-09-10
2017-04-20,0.6602,0.0895,0.0748,0.0959,1.2721,0.0703,10.44,2026-09-10
2017-04-21,0.6622,0.0898,0.0751,0.0962,1.2663,0.0706,10.52,2026-09-10
2017-04-24,0.6682,0.0894,0.0759,0.097,1.2587,0.0709,10.68,2026-09-10
2017-04-25,0.6678,0.0893,0.0758,0.097,1.2595,0.0709,10.69,2026-09-10
2017-04-26,0.6665,0.0884,0.0754,0.0967,1.2659,0.0706,10.78,2026-09-10
2017-04-27,0.6644,0.0883,0.0748,0.0963,1.2718,0.0703,10.71,2026-09-10
2017-04-28,0.6611,0.0882,0.0743,0.0959,1.2776,0.0701,10.66,2026-09-10
2017-05-02,0.6613,0.0879,0.0744,0.0959,1.278,0.07,10.75,2026-09-10
2017-05-03,0.6599,0.0877,0.0743,0.0958,1.2808,0.0699,10.74,2026-09-10
2017-05-04,0.6579,0.0876,0.0742,0.0954,1.2839,0.0698,10.76,2026-09-10
2017-05-05,0.6549,0.0865,0.0734,0.0949,1.2975,0.0692,10.65,2026-09-10
2017-05-08,0.6597,0.087,0.0737,0.0956,1.2864,0.0697,10.77,2026-09-10
2017-05-09,0.6545,0.0868,0.0732,0.0947,1.2965,0.0692,10.74,2026-09-10
2017-05-10,0.657,0.0873,0.0732,0.095,1.2897,0.0695,10.82,2026-09-10
2017-05-11,0.6583,0.0876,0.0736,0.0953,1.2849,0.0697,10.87,2026-09-10
2017-05-12,0.6602,0.088,0.0742,0.0957,1.2784,0.07,10.87,2026-09-10
2017-05-15,0.6627,0.0878,0.0743,0.096,1.2757,0.0702,10.9,2026-09-10
2017-05-16,0.6653,0.0878,0.0748,0.0966,1.2699,0.0704,10.95,2026-09-10
2017-05-17,0.6678,0.0873,0.0751,0.0971,1.2687,0.0705,10.91,2026-09-10
2017-05-18,0.6639,0.0867,0.0745,0.0965,1.2804,0.07,10.74,2026-09-10
2017-05-19,0.6629,0.0865,0.0743,0.0962,1.2836,0.0698,10.71,2026-09-10
2017-05-22,0.6657,0.0865,0.0745,0.0968,1.2785,0.07,10.78,2026-09-10
2017-05-23,0.6644,0.086,0.0744,0.0966,1.2839,0.0698,10.73,2026-09-10
2017-05-24,0.6686,0.0869,0.0749,0.0972,1.2707,0.0704,10.87,2026-09-10
2017-05-26,0.6695,0.0874,0.076,0.0978,1.2617,0.0708,10.91,2026-09-10
2017-05-29,0.6665,0.0875,0.0762,0.0978,1.262,0.0708,10.88,2026-09-10
2017-05-30,0.6641,0.0875,0.0759,0.0972,1.2682,0.0705,10.78,2026-09-10
2017-05-31,0.6588,0.0869,0.0759,0.0971,1.2732,0.0703,10.78,2026-09-10
2017-06-01,0.6556,0.0865,0.0757,0.0972,1.2762,0.0702,10.79,2026-09-10
2017-06-02,0.6646,0.0872,0.076,0.0979,1.2632,0.0707,10.92,2026-09-10
2017-06-05,0.667,0.0873,0.0764,0.0984,1.2589,0.0709,10.88,2026-09-10
2017-06-06,0.6675,0.0875,0.0763,0.0986,1.2565,0.0711,10.82,2026-09-10
2017-06-07,0.665,0.0871,0.0761,0.0982,1.2636,0.0707,10.74,2026-09-10
2017-06-08,0.6663,0.0874,0.0759,0.0984,1.2606,0.0709,10.78,2026-09-10
2017-06-09,0.6638,0.0873,0.077,0.0978,1.2636,0.0707,10.78,2026-09-10
2017-06-12,0.6658,0.0875,0.0769,0.0981,1.2605,0.0709,10.81,2026-09-10
2017-06-13,0.6665,0.0877,0.0774,0.0982,1.2573,0.071,10.8,2026-09-10
2017-06-14,0.6683,0.0877,0.077,0.0984,1.2556,0.0711,10.83,2026-09-10
2017-06-15,0.6698,0.088,0.0775,0.0987,1.2511,0.0713,10.83,2026-09-10
2017-06-16,0.6672,0.0877,0.0766,0.0979,1.26,0.0709,10.87,2026-09-10
2017-06-19,0.6695,0.0877,0.0769,0.0982,1.2561,0.0711,10.91,2026-09-10
2017-06-20,0.6669,0.0874,0.0766,0.0976,1.2629,0.0708,10.89,2026-09-10
2017-06-21,0.664,0.0873,0.077,0.0972,1.2676,0.0706,10.81,2026-09-10
2017-06-22,0.6652,0.0871,0.0769,0.0974,1.2672,0.0706,10.82,2026-09-10
2017-06-23,0.667,0.0873,0.0768,0.0975,1.2648,0.0707,10.85,2026-09-10
2017-06-26,0.6701,0.0874,0.0767,0.0978,1.2614,0.0709,10.89,2026-09-10
2017-06-27,0.6692,0.0876,0.077,0.098,1.2579,0.071,10.95,2026-09-10
2017-06-28,0.6647,0.086,0.0763,0.0977,1.2709,0.0704,10.97,2026-09-10
2017-06-29,0.6656,0.086,0.0757,0.0981,1.2683,0.0705,11.02,2026-09-10
2017-06-30,0.6631,0.0856,0.0752,0.0979,1.2741,0.0703,10.97,2026-09-10
2017-07-04,0.6604,0.0855,0.075,0.0971,1.2807,0.07,10.98,2026-09-10
2017-07-05,0.6603,0.0855,0.0752,0.0972,1.28,0.07,11.0,2026-09-10
2017-07-06,0.656,0.0851,0.0745,0.0964,1.291,0.0695,10.91,2026-09-10
2017-07-07,0.6549,0.0843,0.0743,0.0963,1.2964,0.0693,10.95,2026-09-10
2017-07-10,0.6565,0.0846,0.0748,0.0965,1.2912,0.0695,11.02,2026-09-10
2017-07-11,0.6534,0.0843,0.0745,0.096,1.2988,0.0692,10.98,2026-09-10
2017-07-12,0.6529,0.0839,0.075,0.0962,1.3001,0.0691,10.91,2026-09-10
2017-07-13,0.6586,0.0849,0.0752,0.0972,1.2843,0.0698,10.98,2026-09-10
2017-07-14,0.6591,0.0852,0.075,0.0972,1.2824,0.0699,11.01,2026-09-10
2017-07-19,0.6645,0.0853,0.0755,0.0984,1.2717,0.0704,11.02,2026-09-10
2017-07-20,0.6645,0.0853,0.0754,0.0982,1.273,0.0703,11.01,2026-09-10
2017-07-21,0.6641,0.0843,0.0756,0.0983,1.2785,0.0701,10.98,2026-09-10
2017-07-24,0.6659,0.0846,0.0758,0.0986,1.2747,0.0703,10.95,2026-09-10
2017-07-25,0.6649,0.0845,0.0756,0.0986,1.2758,0.0702,10.93,2026-09-10
2017-07-26,0.6623,0.0843,0.0753,0.098,1.2815,0.07,10.97,2026-09-10
2017-07-27,0.6652,0.0842,0.0752,0.0988,1.276,0.0702,10.98,2026-09-10
2017-07-28,0.6642,0.0842,0.0753,0.0985,1.2791,0.0701,10.93,2026-09-10
2017-07-31,0.6625,0.084,0.075,0.0985,1.2817,0.07,10.89,2026-09-10
2017-08-01,0.6591,0.083,0.0742,0.098,1.294,0.0694,10.81,2026-09-10
2017-08-02,0.6592,0.0828,0.0741,0.0979,1.2954,0.0694,10.84,2026-09-10
2017-08-03,0.6587,0.0826,0.074,0.0979,1.2976,0.0693,10.82,2026-09-10
2017-08-04,0.656,0.0821,0.0742,0.0975,1.3041,0.069,10.74,2026-09-10
2017-08-07,0.6545,0.0825,0.0745,0.0973,1.3031,0.069,10.77,2026-09-10
2017-08-08,0.6564,0.0829,0.075,0.0979,1.295,0.0694,10.82,2026-09-10
2017-08-09,0.6509,0.0828,0.0747,0.0972,1.3038,0.069,10.7,2026-09-10
2017-08-10,0.6486,0.0827,0.0748,0.0971,1.3055,0.0689,10.68,2026-09-10
2017-08-11,0.6499,0.0826,0.0749,0.0972,1.3056,0.0689,10.61,2026-09-10
2017-08-14,0.6506,0.0824,0.0749,0.0974,1.3047,0.069,10.67,2026-09-10
2017-08-15,0.6522,0.0829,0.0752,0.0975,1.2988,0.0692,10.76,2026-09-10
2017-08-16,0.6527,0.083,0.0758,0.0974,1.2977,0.0693,10.78,2026-09-10
2017-08-17,0.6553,0.0833,0.0761,0.0981,1.2899,0.0696,10.78,2026-09-10
2017-08-18,0.6533,0.0833,0.0758,0.0977,1.2951,0.0694,10.68,2026-09-10
2017-08-21,0.6542,0.0834,0.0761,0.0979,1.2922,0.0695,10.69,2026-09-10
2017-08-22,0.654,0.0832,0.0762,0.0982,1.291,0.0696,10.73,2026-09-10
2017-08-23,0.6519,0.0832,0.0763,0.0978,1.294,0.0694,10.7,2026-09-10
2017-08-24,0.6526,0.0831,0.0767,0.098,1.293,0.0695,10.7,2026-09-10
2017-08-25,0.6531,0.0831,0.0766,0.0981,1.2917,0.0695,10.75,2026-09-10
2017-08-28,0.6552,0.0828,0.0766,0.0988,1.2883,0.0697,10.78,2026-09-10
2017-08-29,0.6529,0.0824,0.0763,0.0988,1.2922,0.0695,10.75,2026-09-10
2017-08-30,0.6523,0.0828,0.0766,0.099,1.2864,0.0698,10.89,2026-09-10
2017-08-31,0.6521,0.0831,0.0764,0.0987,1.2863,0.0698,10.91,2026-09-10
2017-09-01,0.651,0.0831,0.0765,0.0989,1.2855,0.0698,10.89,2026-09-10
2017-09-04,0.6491,0.0835,0.0765,0.0992,1.2831,0.0699,10.85,2026-09-10
2017-09-05,0.6487,0.0833,0.0767,0.0991,1.2836,0.0699,10.84,2026-09-10
2017-09-06,0.6499,0.0833,0.0762,0.0993,1.2835,0.0699,10.8,2026-09-10
2017-09-07,0.6517,0.0837,0.0765,0.0998,1.2765,0.0702,10.88,2026-09-10
2017-09-08,0.6468,0.083,0.0762,0.1001,1.2814,0.07,10.79,2026-09-10
2017-09-11,0.6494,0.0828,0.0755,0.0995,1.2868,0.0698,10.79,2026-09-10
2017-09-12,0.6494,0.083,0.0753,0.0994,1.2858,0.0698,10.87,2026-09-10
2017-09-13,0.6476,0.0828,0.0746,0.0992,1.289,0.0697,10.93,2026-09-10
2017-09-14,0.6454,0.0829,0.0745,0.0985,1.2949,0.0694,10.88,2026-09-10
2017-09-15,0.6457,0.0828,0.0735,0.0986,1.2961,0.0694,10.9,2026-09-10
2017-09-18,0.6463,0.0825,0.0725,0.0986,1.2983,0.0693,10.97,2026-09-10
2017-09-19,0.6472,0.0819,0.0726,0.0983,1.3042,0.069,10.97,2026-09-10
2017-09-20,0.6448,0.0818,0.0726,0.0982,1.3066,0.0689,10.94,2026-09-10
2017-09-21,0.6446,0.0823,0.0725,0.0978,1.3056,0.069,11.0,2026-09-10
2017-09-22,0.6466,0.0821,0.0723,0.0982,1.3037,0.069,11.0,2026-09-10
2017-09-25,0.6484,0.0824,0.0724,0.0982,1.301,0.0692,11.03,2026-09-10
2017-09-26,0.6479,0.0826,0.0726,0.098,1.3023,0.0691,10.92,2026-09-10
2017-09-27,0.6454,0.0827,0.0727,0.0973,1.3061,0.0689,10.96,2026-09-10
2017-09-28,0.6447,0.0823,0.0722,0.0966,1.3155,0.0685,10.91,2026-09-10
2017-09-29,0.6459,0.0823,0.0723,0.097,1.3118,0.0687,10.93,2026-09-10
2017-10-03,0.6441,0.0824,0.0728,0.0965,1.3147,0.0686,10.91,2026-09-10
2017-10-04,0.6428,0.0822,0.0729,0.0968,1.3147,0.0686,10.88,2026-09-10
2017-10-05,0.6424,0.0821,0.073,0.0965,1.3164,0.0685,10.89,2026-09-10
2017-10-06,0.6406,0.0823,0.0736,0.0962,1.3171,0.0685,10.88,2026-09-10
2017-10-09,0.6377,0.0821,0.0734,0.0962,1.3201,0.0684,10.84,2026-09-10
2017-10-10,0.6335,0.0817,0.0731,0.0963,1.3239,0.0682,10.84,2026-09-10
2017-10-11,0.6355,0.0818,0.0733,0.0967,1.3194,0.0684,10.87,2026-09-10
2017-10-12,0.6403,0.082,0.0734,0.0973,1.3114,0.0687,10.93,2026-09-10
2017-10-13,0.6406,0.0823,0.0734,0.0975,1.3084,0.0689,10.92,2026-09-10
2017-10-16,0.6428,0.0829,0.0736,0.0978,1.3018,0.0691,10.93,2026-09-10
2017-10-17,0.6443,0.0829,0.0736,0.0975,1.3035,0.0691,10.94,2026-09-10
2017-10-18,0.6437,0.0827,0.0738,0.0973,1.3056,0.069,10.93,2026-09-10
2017-10-19,0.6417,0.082,0.0733,0.0968,1.3145,0.0686,10.95,2026-09-10
2017-10-20,0.6402,0.0818,0.0737,0.0967,1.3164,0.0685,10.95,2026-09-10
2017-10-23,0.6401,0.082,0.073,0.0965,1.3175,0.0685,10.97,2026-09-10
2017-10-24,0.6387,0.0819,0.0729,0.0963,1.3206,0.0683,10.94,2026-09-10
2017-10-25,0.6388,0.0818,0.0733,0.0962,1.3211,0.0683,10.95,2026-09-10
2017-10-26,0.6318,0.0805,0.0718,0.0952,1.342,0.0675,10.82,2026-09-10
2017-10-27,0.6282,0.0812,0.0719,0.0944,1.3453,0.0673,10.78,2026-09-10
2017-10-30,0.6302,0.0816,0.0721,0.0948,1.3386,0.0676,10.77,2026-09-10
2017-10-31,0.6309,0.0817,0.072,0.0952,1.3357,0.0677,10.76,2026-09-10
2017-11-01,0.6278,0.0815,0.0714,0.0948,1.3409,0.0675,10.79,2026-09-10
2017-11-02,0.6291,0.0818,0.0717,0.0953,1.3346,0.0678,10.85,2026-09-10
2017-11-03,0.631,0.0817,0.0729,0.0953,1.332,0.0679,10.86,2026-09-10
2017-11-06,0.6263,0.0812,0.0722,0.0943,1.3455,0.0673,10.78,2026-09-10
2017-11-07,0.6284,0.0817,0.072,0.0948,1.3382,0.0676,10.81,2026-09-10
2017-11-08,0.628,0.0816,0.0719,0.0945,1.3426,0.0674,10.76,2026-09-10
2017-11-09,0.6279,0.0816,0.0721,0.0947,1.3412,0.0675,10.75,2026-09-10
2017-11-10,0.6275,0.0811,0.0718,0.0945,1.3464,0.0673,10.72,2026-09-10
2017-11-13,0.6255,0.0807,0.0717,0.094,1.3542,0.067,10.66,2026-09-10
2017-11-14,0.6233,0.0803,0.0715,0.0937,1.3596,0.0668,10.65,2026-09-10
2017-11-15,0.6259,0.08,0.0717,0.0943,1.3569,0.0669,10.66,2026-09-10
2017-11-16,0.6259,0.08,0.0716,0.0943,1.3567,0.0669,10.65,2026-09-10
2017-11-17,0.6307,0.0805,0.0718,0.0951,1.3454,0.0673,10.7,2026-09-10
2017-11-20,0.6332,0.0812,0.0722,0.0953,1.3383,0.0676,10.67,2026-09-10
2017-11-21,0.6325,0.0811,0.0719,0.0952,1.3402,0.0676,10.71,2026-09-10
2017-11-22,0.6321,0.0813,0.0721,0.0956,1.3356,0.0677,10.72,2026-09-10
2017-11-23,0.6332,0.0812,0.0721,0.0961,1.3326,0.0679,10.69,2026-09-10
2017-11-24,0.6323,0.081,0.0722,0.096,1.3348,0.0678,10.7,2026-09-10
2017-11-27,0.6309,0.0802,0.0718,0.0956,1.3446,0.0674,10.65,2026-09-10
2017-11-28,0.6374,0.0811,0.0724,0.0965,1.3288,0.068,10.73,2026-09-10
2017-11-29,0.6389,0.0816,0.0723,0.0968,1.3227,0.0683,10.79,2026-09-10
2017-11-30,0.6403,0.0816,0.0719,0.0968,1.3223,0.0683,10.86,2026-09-10
2017-12-01,0.6398,0.0811,0.0715,0.0967,1.3263,0.0681,10.89,2026-09-10
2017-12-04,0.6377,0.0812,0.0717,0.0964,1.3283,0.0681,10.88,2026-09-10
2017-12-05,0.6434,0.082,0.0723,0.0973,1.3141,0.0683,10.96,2026-09-10
2017-12-06,0.6438,0.0822,0.0725,0.0973,1.3127,0.0687,10.91,2026-09-10
2017-12-07,0.642,0.0823,0.0726,0.097,1.3142,0.0687,10.92,2026-09-10
2017-12-08,0.6382,0.082,0.0713,0.0964,1.324,0.0682,10.93,2026-09-10
2017-12-11,0.6398,0.082,0.0721,0.0967,1.319,0.0685,10.98,2026-09-10
2017-12-12,0.6403,0.0821,0.0724,0.0967,1.3179,0.0685,10.97,2026-09-10
2017-12-13,0.6399,0.0822,0.0725,0.0966,1.3178,0.0685,10.95,2026-09-10
2017-12-14,0.643,0.0823,0.0725,0.0973,1.3116,0.0688,10.96,2026-09-10
2017-12-15,0.6424,0.0825,0.0724,0.0972,1.3117,0.0688,10.91,2026-09-10
2017-12-18,0.6507,0.0836,0.0738,0.0984,1.2901,0.0697,11.09,2026-09-10
2017-12-19,0.6579,0.0844,0.0744,0.0995,1.2747,0.0704,11.2,2026-09-10
2017-12-20,0.657,0.0842,0.0745,0.0997,1.2736,0.0705,11.26,2026-09-10
2017-12-21,0.6552,0.084,0.0746,0.0998,1.2741,0.0704,11.31,2026-09-10
2017-12-22,0.6554,0.0842,0.0746,0.0998,1.2726,0.0705,11.32,2026-09-10
2017-12-27,0.6602,0.0848,0.0753,0.1008,1.2597,0.0711,11.14,2026-09-10
2017-12-28,0.6659,0.0853,0.0757,0.1018,1.2481,0.0716,11.48,2026-09-10
2017-12-29,0.6605,0.0848,0.0753,0.1013,1.2563,0.0713,11.42,2026-09-10
2018-01-03,0.659,0.0841,0.0745,0.1013,1.2625,0.071,11.38,2026-09-10
2018-01-04,0.6602,0.0844,0.0751,0.1016,1.2572,0.0712,11.43,2026-09-10
2018-01-05,0.6598,0.0843,0.075,0.1018,1.2561,0.0713,11.51,2026-09-10
2018-01-08,0.6596,0.0846,0.075,0.1017,1.2552,0.0713,11.51,2026-09-10
2018-01-09,0.6595,0.0848,0.0747,0.1014,1.257,0.0712,11.42,2026-09-10
2018-01-10,0.6624,0.085,0.075,0.1014,1.2543,0.0713,11.4,2026-09-10
2018-01-11,0.6601,0.0848,0.075,0.1013,1.2582,0.0712,11.31,2026-09-10
2018-01-12,0.6587,0.0843,0.075,0.1016,1.2594,0.0711,11.3,2026-09-10
2018-01-15,0.6569,0.0836,0.0743,0.1021,1.2619,0.071,11.32,2026-09-10
2018-01-16,0.6581,0.0834,0.0742,0.1023,1.2614,0.071,11.34,2026-09-10
2018-01-18,0.6587,0.0839,0.074,0.1023,1.2585,0.0711,11.38,2026-09-10
2018-01-19,0.6597,0.0841,0.0742,0.1032,1.2502,0.0715,11.44,2026-09-10
2018-01-22,0.6618,0.0844,0.0744,0.1032,1.2475,0.0716,11.44,2026-09-10
2018-01-23,0.6609,0.0842,0.0738,0.1033,1.2494,0.0716,11.44,2026-09-10
2018-01-24,0.6631,0.0842,0.0739,0.1037,1.2469,0.0717,11.4,2026-09-10
2018-01-25,0.6618,0.084,0.0731,0.1047,1.2438,0.0718,11.39,2026-09-10
2018-01-26,0.6618,0.084,0.0736,0.1045,1.2437,0.0718,11.42,2026-09-10
2018-01-29,0.6615,0.0842,0.0739,0.1045,1.2426,0.0719,11.37,2026-09-10
2018-01-30,0.6589,0.0841,0.074,0.1039,1.2482,0.0716,11.29,2026-09-10
2018-01-31,0.6585,0.0839,0.0736,0.1044,1.2462,0.0717,11.35,2026-09-10
2018-02-01,0.6586,0.0842,0.0737,0.1046,1.2423,0.0719,11.44,2026-09-10
2018-02-02,0.6582,0.0837,0.0734,0.1046,1.2455,0.0717,11.48,2026-09-10
2018-02-05,0.6547,0.0834,0.0736,0.1039,1.253,0.0714,11.42,2026-09-10
2018-02-06,0.651,0.0836,0.0741,0.1034,1.256,0.0712,11.26,2026-09-10
2018-02-07,0.6527,0.0841,0.0746,0.1041,1.2461,0.0717,11.37,2026-09-10
2018-02-08,0.657,0.0844,0.0745,0.1035,1.2474,0.0716,11.35,2026-09-10
2018-02-09,0.6552,0.0842,0.074,0.1032,1.2527,0.0714,11.25,2026-09-10
2018-02-12,0.6571,0.0847,0.0751,0.104,1.2422,0.0719,11.31,2026-09-10
2018-02-13,0.659,0.0845,0.0751,0.1041,1.2431,0.0718,11.25,2026-09-10
2018-02-14,0.6605,0.0843,0.075,0.1043,1.2434,0.0718,11.18,2026-09-10
2018-02-15,0.6632,0.0845,0.0752,0.1053,1.2349,0.0722,11.21,2026-09-10
2018-02-16,0.666,0.0846,0.0751,0.1061,1.2292,0.0725,11.22,2026-09-10
2018-02-19,0.6654,0.085,0.0752,0.1055,1.23,0.0725,11.24,2026-09-10
2018-02-20,0.6644,0.0849,0.0752,0.1051,1.2327,0.0723,11.24,2026-09-10
2018-02-21,0.665,0.085,0.075,0.1048,1.2332,0.0723,11.3,2026-09-10
2018-02-22,0.6673,0.0857,0.0757,0.1052,1.226,0.0726,11.3,2026-09-10
2018-02-23,0.6665,0.0855,0.0754,0.1052,1.2282,0.0725,11.25,2026-09-10
2018-02-26,0.6682,0.0859,0.0755,0.1059,1.2205,0.0729,11.28,2026-09-10
2018-02-27,0.666,0.0857,0.0757,0.1057,1.2232,0.0728,11.29,2026-09-10
2018-02-28,0.6634,0.0858,0.0755,0.1048,1.2293,0.0725,11.23,2026-09-10
2018-03-01,0.6618,0.0856,0.0758,0.1043,1.2338,0.0723,11.15,2026-09-10
2018-03-02,0.6623,0.085,0.0757,0.1043,1.2389,0.072,11.03,2026-09-10
2018-03-05,0.6582,0.0844,0.0753,0.1039,1.247,0.0716,10.97,2026-09-10
2018-03-06,0.6629,0.0847,0.0756,0.1046,1.2376,0.0721,11.11,2026-09-10
2018-03-07,0.6629,0.0845,0.0755,0.105,1.2375,0.0721,11.09,2026-09-10
2018-03-08,0.6617,0.0843,0.0752,0.1046,1.2413,0.0719,11.09,2026-09-10
2018-03-09,0.6606,0.0846,0.0754,0.1042,1.2419,0.0719,11.12,2026-09-10
2018-03-12,0.6617,0.0849,0.0755,0.1046,1.2365,0.0721,11.16,2026-09-10
2018-03-13,0.6622,0.0849,0.0753,0.1047,1.2363,0.0721,11.18,2026-09-10
2018-03-14,0.6626,0.0846,0.0751,0.1049,1.2363,0.0721,11.18,2026-09-10
2018-03-15,0.662,0.0848,0.0751,0.1049,1.2363,0.0721,11.12,2026-09-10
2018-03-16,0.6598,0.0848,0.0749,0.1044,1.2409,0.0719,11.06,2026-09-10
2018-03-19,0.6565,0.0846,0.0745,0.1037,1.2487,0.0715,10.97,2026-09-10
2018-03-20,0.6575,0.0842,0.0741,0.104,1.2485,0.0715,11.05,2026-09-10
2018-03-21,0.6583,0.0848,0.0743,0.104,1.2442,0.0717,11.07,2026-09-10
2018-03-22,0.6614,0.0848,0.074,0.1047,1.2395,0.072,11.09,2026-09-10
2018-03-23,0.6632,0.0849,0.0742,0.1048,1.2384,0.072,10.98,2026-09-10
2018-03-26,0.6663,0.0854,0.0746,0.1056,1.2282,0.0725,11.09,2026-09-10
2018-03-27,0.6606,0.0849,0.0743,0.1057,1.2323,0.0723,11.16,2026-09-10
2018-03-28,0.6619,0.0851,0.0744,0.1055,1.2317,0.0723,11.15,2026-09-10
2018-03-29,0.659,0.0851,0.0745,0.1049,1.2348,0.0722,11.18,2026-09-10
2018-04-04,0.6576,0.0852,0.0743,0.1045,1.2384,0.072,11.14,2026-09-10
2018-04-05,0.6557,0.085,0.0742,0.1043,1.2407,0.0719,11.16,2026-09-10
2018-04-06,0.6547,0.0848,0.0741,0.1037,1.2462,0.0716,11.13,2026-09-10
2018-04-09,0.6546,0.0847,0.0737,0.104,1.246,0.0716,11.13,2026-09-10
2018-04-10,0.6529,0.0843,0.0734,0.1037,1.2505,0.0714,11.12,2026-09-10
2018-04-11,0.6516,0.084,0.0732,0.1039,1.2523,0.0713,11.12,2026-09-10
2018-04-12,0.6537,0.0842,0.0734,0.1042,1.2481,0.0715,11.13,2026-09-10
2018-04-13,0.653,0.0843,0.073,0.1039,1.2497,0.0715,11.18,2026-09-10
2018-04-16,0.6518,0.0841,0.0728,0.1038,1.2525,0.0713,11.13,2026-09-10
2018-04-17,0.653,0.084,0.0725,0.1041,1.2514,0.0714,11.13,2026-09-10
2018-04-18,0.654,0.0841,0.0727,0.104,1.2501,0.0714,11.17,2026-09-10
2018-04-19,0.6535,0.0843,0.0735,0.1043,1.2455,0.0716,11.21,2026-09-10
2018-04-20,0.653,0.0843,0.074,0.104,1.2469,0.0716,11.19,2026-09-10
2018-04-23,0.6502,0.0842,0.0737,0.1033,1.2535,0.0713,11.14,2026-09-10
2018-04-24,0.6468,0.0839,0.0735,0.1025,1.2609,0.0709,11.15,2026-09-10
2018-04-25,0.6451,0.0837,0.0732,0.1022,1.2652,0.0707,11.15,2026-09-10
2018-04-26,0.6444,0.0837,0.0731,0.1019,1.2672,0.0706,11.15,2026-09-10
2018-04-27,0.6454,0.0842,0.0732,0.1018,1.2643,0.0708,11.13,2026-09-10
2018-04-30,0.6456,0.0843,0.0743,0.1023,1.2588,0.071,11.17,2026-09-10
2018-05-02,0.6415,0.0841,0.0742,0.1009,1.2705,0.0705,11.08,2026-09-10
2018-05-03,0.6414,0.0841,0.0741,0.1009,1.2712,0.0704,11.05,2026-09-10
2018-05-04,0.6393,0.0841,0.0742,0.1007,1.2739,0.0703,10.99,2026-09-10
2018-05-07,0.6429,0.0846,0.0746,0.101,1.2664,0.0707,11.03,2026-09-10
2018-05-08,0.6425,0.0847,0.0744,0.1011,1.2659,0.0707,11.01,2026-09-10
2018-05-09,0.6397,0.0848,0.0742,0.1003,1.2714,0.0704,11.0,2026-09-10
2018-05-11,0.6453,0.0855,0.0753,0.1018,1.253,0.0713,11.13,2026-09-10
2018-05-14,0.6468,0.0854,0.0754,0.1021,1.2507,0.0714,11.17,2026-09-10
2018-05-15,0.6435,0.0851,0.0749,0.1015,1.2583,0.071,11.16,2026-09-10
2018-05-16,0.6399,0.085,0.0745,0.1006,1.2669,0.0706,11.09,2026-09-10
2018-05-17,0.642,0.0856,0.0747,0.101,1.2589,0.071,11.17,2026-09-10
2018-05-18,0.6403,0.0853,0.0745,0.1007,1.2633,0.0708,11.16,2026-09-10
2018-05-21,0.6338,0.0847,0.0741,0.0994,1.2786,0.0701,11.07,2026-09-10
2018-05-22,0.6383,0.0852,0.0748,0.1004,1.2661,0.0707,11.15,2026-09-10
2018-05-23,0.639,0.0853,0.0749,0.1003,1.2663,0.0706,11.08,2026-09-10
2018-05-24,0.643,0.086,0.0754,0.1007,1.2587,0.071,11.02,2026-09-10
2018-05-25,0.6434,0.0861,0.0754,0.1008,1.2569,0.0711,11.03,2026-09-10
2018-05-28,0.6435,0.086,0.0756,0.1008,1.2571,0.0711,11.04,2026-09-10
2018-05-29,0.6444,0.0866,0.0756,0.1005,1.2568,0.0711,10.94,2026-09-10
2018-05-30,0.6424,0.0864,0.0754,0.1,1.262,0.0708,10.88,2026-09-10
2018-05-31,0.6437,0.0862,0.0756,0.1007,1.258,0.071,10.94,2026-09-10
2018-06-01,0.641,0.0856,0.0753,0.1,1.2671,0.0706,10.91,2026-09-10
2018-06-04,0.6421,0.0856,0.0749,0.1001,1.2657,0.0707,10.98,2026-09-10
2018-06-05,0.6428,0.0858,0.0753,0.1004,1.2615,0.0709,11.02,2026-09-10
2018-06-06,0.6381,0.0852,0.0745,0.1,1.2704,0.0704,11.0,2026-09-10
2018-06-07,0.6387,0.0847,0.0745,0.1,1.2727,0.0703,11.0,2026-09-10
2018-06-08,0.6322,0.0838,0.0736,0.0987,1.2918,0.0695,10.83,2026-09-10
2018-06-11,0.6331,0.0838,0.0737,0.0989,1.2895,0.0696,10.88,2026-09-10
2018-06-12,0.6284,0.0835,0.0735,0.0982,1.2985,0.0692,10.84,2026-09-10
2018-06-13,0.6251,0.0832,0.0731,0.0976,1.306,0.0689,10.79,2026-09-10
2018-06-14,0.6276,0.0832,0.0733,0.0982,1.3005,0.0691,10.81,2026-09-10
2018-06-15,0.6235,0.084,0.0734,0.0972,1.3043,0.0689,10.77,2026-09-10
2018-06-18,0.6275,0.0839,0.0733,0.0972,1.3036,0.069,10.75,2026-09-10
2018-06-19,0.6195,0.0826,0.0724,0.0959,1.3277,0.0679,10.51,2026-09-10
2018-06-20,0.6234,0.0832,0.0732,0.0963,1.317,0.0684,10.61,2026-09-10
2018-06-21,0.6254,0.0831,0.0731,0.096,1.319,0.0683,10.62,2026-09-10
2018-06-22,0.6294,0.0832,0.0729,0.0968,1.3121,0.0686,10.65,2026-09-10
2018-06-25,0.6358,0.0834,0.0733,0.0971,1.3061,0.0688,10.64,2026-09-10
2018-06-26,0.6354,0.0828,0.073,0.0968,1.3127,0.0686,10.62,2026-09-10
2018-06-27,0.6387,0.083,0.0732,0.0968,1.3107,0.0686,10.64,2026-09-10
2018-06-28,0.6316,0.0827,0.073,0.0955,1.3248,0.068,10.53,2026-09-10
2018-06-29,0.6367,0.0826,0.0734,0.0962,1.3171,0.0684,10.64,2026-09-10
2018-07-03,0.6423,0.0822,0.0728,0.0957,1.323,0.0681,10.62,2026-09-10
2018-07-04,0.6391,0.0826,0.073,0.0965,1.3146,0.0685,10.65,2026-09-10
2018-07-05,0.6398,0.0823,0.0727,0.0962,1.319,0.0683,10.64,2026-09-10
2018-07-06,0.6439,0.0826,0.0731,0.0967,1.3112,0.0686,10.7,2026-09-10
2018-07-09,0.6445,0.0826,0.073,0.0972,1.307,0.0688,10.74,2026-09-10
2018-07-10,0.6446,0.0829,0.0736,0.0973,1.3026,0.069,10.81,2026-09-10
2018-07-11,0.6482,0.0828,0.0732,0.0972,1.3045,0.0689,10.79,2026-09-10
2018-07-12,0.6489,0.0829,0.0733,0.0968,1.3055,0.0689,10.86,2026-09-10
2018-07-13,0.652,0.0837,0.0741,0.0976,1.2914,0.0695,10.98,2026-09-10
2018-07-18,0.6544,0.0835,0.0742,0.0971,1.2944,0.0693,10.98,2026-09-10
2018-07-19,0.6587,0.0835,0.0745,0.0971,1.2931,0.0694,10.96,2026-09-10
2018-07-20,0.6556,0.0828,0.0741,0.0965,1.3049,0.0689,10.84,2026-09-10
2018-07-23,0.6581,0.0828,0.0739,0.0971,1.3015,0.069,10.77,2026-09-10
2018-07-24,0.66,0.0827,0.0738,0.0965,1.3052,0.0689,10.75,2026-09-10
2018-07-25,0.6629,0.0834,0.0741,0.0975,1.2916,0.0694,10.84,2026-09-10
2018-07-26,0.6653,0.0835,0.0743,0.0981,1.2867,0.0697,10.85,2026-09-10
2018-07-27,0.6647,0.0837,0.0744,0.0974,1.2896,0.0695,10.83,2026-09-10
2018-07-30,0.6678,0.0837,0.0744,0.0976,1.2878,0.0696,10.84,2026-09-10
2018-07-31,0.6683,0.0835,0.0745,0.0978,1.2874,0.0696,10.88,2026-09-10
2018-08-01,0.6641,0.0832,0.0741,0.0971,1.2953,0.0693,10.88,2026-09-10
2018-08-02,0.6652,0.0836,0.0743,0.0974,1.2903,0.0695,10.87,2026-09-10
2018-08-03,0.6643,0.0832,0.0741,0.0964,1.3013,0.069,10.76,2026-09-10
2018-08-06,0.663,0.0838,0.0745,0.0968,1.2947,0.0693,10.77,2026-09-10
2018-08-07,0.6635,0.0836,0.0747,0.0968,1.2949,0.0693,10.77,2026-09-10
2018-08-08,0.6634,0.0835,0.075,0.097,1.293,0.0694,10.79,2026-09-10
2018-08-09,0.6595,0.0833,0.0751,0.0966,1.2989,0.0691,10.73,2026-09-10
2018-08-10,0.6532,0.0831,0.0744,0.0952,1.3152,0.0684,10.56,2026-09-10
2018-08-13,0.642,0.0819,0.0732,0.0933,1.3442,0.0672,10.3,2026-09-10
2018-08-14,0.649,0.0825,0.0737,0.0943,1.3281,0.0679,10.46,2026-09-10
2018-08-15,0.6472,0.0825,0.0736,0.0936,1.3346,0.0676,10.41,2026-09-10
2018-08-16,0.643,0.082,0.0733,0.0933,1.3425,0.0673,10.34,2026-09-10
2018-08-17,0.6344,0.0811,0.0725,0.0923,1.3607,0.0665,10.23,2026-09-10
2018-08-20,0.6334,0.081,0.0727,0.0925,1.3596,0.0666,10.23,2026-09-10
2018-08-21,0.6401,0.0813,0.0729,0.0936,1.3463,0.0671,10.31,2026-09-10
2018-08-22,0.6402,0.0809,0.0725,0.0936,1.3494,0.067,10.33,2026-09-10
2018-08-23,0.6442,0.0811,0.0728,0.0938,1.3439,0.0672,10.4,2026-09-10
2018-08-24,0.6447,0.081,0.0731,0.0937,1.344,0.0672,10.44,2026-09-10
2018-08-27,0.64,0.081,0.0732,0.094,1.3434,0.0672,10.44,2026-09-10
2018-08-28,0.6423,0.0808,0.0733,0.0943,1.3404,0.0673,10.49,2026-09-10
2018-08-29,0.6418,0.0806,0.0733,0.0942,1.3433,0.0672,10.47,2026-09-10
2018-08-30,0.6413,0.0802,0.072,0.0938,1.3515,0.0669,10.47,2026-09-10
2018-08-31,0.6363,0.0796,0.0714,0.093,1.3658,0.0663,10.32,2026-09-10
2018-09-03,0.6335,0.0798,0.0718,0.0926,1.3672,0.0663,10.28,2026-09-10
2018-09-04,0.6295,0.0795,0.0717,0.0921,1.3756,0.0659,10.25,2026-09-10
2018-09-05,0.6229,0.0785,0.0707,0.0908,1.3975,0.0651,10.12,2026-09-10
2018-09-06,0.6203,0.0779,0.0701,0.0905,1.4062,0.0647,10.09,2026-09-10
2018-09-07,0.6261,0.0786,0.0707,0.0915,1.3895,0.0654,10.13,2026-09-10
2018-09-10,0.6261,0.0789,0.0706,0.0912,1.3911,0.0653,10.11,2026-09-10
2018-09-11,0.6295,0.0789,0.0702,0.0916,1.3862,0.0655,10.21,2026-09-10
2018-09-12,0.6307,0.0791,0.0705,0.0917,1.3836,0.0656,10.22,2026-09-10
2018-09-13,0.6317,0.0793,0.0708,0.0923,1.3756,0.0659,10.28,2026-09-10
2018-09-14,0.6355,0.0793,0.0707,0.0927,1.3697,0.0661,10.38,2026-09-10
2018-09-17,0.6334,0.0792,0.0704,0.0921,1.377,0.0659,10.32,2026-09-10
2018-09-18,0.6341,0.0789,0.0702,0.0924,1.3763,0.0659,10.37,2026-09-10
2018-09-19,0.634,0.0792,0.0703,0.0926,1.3725,0.066,10.4,2026-09-10
2018-09-20,0.6388,0.0797,0.0709,0.0932,1.3611,0.0665,10.45,2026-09-10
2018-09-21,0.6432,0.0799,0.071,0.0941,1.3496,0.0669,10.62,2026-09-10
2018-09-24,0.6441,0.0799,0.0717,0.0937,1.3517,0.0669,10.55,2026-09-10
2018-09-25,0.6447,0.0799,0.0716,0.0939,1.3495,0.0669,10.6,2026-09-10
2018-09-26,0.6457,0.0799,0.0713,0.094,1.3502,0.0669,10.6,2026-09-10
2018-09-27,0.6486,0.0807,0.0718,0.0943,1.34,0.0673,10.63,2026-09-10
2018-09-28,0.65,0.0812,0.0722,0.0944,1.3339,0.0676,10.72,2026-09-10
2018-10-03,0.6452,0.081,0.0721,0.0937,1.3424,0.0672,10.67,2026-09-10
2018-10-04,0.6376,0.0805,0.0714,0.0924,1.3596,0.0665,10.57,2026-09-10
2018-10-05,0.6363,0.08,0.0707,0.0921,1.3673,0.0662,10.5,2026-09-10
2018-10-08,0.6361,0.0801,0.0704,0.0921,1.368,0.0662,10.49,2026-09-10
2018-10-09,0.6377,0.0803,0.0704,0.0921,1.3665,0.0662,10.43,2026-09-10
2018-10-10,0.644,0.0809,0.0707,0.0931,1.3523,0.0668,10.52,2026-09-10
2018-10-11,0.6429,0.0803,0.0701,0.0927,1.362,0.0664,10.4,2026-09-10
2018-10-12,0.6441,0.0805,0.0705,0.0933,1.3534,0.0668,10.49,2026-09-10
2018-10-15,0.646,0.0808,0.0711,0.0933,1.3503,0.0669,10.44,2026-09-10
2018-10-16,0.6485,0.0809,0.0712,0.0937,1.3456,0.0671,10.5,2026-09-10
2018-10-17,0.6513,0.0814,0.0714,0.0942,1.3364,0.0675,10.57,2026-09-10
2018-10-18,0.6501,0.0816,0.0716,0.0937,1.3395,0.0673,10.54,2026-09-10
2018-10-19,0.6477,0.0815,0.0717,0.0934,1.3426,0.0672,10.51,2026-09-10
2018-10-22,0.6489,0.0812,0.0715,0.0936,1.3427,0.0672,10.55,2026-09-10
2018-10-24,0.6508,0.0818,0.0722,0.0937,1.3361,0.0675,10.55,2026-09-10
2018-10-25,0.6442,0.0812,0.0718,0.0927,1.3518,0.0668,10.39,2026-09-10
2018-10-26,0.6448,0.0813,0.0721,0.0925,1.3519,0.0668,10.38,2026-09-10
2018-10-29,0.6448,0.0812,0.0721,0.0926,1.3522,0.0668,10.36,2026-09-10
2018-10-30,0.6436,0.0811,0.0721,0.0923,1.3545,0.0667,10.41,2026-09-10
2018-10-31,0.6438,0.0814,0.0726,0.0923,1.3514,0.0668,10.45,2026-09-10
2018-11-01,0.6422,0.0812,0.0717,0.0922,1.3563,0.0666,10.4,2026-09-10
2018-11-02,0.6455,0.0819,0.0719,0.0935,1.3385,0.0673,10.57,2026-09-10
2018-11-05,0.6462,0.082,0.0719,0.0934,1.3381,0.0674,10.59,2026-09-10
2018-11-06,0.649,0.0823,0.0719,0.0939,1.3317,0.0676,10.64,2026-09-10
2018-11-07,0.6523,0.0822,0.0718,0.0942,1.329,0.0677,10.66,2026-09-10
2018-11-08,0.6553,0.0828,0.0721,0.0947,1.3193,0.0681,10.76,2026-09-10
2018-11-09,0.6515,0.0827,0.0719,0.0938,1.3281,0.0678,10.69,2026-09-10
2018-11-12,0.6478,0.0824,0.0722,0.0932,1.336,0.0674,10.63,2026-09-10
2018-11-13,0.6459,0.0827,0.0721,0.0929,1.337,0.0674,10.59,2026-09-10
2018-11-14,0.6455,0.0823,0.0715,0.0929,1.341,0.0672,10.58,2026-09-10
2018-11-15,0.6476,0.0824,0.0718,0.0935,1.3343,0.0675,10.61,2026-09-10
2018-11-16,0.6497,0.0826,0.0732,0.0937,1.3283,0.0678,10.62,2026-09-10
2018-11-19,0.6532,0.0826,0.0734,0.0942,1.323,0.068,10.63,2026-09-10
2018-11-20,0.6536,0.0823,0.0733,0.0943,1.3251,0.0679,10.6,2026-09-10
2018-11-21,0.653,0.0827,0.0735,0.0941,1.3235,0.068,10.62,2026-09-10
2018-11-22,0.6545,0.0829,0.0739,0.0946,1.317,0.0682,10.69,2026-09-10
2018-11-23,0.6592,0.0833,0.0739,0.0951,1.3087,0.0686,10.73,2026-09-10
2018-11-26,0.6579,0.0835,0.074,0.0948,1.3096,0.0685,10.73,2026-09-10
2018-11-27,0.657,0.0834,0.0738,0.0946,1.3125,0.0684,10.73,2026-09-10
2018-11-28,0.6561,0.0835,0.074,0.0944,1.3126,0.0684,10.75,2026-09-10
2018-11-29,0.6591,0.0835,0.0741,0.0951,1.3072,0.0686,10.77,2026-09-10
2018-11-30,0.6614,0.0837,0.0745,0.0953,1.3024,0.0688,10.81,2026-09-10
2018-12-03,0.656,0.0837,0.0744,0.0951,1.3049,0.0687,10.8,2026-09-10
2018-12-04,0.6529,0.0839,0.075,0.0955,1.301,0.0689,10.8,2026-09-10
2018-12-05,0.6501,0.0836,0.0746,0.0947,1.3115,0.0684,10.7,2026-09-10
2018-12-06,0.6502,0.0833,0.0743,0.0944,1.3163,0.0682,10.65,2026-09-10
2018-12-07,0.6473,0.0828,0.0737,0.0941,1.3235,0.0679,10.62,2026-09-10
2018-12-10,0.6494,0.0823,0.0738,0.0941,1.3266,0.0678,10.58,2026-09-10
2018-12-11,0.6426,0.082,0.0741,0.0931,1.337,0.0674,10.54,2026-09-10
2018-12-12,0.6428,0.0824,0.0746,0.0933,1.3316,0.0676,10.59,2026-09-10
2018-12-13,0.6451,0.0827,0.0745,0.094,1.3237,0.0679,10.66,2026-09-10
2018-12-14,0.6439,0.0823,0.0741,0.0935,1.3312,0.0676,10.61,2026-09-10
2018-12-17,0.6411,0.0822,0.0739,0.093,1.3372,0.0674,10.55,2026-09-10
2018-12-18,0.6424,0.0821,0.0738,0.0932,1.3367,0.0674,10.49,2026-09-10
2018-12-19,0.6439,0.0821,0.0738,0.0935,1.3344,0.0675,10.5,2026-09-10
2018-12-20,0.644,0.0818,0.0737,0.0932,1.3392,0.0673,10.43,2026-09-10
2018-12-21,0.6447,0.0815,0.0737,0.0934,1.3396,0.0673,10.4,2026-09-10
2018-12-24,0.6391,0.0813,0.0731,0.0926,1.3508,0.0668,10.28,2026-09-10
2018-12-27,0.6392,0.0815,0.0733,0.0927,1.3485,0.0669,10.3,2026-09-10
2018-12-28,0.6394,0.0813,0.0735,0.0931,1.3463,0.067,10.3,2026-09-10
2018-12-31,0.6411,0.0815,0.0734,0.0932,1.3441,0.0671,10.28,2026-09-10
2019-01-03,0.639,0.0816,0.0739,0.0928,1.351,0.0668,9.91,2026-09-10
2019-01-04,0.643,0.0821,0.074,0.0935,1.3381,0.0673,10.12,2026-09-10
2019-01-07,0.6487,0.0829,0.0743,0.0947,1.3212,0.068,10.25,2026-09-10
2019-01-08,0.65,0.0827,0.0741,0.0947,1.3214,0.068,10.31,2026-09-10
2019-01-09,0.6487,0.0827,0.0744,0.0948,1.3204,0.0681,10.32,2026-09-10
2019-01-10,0.6473,0.0825,0.0745,0.0953,1.3193,0.0681,10.29,2026-09-10
2019-01-11,0.6437,0.0827,0.0747,0.0953,1.3181,0.0682,10.33,2026-09-10
2019-01-14,0.6427,0.0827,0.0739,0.0949,1.323,0.0679,10.26,2026-09-10
2019-01-15,0.6453,0.0832,0.074,0.0954,1.3144,0.0683,10.37,2026-09-10
2019-01-16,0.6464,0.0837,0.0743,0.0955,1.3103,0.0685,10.35,2026-09-10
2019-01-17,0.646,0.0838,0.0741,0.0954,1.3103,0.0685,10.39,2026-09-10
2019-01-18,0.6477,0.0838,0.0735,0.0955,1.3099,0.0685,10.44,2026-09-10
2019-01-21,0.6464,0.0835,0.0738,0.095,1.3147,0.0683,10.41,2026-09-10
2019-01-22,0.6462,0.0835,0.0736,0.0948,1.3173,0.0682,10.37,2026-09-10
2019-01-23,0.6434,0.0833,0.0731,0.0947,1.3206,0.0681,10.39,2026-09-10
2019-01-24,0.6468,0.0836,0.0728,0.0952,1.3146,0.0683,10.44,2026-09-10
2019-01-25,0.6474,0.0844,0.0728,0.0955,1.307,0.0686,10.49,2026-09-10
2019-01-28,0.6474,0.0841,0.0727,0.0959,1.306,0.0687,10.49,2026-09-10
2019-01-29,0.6471,0.0838,0.0728,0.0958,1.3087,0.0686,10.47,2026-09-10
2019-01-30,0.6464,0.0839,0.0734,0.0961,1.3051,0.0687,10.5,2026-09-10
2019-01-31,0.6502,0.0842,0.0738,0.0968,1.2961,0.0691,10.53,2026-09-10
2019-02-01,0.6543,0.0848,0.074,0.097,1.2903,0.0694,10.56,2026-09-10
2019-02-04,0.6555,0.0845,0.074,0.0967,1.2925,0.0693,10.61,2026-09-10
2019-02-05,0.6526,0.0844,0.074,0.0965,1.2954,0.0692,10.6,2026-09-10
2019-02-06,0.6522,0.0846,0.0745,0.0964,1.2943,0.0692,10.58,2026-09-10
2019-02-07,0.6497,0.0844,0.0741,0.0959,1.301,0.0689,10.54,2026-09-10
2019-02-08,0.6484,0.0842,0.0738,0.0955,1.3062,0.0687,10.48,2026-09-10
2019-02-11,0.649,0.0845,0.074,0.0957,1.3026,0.0688,10.52,2026-09-10
2019-02-12,0.6455,0.0843,0.0739,0.0951,1.3096,0.0685,10.51,2026-09-10
2019-02-13,0.6447,0.0841,0.0738,0.0954,1.3085,0.0686,10.55,2026-09-10
2019-02-14,0.6384,0.0836,0.0733,0.0943,1.3229,0.068,10.47,2026-09-10
2019-02-15,0.6373,0.0832,0.0734,0.0939,1.329,0.0677,10.37,2026-09-10
2019-02-18,0.6383,0.0834,0.073,0.0943,1.3254,0.0679,10.42,2026-09-10
2019-02-19,0.6374,0.0832,0.0728,0.094,1.3299,0.0677,10.4,2026-09-10
2019-02-20,0.6348,0.0832,0.0723,0.0943,1.3279,0.0678,10.46,2026-09-10
2019-02-21,0.6332,0.0834,0.0725,0.0944,1.3263,0.0679,10.46,2026-09-10
2019-02-22,0.6362,0.0834,0.0726,0.0946,1.3236,0.068,10.48,2026-09-10
2019-02-25,0.6338,0.0836,0.0725,0.0948,1.3217,0.068,10.49,2026-09-10
2019-02-27,0.6373,0.0837,0.072,0.0953,1.3173,0.0682,10.53,2026-09-10
2019-02-28,0.6344,0.0834,0.0713,0.0949,1.3244,0.0679,10.51,2026-09-10
2019-03-01,0.6329,0.0831,0.0713,0.0945,1.3294,0.0677,10.56,2026-09-10
2019-03-04,0.6303,0.0829,0.0712,0.0942,1.3337,0.0676,10.54,2026-09-10
2019-03-05,0.6299,0.083,0.0714,0.094,1.3342,0.0675,10.52,2026-09-10
2019-03-06,0.6308,0.0831,0.0715,0.0939,1.3345,0.0675,10.49,2026-09-10
2019-03-07,0.6301,0.083,0.0712,0.0938,1.3363,0.0675,10.48,2026-09-10
2019-03-08,0.6247,0.0829,0.0709,0.0928,1.3486,0.0669,10.31,2026-09-10
2019-03-11,0.6269,0.0829,0.0717,0.0931,1.3437,0.0671,10.35,2026-09-10
2019-03-12,0.629,0.0831,0.0709,0.0936,1.3393,0.0673,10.41,2026-09-10
2019-03-13,0.627,0.0827,0.0713,0.0934,1.3432,0.0672,10.39,2026-09-10
2019-03-14,0.6265,0.0824,0.0703,0.0932,1.3483,0.067,10.4,2026-09-10
2019-03-15,0.6262,0.0823,0.0704,0.0932,1.3494,0.0669,10.4,2026-09-10
2019-03-18,0.6267,0.0823,0.0703,0.0933,1.3477,0.067,10.41,2026-09-10
2019-03-20,0.6259,0.0821,0.0703,0.0932,1.3506,0.0669,10.4,2026-09-10
2019-03-21,0.6295,0.0825,0.0713,0.0942,1.3381,0.0674,10.41,2026-09-10
2019-03-22,0.6308,0.0826,0.0715,0.094,1.3374,0.0674,10.42,2026-09-10
2019-03-25,0.6255,0.0824,0.0706,0.0931,1.3511,0.0669,10.24,2026-09-10
2019-03-26,0.6291,0.0829,0.0711,0.0937,1.341,0.0673,10.32,2026-09-10
2019-03-27,0.6266,0.0828,0.0707,0.0932,1.3471,0.067,10.3,2026-09-10
2019-03-28,0.6239,0.0823,0.0702,0.0927,1.3567,0.0666,10.2,2026-09-10
2019-03-29,0.6241,0.0825,0.0709,0.0927,1.3529,0.0668,10.26,2026-09-10
2019-04-01,0.6273,0.0831,0.0715,0.0934,1.3404,0.0673,10.38,2026-09-10
2019-04-02,0.63,0.0836,0.0718,0.0937,1.3333,0.0676,10.43,2026-09-10
2019-04-03,0.6311,0.0838,0.0715,0.094,1.3299,0.0677,10.48,2026-09-10
2019-04-04,0.6307,0.0835,0.0712,0.0939,1.3331,0.0676,10.46,2026-09-10
2019-04-08,0.6319,0.0837,0.072,0.094,1.3297,0.0678,10.47,2026-09-10
2019-04-09,0.6326,0.0836,0.072,0.0941,1.3291,0.0678,10.48,2026-09-10
2019-04-10,0.6343,0.0838,0.0722,0.0944,1.3248,0.068,10.49,2026-09-10
2019-04-11,0.6366,0.084,0.0724,0.0947,1.3196,0.0682,10.53,2026-09-10
2019-04-12,0.6349,0.0837,0.0723,0.0944,1.3246,0.068,10.56,2026-09-10
2019-04-15,0.6346,0.0836,0.0723,0.0946,1.3231,0.068,10.59,2026-09-10
2019-04-16,0.6333,0.0835,0.0721,0.0944,1.3265,0.0679,10.57,2026-09-10
2019-04-17,0.6332,0.0837,0.0724,0.0946,1.323,0.068,10.6,2026-09-10
2019-04-18,0.6319,0.0836,0.0724,0.0945,1.3253,0.068,10.57,2026-09-10
2019-04-23,0.6311,0.0836,0.0724,0.094,1.3301,0.0678,10.51,2026-09-10
2019-04-24,0.6273,0.0832,0.0721,0.0932,1.3402,0.0673,10.42,2026-09-10
2019-04-25,0.6262,0.0833,0.072,0.0929,1.3425,0.0672,10.4,2026-09-10
2019-04-26,0.6271,0.0835,0.0721,0.093,1.3405,0.0673,10.39,2026-09-10
2019-04-29,0.6282,0.0836,0.0721,0.0933,1.3374,0.0675,10.41,2026-09-10
2019-04-30,0.6292,0.0834,0.0721,0.0932,1.3391,0.0674,10.38,2026-09-10
2019-05-02,0.6276,0.0831,0.0713,0.0931,1.3444,0.0672,10.38,2026-09-10
2019-05-03,0.625,0.083,0.0711,0.0927,1.3494,0.067,10.33,2026-09-10
2019-05-06,0.6317,0.0831,0.0709,0.093,1.3454,0.0671,10.3,2026-09-10
2019-05-07,0.6316,0.083,0.071,0.0931,1.3446,0.0672,10.32,2026-09-10
2019-05-08,0.6328,0.0832,0.0714,0.0933,1.3424,0.0673,10.26,2026-09-10
2019-05-09,0.6368,0.0833,0.0716,0.0933,1.3399,0.0674,10.25,2026-09-10
2019-05-10,0.6387,0.0833,0.0719,0.0935,1.3373,0.0675,10.26,2026-09-10
2019-05-13,0.6457,0.0834,0.072,0.0937,1.3334,0.0676,10.28,2026-09-10
2019-05-14,0.6446,0.0831,0.0721,0.0934,1.3378,0.0675,10.23,2026-09-10
2019-05-15,0.6454,0.0835,0.0725,0.0936,1.333,0.0677,10.26,2026-09-10
2019-05-16,0.6464,0.0835,0.0728,0.0935,1.3326,0.0677,10.24,2026-09-10
2019-05-17,0.6466,0.0834,0.0729,0.0932,1.336,0.0675,10.21,2026-09-10
2019-05-20,0.645,0.0833,0.073,0.0929,1.3383,0.0674,10.23,2026-09-10
2019-05-21,0.644,0.0833,0.0731,0.0929,1.3392,0.0674,10.23,2026-09-10
2019-05-22,0.644,0.0833,0.0732,0.0928,1.339,0.0674,10.26,2026-09-10
2019-05-23,0.6442,0.0833,0.0735,0.0929,1.3384,0.0674,10.24,2026-09-10
2019-05-24,0.6435,0.083,0.0733,0.093,1.3406,0.0674,10.18,2026-09-10
2019-05-27,0.643,0.0831,0.073,0.0931,1.3401,0.0674,10.19,2026-09-10
2019-05-28,0.6423,0.083,0.0732,0.0929,1.342,0.0673,10.17,2026-09-10
2019-05-29,0.6361,0.0822,0.0725,0.0918,1.3603,0.0666,10.02,2026-09-10
2019-05-31,0.6363,0.0825,0.0728,0.0918,1.3578,0.0667,10.0,2026-09-10
2019-06-03,0.6405,0.0828,0.0732,0.0925,1.349,0.067,10.01,2026-09-10
2019-06-04,0.6442,0.0827,0.0734,0.093,1.344,0.0672,10.04,2026-09-10
2019-06-05,0.6399,0.082,0.0727,0.0924,1.3559,0.0667,9.98,2026-09-10
2019-06-06,0.6348,0.0816,0.0722,0.0916,1.3684,0.0662,9.9,2026-09-10
2019-06-07,0.6335,0.081,0.0719,0.0913,1.3755,0.066,9.9,2026-09-10
2019-06-10,0.6381,0.0812,0.0722,0.0918,1.3672,0.0663,9.97,2026-09-10
2019-06-11,0.6389,0.0815,0.0727,0.0922,1.3609,0.0665,10.02,2026-09-10
2019-06-12,0.6408,0.0815,0.0726,0.0924,1.3584,0.0666,10.01,2026-09-10
2019-06-13,0.6362,0.0812,0.0723,0.0918,1.368,0.0663,9.94,2026-09-10
2019-06-14,0.6374,0.0815,0.0725,0.0919,1.3645,0.0664,9.96,2026-09-10
2019-06-17,0.6374,0.082,0.0731,0.092,1.3593,0.0666,9.99,2026-09-10
2019-06-18,0.6381,0.0819,0.0734,0.092,1.3596,0.0666,9.96,2026-09-10
2019-06-19,0.6394,0.0827,0.0737,0.0926,1.3481,0.0671,10.03,2026-09-10
2019-06-20,0.6433,0.0831,0.0737,0.0937,1.3363,0.0676,10.08,2026-09-10
2019-06-21,0.6414,0.0827,0.0736,0.0933,1.3428,0.0673,10.01,2026-09-10
2019-06-24,0.6451,0.0824,0.0736,0.0939,1.3384,0.0675,10.09,2026-09-10
2019-06-25,0.6443,0.0821,0.0734,0.0936,1.3442,0.0672,10.01,2026-09-10
2019-06-26,0.6438,0.0824,0.0738,0.0935,1.342,0.0673,10.04,2026-09-10
2019-06-27,0.6453,0.0826,0.074,0.0938,1.3371,0.0675,10.14,2026-09-10
2019-06-28,0.6466,0.0829,0.0743,0.0942,1.331,0.0678,10.15,2026-09-10
2019-07-02,0.6456,0.0833,0.0744,0.094,1.3292,0.0679,10.19,2026-09-10
2019-07-03,0.6487,0.0834,0.0748,0.0941,1.3276,0.0679,10.13,2026-09-10
2019-07-04,0.6488,0.0836,0.075,0.0944,1.323,0.0681,10.17,2026-09-10
2019-07-05,0.6483,0.0836,0.0749,0.0942,1.3252,0.068,10.17,2026-09-10
2019-07-08,0.6461,0.0835,0.0748,0.0937,1.3307,0.0678,10.15,2026-09-10
2019-07-09,0.6456,0.0836,0.075,0.0937,1.3287,0.0679,10.2,2026-09-10
2019-07-10,0.6449,0.0835,0.0752,0.0936,1.33,0.0678,10.19,2026-09-10
2019-07-11,0.6496,0.0839,0.0755,0.0945,1.3189,0.0683,10.21,2026-09-10
2019-07-12,0.6509,0.084,0.0755,0.0947,1.3165,0.0684,10.26,2026-09-10
2019-07-17,0.6493,0.0841,0.076,0.0943,1.3186,0.0683,10.2,2026-09-10
2019-07-18,0.6493,0.084,0.0759,0.0944,1.3198,0.0683,10.16,2026-09-10
2019-07-19,0.6518,0.0842,0.0757,0.0948,1.315,0.0685,10.2,2026-09-10
2019-07-22,0.6494,0.0842,0.0756,0.0944,1.3187,0.0683,10.19,2026-09-10
2019-07-23,0.6504,0.0844,0.0759,0.0945,1.3153,0.0685,10.22,2026-09-10
2019-07-24,0.6503,0.0847,0.0759,0.0945,1.3139,0.0685,10.22,2026-09-10
2019-07-25,0.6502,0.0849,0.0758,0.0946,1.3124,0.0686,10.22,2026-09-10
2019-07-26,0.6463,0.0843,0.0756,0.0939,1.322,0.0682,10.21,2026-09-10
2019-07-29,0.6432,0.0839,0.0754,0.0933,1.3311,0.0678,10.14,2026-09-10
2019-07-30,0.6447,0.084,0.077,0.0936,1.3256,0.068,10.16,2026-09-10
2019-07-31,0.6453,0.0839,0.077,0.0936,1.326,0.068,10.16,2026-09-10
2019-08-01,0.6409,0.084,0.0765,0.0927,1.3335,0.0677,10.13,2026-09-10
2019-08-02,0.6416,0.0831,0.0761,0.0922,1.3472,0.0671,9.87,2026-09-10
2019-08-05,0.647,0.0822,0.0755,0.0914,1.361,0.0666,9.69,2026-09-10
2019-08-07,0.6471,0.0816,0.0752,0.0914,1.3652,0.0664,9.71,2026-09-10
2019-08-08,0.6453,0.0815,0.0751,0.0913,1.3677,0.0663,9.69,2026-09-10
2019-08-09,0.6449,0.0815,0.0751,0.0912,1.3691,0.0663,9.66,2026-09-10
2019-08-12,0.6412,0.0807,0.075,0.0904,1.3836,0.0657,9.53,2026-09-10
2019-08-14,0.638,0.0813,0.0753,0.0908,1.3748,0.0661,9.66,2026-09-10
2019-08-15,0.6363,0.081,0.0749,0.0904,1.3825,0.0658,9.57,2026-09-10
2019-08-16,0.6384,0.0816,0.0748,0.0906,1.3768,0.066,9.61,2026-09-10
2019-08-19,0.6382,0.0815,0.0743,0.0904,1.3786,0.0659,9.62,2026-09-10
2019-08-20,0.6361,0.0812,0.0743,0.09,1.3855,0.0656,9.58,2026-09-10
2019-08-21,0.6377,0.0814,0.0744,0.0903,1.3806,0.0658,9.62,2026-09-10
2019-08-22,0.64,0.0816,0.0745,0.0903,1.3787,0.0659,9.61,2026-09-10
2019-08-23,0.6422,0.0818,0.0741,0.0905,1.3754,0.066,9.65,2026-09-10
2019-08-26,0.647,0.0809,0.0735,0.0903,1.3846,0.0657,9.5,2026-09-10
2019-08-27,0.6472,0.0813,0.0738,0.0902,1.3815,0.0658,9.53,2026-09-10
2019-08-28,0.6463,0.0813,0.0735,0.0902,1.3825,0.0658,9.54,2026-09-10
2019-08-29,0.6448,0.0811,0.0736,0.0899,1.387,0.0656,9.52,2026-09-10
2019-08-30,0.6448,0.0816,0.074,0.0901,1.381,0.0658,9.58,2026-09-10
2019-09-03,0.6474,0.0823,0.075,0.0901,1.3736,0.0661,9.58,2026-09-10
2019-09-04,0.6504,0.0827,0.0749,0.0908,1.3642,0.0665,9.64,2026-09-10
2019-09-05,0.6535,0.083,0.0749,0.0915,1.3541,0.0669,9.75,2026-09-10
2019-09-06,0.6528,0.0828,0.0741,0.0914,1.3579,0.0668,9.78,2026-09-10
2019-09-09,0.6528,0.083,0.0747,0.0915,1.3541,0.0669,9.79,2026-09-10
2019-09-10,0.6565,0.083,0.0743,0.0917,1.3529,0.067,9.84,2026-09-10
2019-09-11,0.6543,0.0833,0.0745,0.092,1.3466,0.0672,9.92,2026-09-10
2019-09-12,0.6505,0.0834,0.0745,0.0918,1.3485,0.0671,9.92,2026-09-10
2019-09-13,0.6496,0.0832,0.0746,0.0923,1.3459,0.0672,9.97,2026-09-10
2019-09-16,0.6508,0.0832,0.0739,0.0921,1.3486,0.0671,9.94,2026-09-10
2019-09-17,0.6503,0.0834,0.0739,0.0917,1.351,0.067,9.93,2026-09-10
2019-09-18,0.6515,0.0831,0.0737,0.092,1.3502,0.0671,9.96,2026-09-10
2019-09-19,0.6524,0.0832,0.0737,0.0919,1.3504,0.0671,9.92,2026-09-10
2019-09-20,0.6499,0.083,0.073,0.0918,1.3545,0.0669,9.9,2026-09-10
2019-09-23,0.6492,0.0828,0.0733,0.0913,1.3606,0.0667,9.84,2026-09-10
2019-09-24,0.6493,0.0831,0.0735,0.0914,1.3578,0.0668,9.82,2026-09-10
2019-09-25,0.6499,0.083,0.0732,0.0913,1.3598,0.0667,9.8,2026-09-10
2019-09-26,0.6469,0.0829,0.0734,0.0908,1.3654,0.0665,9.77,2026-09-10
2019-09-27,0.6462,0.083,0.0735,0.0906,1.366,0.0665,9.76,2026-09-10
2019-10-02,0.642,0.0822,0.0732,0.0898,1.3811,0.0659,9.68,2026-09-10
2019-10-03,0.6446,0.0824,0.0734,0.0903,1.3746,0.0661,9.67,2026-09-10
2019-10-04,0.6451,0.0825,0.0733,0.0905,1.372,0.0662,9.67,2026-09-10
2019-10-07,0.6475,0.0828,0.0738,0.0908,1.3659,0.0665,9.71,2026-09-10
2019-10-08,0.6455,0.0825,0.0737,0.0906,1.37,0.0663,9.73,2026-09-10
2019-10-09,0.6443,0.0823,0.0739,0.0902,1.3759,0.0661,9.66,2026-09-10
2019-10-10,0.6444,0.0825,0.0741,0.0906,1.3697,0.0663,9.74,2026-09-10
2019-10-11,0.6466,0.0826,0.0731,0.091,1.3659,0.0665,9.82,2026-09-10
2019-10-14,0.6479,0.0831,0.0729,0.0917,1.3555,0.0669,9.93,2026-09-10
2019-10-15,0.6489,0.0831,0.0724,0.0917,1.3564,0.0668,9.93,2026-09-10
2019-10-16,0.6472,0.0825,0.0713,0.0911,1.3673,0.0664,9.91,2026-09-10
2019-10-17,0.6487,0.0825,0.0716,0.0913,1.3648,0.0665,9.93,2026-09-10
2019-10-18,0.6508,0.0826,0.0714,0.0919,1.3588,0.0668,9.98,2026-09-10
2019-10-21,0.6502,0.0824,0.0712,0.092,1.3603,0.0667,9.98,2026-09-10
2019-10-22,0.6514,0.0825,0.071,0.0921,1.3582,0.0668,10.0,2026-09-10
2019-10-28,0.6517,0.0833,0.072,0.0923,1.3496,0.0671,10.04,2026-09-10
2019-10-29,0.6522,0.0834,0.0719,0.0925,1.3474,0.0672,10.08,2026-09-10
2019-10-30,0.6519,0.0831,0.0718,0.0923,1.3511,0.0671,10.05,2026-09-10
2019-10-31,0.6428,0.0818,0.0707,0.0913,1.3725,0.0662,9.93,2026-09-10
2019-11-01,0.6423,0.0817,0.0704,0.0912,1.3763,0.0661,9.85,2026-09-10
2019-11-04,0.646,0.0823,0.0711,0.0919,1.3628,0.0666,9.95,2026-09-10
2019-11-05,0.646,0.0828,0.0715,0.0921,1.3572,0.0668,10.02,2026-09-10
2019-11-06,0.6433,0.083,0.0714,0.0919,1.358,0.0668,10.02,2026-09-10
2019-11-07,0.6434,0.0829,0.0714,0.0917,1.3612,0.0667,9.97,2026-09-10
2019-11-08,0.6414,0.0831,0.0717,0.0919,1.3575,0.0668,10.04,2026-09-10
2019-11-11,0.6407,0.0829,0.0714,0.0914,1.3644,0.0666,9.96,2026-09-10
2019-11-12,0.6415,0.0831,0.0713,0.0917,1.3596,0.0667,10.02,2026-09-10
2019-11-13,0.6411,0.0829,0.0711,0.0913,1.3649,0.0665,9.96,2026-09-10
2019-11-14,0.6411,0.0831,0.0712,0.0913,1.3647,0.0665,9.93,2026-09-10
2019-11-15,0.6437,0.0833,0.0713,0.0918,1.3578,0.0668,9.97,2026-09-10
2019-11-18,0.6462,0.0833,0.0713,0.0921,1.3544,0.067,10.03,2026-09-10
2019-11-19,0.6452,0.0829,0.0709,0.0919,1.3605,0.0667,9.98,2026-09-10
2019-11-20,0.6464,0.083,0.0712,0.0919,1.3586,0.0668,9.97,2026-09-10
2019-11-21,0.6476,0.083,0.0711,0.092,1.3578,0.0668,9.98,2026-09-10
2019-11-22,0.6485,0.0832,0.0713,0.0921,1.3545,0.067,10.01,2026-09-10
2019-11-25,0.6481,0.0836,0.0717,0.0921,1.3512,0.0671,10.03,2026-09-10
2019-11-26,0.6451,0.0834,0.0712,0.0918,1.3569,0.0669,10.01,2026-09-10
2019-11-27,0.6439,0.0833,0.0714,0.0917,1.3591,0.0668,10.01,2026-09-10
2019-11-28,0.6452,0.0834,0.071,0.0919,1.3562,0.0669,10.06,2026-09-10
2019-11-29,0.6467,0.0835,0.0712,0.0919,1.3545,0.067,10.07,2026-09-10
2019-12-02,0.6481,0.0837,0.0713,0.0922,1.3505,0.0671,10.1,2026-09-10
2019-12-03,0.6514,0.0835,0.0715,0.0925,1.3478,0.0672,10.1,2026-09-10
2019-12-04,0.6535,0.0834,0.0711,0.0924,1.3502,0.0671,10.03,2026-09-10
2019-12-05,0.6525,0.0835,0.0706,0.0925,1.3499,0.0672,10.07,2026-09-10
2019-12-06,0.6507,0.0832,0.0702,0.0924,1.3535,0.067,10.05,2026-09-10
2019-12-09,0.6504,0.0836,0.0703,0.0925,1.351,0.0671,10.04,2026-09-10
2019-12-10,0.6495,0.0834,0.0702,0.0923,1.3534,0.067,10.03,2026-09-10
2019-12-11,0.6469,0.0829,0.07,0.0919,1.3618,0.0667,10.0,2026-09-10
2019-12-12,0.6492,0.0829,0.0699,0.0924,1.3571,0.0669,10.03,2026-09-10
2019-12-13,0.6492,0.0834,0.0691,0.0931,1.3481,0.0672,10.2,2026-09-10
2019-12-17,0.6527,0.0837,0.0703,0.0933,1.3415,0.0675,10.22,2026-09-10
2019-12-18,0.6526,0.0837,0.0711,0.0932,1.3412,0.0675,10.2,2026-09-10
2019-12-19,0.6536,0.0839,0.0714,0.0934,1.3369,0.0677,10.23,2026-09-10
2019-12-20,0.6552,0.0841,0.0719,0.0935,1.3335,0.0679,10.22,2026-09-10
2019-12-23,0.6551,0.0843,0.0718,0.0935,1.333,0.0679,10.23,2026-09-10
2019-12-24,0.656,0.0844,0.0723,0.0936,1.3304,0.068,10.24,2026-09-10
2019-12-27,0.6568,0.0844,0.0722,0.0939,1.3274,0.0681,10.28,2026-09-10
2019-12-30,0.6595,0.0844,0.0721,0.0945,1.3224,0.0683,10.31,2026-09-10
2019-12-31,0.6567,0.084,0.0718,0.0941,1.3295,0.068,10.23,2026-09-10
2020-01-03,0.6545,0.0841,0.0716,0.0939,1.3322,0.0679,10.15,2026-09-10
2020-01-06,0.6515,0.0837,0.0714,0.0934,1.3407,0.0676,10.09,2026-09-10
2020-01-07,0.6527,0.0839,0.0714,0.0939,1.3338,0.0678,10.18,2026-09-10
2020-01-08,0.6487,0.0838,0.0711,0.0934,1.3405,0.0675,10.12,2026-09-10
2020-01-09,0.6498,0.0844,0.0716,0.0939,1.3301,0.068,10.26,2026-09-10
2020-01-10,0.6496,0.0844,0.0717,0.0938,1.3305,0.0679,10.27,2026-09-10
2020-01-13,0.6448,0.084,0.0717,0.0934,1.3369,0.0677,10.24,2026-09-10
2020-01-14,0.6405,0.0836,0.0717,0.0931,1.3425,0.0674,10.25,2026-09-10
2020-01-15,0.643,0.0838,0.0715,0.0933,1.3395,0.0675,10.25,2026-09-10
2020-01-16,0.6423,0.0836,0.0715,0.0932,1.3418,0.0674,10.24,2026-09-10
2020-01-17,0.6407,0.0837,0.0713,0.0932,1.341,0.0675,10.28,2026-09-10
2020-01-20,0.6369,0.0837,0.0715,0.093,1.3434,0.0674,10.24,2026-09-10
2020-01-21,0.6391,0.0835,0.0712,0.0927,1.3477,0.0672,10.19,2026-09-10
2020-01-22,0.6413,0.0838,0.0711,0.0929,1.3432,0.0674,10.22,2026-09-10
2020-01-23,0.6458,0.0841,0.071,0.0932,1.3383,0.0676,10.21,2026-09-10
2020-01-24,0.6445,0.0843,0.0709,0.0931,1.338,0.0676,10.2,2026-09-10
2020-01-27,0.646,0.0841,0.071,0.0927,1.3427,0.0674,10.11,2026-09-10
2020-01-28,0.6441,0.0838,0.0708,0.0924,1.3473,0.0672,10.08,2026-09-10
2020-01-29,0.6443,0.084,0.071,0.0925,1.3448,0.0673,10.09,2026-09-10
2020-01-30,0.6436,0.0836,0.0708,0.0921,1.3516,0.067,10.03,2026-09-10
2020-01-31,0.6408,0.0832,0.0701,0.0918,1.3589,0.0667,10.0,2026-09-10
2020-02-03,0.6412,0.0825,0.0695,0.0914,1.3684,0.0663,9.92,2026-09-10
2020-02-04,0.642,0.0829,0.0705,0.0917,1.3596,0.0666,9.98,2026-09-10
2020-02-05,0.6421,0.083,0.0704,0.0916,1.359,0.0666,10.03,2026-09-10
2020-02-06,0.6401,0.0836,0.0708,0.0919,1.3525,0.0669,10.1,2026-09-10
2020-02-07,0.6376,0.0832,0.0706,0.0914,1.3599,0.0666,10.05,2026-09-10
2020-02-10,0.6353,0.083,0.0705,0.0909,1.3662,0.0663,9.99,2026-09-10
2020-02-11,0.6353,0.0835,0.0705,0.0911,1.3614,0.0665,10.01,2026-09-10
2020-02-12,0.6379,0.0839,0.0707,0.0915,1.3537,0.0668,10.06,2026-09-10
2020-02-13,0.6359,0.0837,0.0703,0.091,1.3606,0.0665,10.0,2026-09-10
2020-02-14,0.6366,0.0841,0.0698,0.0911,1.3587,0.0666,10.0,2026-09-10
2020-02-17,0.6371,0.0842,0.07,0.0912,1.356,0.0667,10.02,2026-09-10
2020-02-18,0.635,0.0837,0.0698,0.0907,1.3645,0.0664,9.96,2026-09-10
2020-02-20,0.6353,0.0838,0.0701,0.0904,1.3635,0.0664,10.08,2026-09-10
2020-02-21,0.6359,0.0836,0.07,0.0902,1.3656,0.0663,10.1,2026-09-10
2020-02-24,0.6368,0.0836,0.0699,0.0904,1.3647,0.0663,10.09,2026-09-10
2020-02-25,0.6355,0.0834,0.07,0.0905,1.3655,0.0663,10.04,2026-09-10
2020-02-26,0.6342,0.0829,0.0694,0.0902,1.3734,0.066,9.96,2026-09-10
2020-02-27,0.6324,0.0825,0.0696,0.09,1.3783,0.0658,9.9,2026-09-10
2020-02-28,0.6265,0.0812,0.0693,0.0893,1.3962,0.0651,9.73,2026-09-10
2020-03-02,0.6239,0.081,0.0697,0.0895,1.3962,0.0651,9.69,2026-09-10
2020-03-03,0.6275,0.0807,0.0704,0.0899,1.3924,0.0652,9.7,2026-09-10
2020-03-04,0.6263,0.0809,0.0704,0.0902,1.3888,0.0653,9.7,2026-09-10
2020-03-05,0.6276,0.0812,0.0703,0.0905,1.3841,0.0655,9.71,2026-09-10
2020-03-06,0.6234,0.0799,0.0692,0.0896,1.4063,0.0646,9.49,2026-09-10
2020-03-09,0.6148,0.0777,0.0678,0.0885,1.4421,0.0633,9.09,2026-09-10
2020-03-10,0.6202,0.0787,0.0686,0.0894,1.4199,0.0641,9.35,2026-09-10
2020-03-11,0.619,0.0785,0.0689,0.0891,1.4245,0.0639,9.31,2026-09-10
2020-03-12,0.6144,0.0779,0.0686,0.0879,1.4431,0.0633,9.12,2026-09-10
2020-03-13,0.6119,0.0782,0.0697,0.0875,1.441,0.0633,9.24,2026-09-10
2020-03-16,0.6134,0.0784,0.0708,0.0874,1.436,0.0635,9.3,2026-09-10
2020-03-17,0.611,0.078,0.0712,0.0872,1.4412,0.0633,9.28,2026-09-10
2020-03-18,0.6087,0.0785,0.0715,0.0865,1.4439,0.0632,9.24,2026-09-10
2020-03-19,0.5997,0.0773,0.073,0.0844,1.4725,0.0622,9.17,2026-09-10
2020-03-20,0.5987,0.0784,0.0723,0.0844,1.4637,0.0625,9.28,2026-09-10
2020-03-23,0.5956,0.0777,0.0715,0.0836,1.4797,0.0619,9.18,2026-09-10
2020-03-24,0.5955,0.0777,0.0721,0.0839,1.4748,0.0621,9.26,2026-09-10
2020-03-25,0.5964,0.0778,0.0712,0.0842,1.4712,0.0622,9.36,2026-09-10
2020-03-26,0.6021,0.0774,0.0713,0.0844,1.4707,0.0622,9.34,2026-09-10
2020-03-27,0.6022,0.0768,0.0693,0.085,1.4744,0.0621,9.22,2026-09-10
2020-03-30,0.5947,0.0755,0.0675,0.0837,1.506,0.061,9.02,2026-09-10
2020-03-31,0.5937,0.0759,0.0677,0.0836,1.5032,0.0611,9.05,2026-09-10
2020-04-01,0.5937,0.0759,0.0676,0.0835,1.5044,0.0611,8.98,2026-09-10
2020-04-02,0.5926,0.0761,0.0671,0.0833,1.5075,0.0609,8.93,2026-09-10
2020-04-03,0.5833,0.0758,0.0664,0.0821,1.5259,0.0603,8.87,2026-09-10
2020-04-06,0.5753,0.0749,0.0661,0.081,1.5482,0.0596,8.83,2026-09-10
2020-04-07,0.5821,0.0759,0.0668,0.0822,1.5227,0.0604,8.95,2026-09-10
2020-04-08,0.5835,0.0761,0.0671,0.0825,1.5168,0.0606,8.98,2026-09-10
2020-04-09,0.5864,0.0763,0.0669,0.0828,1.5097,0.0608,9.02,2026-09-10
2020-04-14,0.5882,0.0763,0.0664,0.0834,1.5062,0.061,8.98,2026-09-10
2020-04-15,0.5838,0.0754,0.0657,0.0827,1.5242,0.0604,8.85,2026-09-10
2020-04-16,0.5814,0.0754,0.0657,0.0821,1.5307,0.0601,8.85,2026-09-10
2020-04-17,0.5796,0.0754,0.0656,0.0818,1.5344,0.06,8.81,2026-09-10
2020-04-20,0.5773,0.0751,0.0654,0.0815,1.5416,0.0598,8.79,2026-09-10
2020-04-21,0.579,0.0753,0.0657,0.0816,1.5378,0.0599,8.77,2026-09-10
2020-04-22,0.5772,0.0749,0.0661,0.0814,1.5429,0.0597,8.75,2026-09-10
2020-04-23,0.5768,0.0752,0.0658,0.0814,1.5404,0.0598,8.78,2026-09-10
2020-04-24,0.5736,0.0751,0.0656,0.0809,1.549,0.0595,8.7,2026-09-10
2020-04-27,0.5782,0.0752,0.0656,0.0817,1.5379,0.0599,8.75,2026-09-10
2020-04-28,0.5784,0.0754,0.0657,0.0815,1.5372,0.0599,8.74,2026-09-10
2020-04-29,0.5822,0.0758,0.0659,0.0822,1.5256,0.0602,8.76,2026-09-10
2020-04-30,0.5866,0.0765,0.0667,0.0831,1.5062,0.0609,8.85,2026-09-10
2020-05-04,0.5824,0.0746,0.0656,0.0816,1.5417,0.0597,8.71,2026-09-10
2020-05-05,0.5877,0.0756,0.0662,0.0825,1.5191,0.0604,8.8,2026-09-10
2020-05-06,0.5851,0.0761,0.0663,0.0824,1.5181,0.0604,8.76,2026-09-10
2020-05-07,0.5818,0.0757,0.0662,0.0818,1.529,0.0601,8.69,2026-09-10
2020-05-08,0.5824,0.0758,0.0663,0.0822,1.5232,0.0602,8.74,2026-09-10
2020-05-11,0.5865,0.0762,0.0666,0.0827,1.5107,0.0606,8.84,2026-09-10
2020-05-12,0.5831,0.0759,0.0666,0.0821,1.5201,0.0603,8.82,2026-09-10
2020-05-13,0.5851,0.0759,0.067,0.0824,1.5151,0.0605,8.83,2026-09-10
2020-05-14,0.583,0.0759,0.0672,0.082,1.52,0.0603,8.76,2026-09-10
2020-05-15,0.5844,0.076,0.0673,0.0821,1.5158,0.0604,8.8,2026-09-10
2020-05-18,0.586,0.0759,0.0678,0.0821,1.5146,0.0605,8.81,2026-09-10
2020-05-19,0.5886,0.0756,0.0675,0.0827,1.5101,0.0606,8.88,2026-09-10
2020-05-20,0.5871,0.0754,0.0674,0.0825,1.5133,0.0605,8.89,2026-09-10
2020-05-22,0.5984,0.0767,0.0687,0.0838,1.4826,0.0615,9.0,2026-09-10
2020-05-25,0.601,0.0772,0.069,0.084,1.4749,0.0617,9.04,2026-09-10
2020-05-26,0.6016,0.0771,0.0688,0.0842,1.4724,0.0618,9.09,2026-09-10
2020-05-27,0.6047,0.0769,0.0684,0.0843,1.4727,0.0618,9.07,2026-09-10
2020-05-28,0.6075,0.0769,0.069,0.0847,1.4661,0.062,9.14,2026-09-10
2020-05-29,0.605,0.0761,0.0684,0.0844,1.4778,0.0616,9.05,2026-09-10
2020-06-01,0.6046,0.0761,0.0684,0.0848,1.4724,0.0618,9.12,2026-09-10
2020-06-02,0.6042,0.0762,0.0677,0.0847,1.4736,0.0617,9.13,2026-09-10
2020-06-03,0.6083,0.0763,0.0679,0.0855,1.4614,0.0621,9.29,2026-09-10
2020-06-04,0.6108,0.0764,0.0683,0.0856,1.4566,0.0623,9.34,2026-09-10
2020-06-05,0.6116,0.0759,0.0682,0.0863,1.4524,0.0624,9.44,2026-09-10
2020-06-08,0.6111,0.0765,0.068,0.0863,1.4482,0.0625,9.45,2026-09-10
2020-06-09,0.6112,0.0766,0.068,0.0864,1.4483,0.0625,9.34,2026-09-10
2020-06-10,0.6136,0.0764,0.068,0.0868,1.4445,0.0626,9.33,2026-09-10
2020-06-11,0.6122,0.0763,0.0683,0.0866,1.4479,0.0625,9.28,2026-09-10
2020-06-12,0.6058,0.0757,0.068,0.0856,1.4647,0.0619,9.17,2026-09-10
2020-06-15,0.6028,0.0756,0.0682,0.085,1.472,0.0616,9.11,2026-09-10
2020-06-16,0.6062,0.0757,0.0677,0.0858,1.4623,0.062,9.22,2026-09-10
2020-06-17,0.6046,0.0757,0.0679,0.0854,1.466,0.0618,9.16,2026-09-10
2020-06-18,0.6028,0.0758,0.068,0.0853,1.4669,0.0618,9.12,2026-09-10
2020-06-19,0.5998,0.0756,0.0681,0.0847,1.4749,0.0615,9.06,2026-09-10
2020-06-22,0.5993,0.0757,0.0685,0.0847,1.4733,0.0615,9.06,2026-09-10
2020-06-23,0.6008,0.0754,0.0682,0.0849,1.4722,0.0616,9.1,2026-09-10
2020-06-24,0.602,0.0753,0.0682,0.0853,1.4698,0.0616,9.09,2026-09-10
2020-06-25,0.5992,0.0753,0.0682,0.0846,1.477,0.0614,9.06,2026-09-10
2020-06-26,0.6032,0.076,0.0686,0.0852,1.4633,0.0618,9.12,2026-09-10
2020-06-29,0.601,0.0755,0.0686,0.085,1.4689,0.0616,9.1,2026-09-10
2020-06-30,0.5996,0.0756,0.0691,0.0848,1.4683,0.0616,9.14,2026-09-10
2020-07-02,0.6049,0.076,0.0685,0.0856,1.4566,0.062,9.2,2026-09-10
2020-07-03,0.6056,0.0763,0.0687,0.0857,1.4518,0.0622,9.22,2026-09-10
2020-07-06,0.6041,0.076,0.0687,0.0858,1.4532,0.0621,9.24,2026-09-10
2020-07-07,0.6002,0.0757,0.0685,0.0855,1.4601,0.0619,9.2,2026-09-10
2020-07-08,0.5984,0.0756,0.0679,0.0853,1.4643,0.0617,9.17,2026-09-10
2020-07-09,0.602,0.0759,0.0682,0.0861,1.4516,0.0621,9.24,2026-09-10
2020-07-10,0.6015,0.0762,0.0682,0.0858,1.4533,0.0621,9.17,2026-09-10
2020-07-13,0.6043,0.0762,0.0682,0.0863,1.4462,0.0623,9.23,2026-09-10
2020-07-14,0.6039,0.0759,0.0686,0.0861,1.4487,0.0622,9.24,2026-09-10
2020-07-15,0.6057,0.0759,0.0687,0.0866,1.4436,0.0624,9.28,2026-09-10
2020-07-16,0.6056,0.0759,0.069,0.0865,1.4432,0.0624,9.25,2026-09-10
2020-07-17,0.6043,0.0759,0.0688,0.0864,1.4452,0.0623,9.26,2026-09-10
2020-07-22,0.6087,0.0758,0.0686,0.0873,1.4359,0.0626,9.33,2026-09-10
2020-07-23,0.6114,0.0754,0.0685,0.0874,1.4365,0.0626,9.36,2026-09-10
2020-07-24,0.6098,0.0748,0.0681,0.0869,1.4479,0.0621,9.24,2026-09-10
2020-07-27,0.6114,0.0746,0.0681,0.0873,1.4455,0.0622,9.22,2026-09-10
2020-07-28,0.6137,0.0747,0.0681,0.0876,1.4402,0.0624,9.25,2026-09-10
2020-07-29,0.6135,0.0746,0.0678,0.0876,1.4424,0.0623,9.2,2026-09-10
2020-07-30,0.6098,0.0741,0.0672,0.087,1.4538,0.0619,9.16,2026-09-10
2020-07-31,0.6092,0.0733,0.0663,0.0871,1.462,0.0616,9.09,2026-09-10
2020-08-03,0.6008,0.0732,0.0658,0.0861,1.4746,0.0611,9.12,2026-09-10
2020-08-04,0.6007,0.0731,0.0658,0.086,1.4756,0.0611,9.12,2026-09-10
2020-08-05,0.5957,0.0725,0.0655,0.0857,1.4858,0.0607,9.05,2026-09-10
2020-08-06,0.5959,0.0722,0.0652,0.0858,1.4874,0.0607,9.05,2026-09-10
2020-08-07,0.5933,0.072,0.0649,0.0852,1.4966,0.0604,9.0,2026-09-10
2020-08-10,0.5913,0.072,0.065,0.0849,1.4999,0.0602,8.98,2026-09-10
2020-08-11,0.5887,0.0722,0.0648,0.0847,1.5011,0.0602,8.99,2026-09-10
2020-08-12,0.5911,0.0726,0.0652,0.0851,1.4905,0.0605,9.08,2026-09-10
2020-08-13,0.5932,0.0723,0.0654,0.0855,1.4872,0.0606,9.12,2026-09-10
2020-08-14,0.5931,0.0723,0.0654,0.0855,1.4867,0.0606,9.13,2026-09-10
2020-08-17,0.5939,0.0722,0.0654,0.0857,1.4851,0.0607,9.13,2026-09-10
2020-08-18,0.5913,0.0718,0.0649,0.0854,1.4943,0.0603,9.01,2026-09-10
2020-08-19,0.594,0.072,0.0648,0.0859,1.4862,0.0606,9.07,2026-09-10
2020-08-20,0.5933,0.0724,0.0656,0.0858,1.4815,0.0607,9.1,2026-09-10
2020-08-21,0.5932,0.0724,0.0649,0.086,1.4815,0.0607,9.08,2026-09-10
2020-08-24,0.5958,0.073,0.0658,0.0862,1.4709,0.0611,9.12,2026-09-10
2020-08-25,0.5983,0.0733,0.0661,0.0866,1.4619,0.0614,9.18,2026-09-10
2020-08-26,0.598,0.0734,0.066,0.0867,1.4605,0.0614,9.22,2026-09-10
2020-08-27,0.5957,0.0732,0.0655,0.0866,1.4651,0.0612,9.18,2026-09-10
2020-08-28,0.5945,0.073,0.0653,0.0866,1.4666,0.0612,9.2,2026-09-10
2020-08-31,0.5995,0.0735,0.0656,0.0874,1.4524,0.0616,9.24,2026-09-10
2020-09-01,0.5936,0.0726,0.0649,0.087,1.4663,0.0612,9.2,2026-09-10
2020-09-02,0.5958,0.0733,0.0653,0.0872,1.4561,0.0615,9.25,2026-09-10
2020-09-03,0.5929,0.0734,0.0652,0.0867,1.4614,0.0613,9.21,2026-09-10
2020-09-04,0.5951,0.0734,0.0655,0.0869,1.4574,0.0614,9.23,2026-09-10
2020-09-07,0.595,0.0736,0.0659,0.0871,1.4529,0.0616,9.25,2026-09-10
2020-09-08,0.5942,0.0736,0.0661,0.087,1.4533,0.0615,9.24,2026-09-10
2020-09-09,0.591,0.0733,0.0666,0.0862,1.4637,0.0612,9.13,2026-09-10
2020-09-10,0.5955,0.0736,0.0668,0.0871,1.4496,0.0616,9.24,2026-09-10
2020-09-11,0.5922,0.0732,0.0676,0.0866,1.4568,0.0614,9.2,2026-09-10
2020-09-14,0.5939,0.0734,0.0678,0.0869,1.4504,0.0616,9.22,2026-09-10
2020-09-15,0.592,0.0735,0.0678,0.0873,1.4468,0.0617,9.23,2026-09-10
2020-09-16,0.5929,0.0739,0.0679,0.0876,1.4403,0.0619,9.23,2026-09-10
2020-09-17,0.593,0.0744,0.0677,0.0876,1.4376,0.062,9.19,2026-09-10
2020-09-18,0.5966,0.0745,0.0682,0.0883,1.4272,0.0623,9.26,2026-09-10
2020-09-21,0.5944,0.0742,0.0679,0.088,1.4347,0.0621,9.18,2026-09-10
2020-09-22,0.5867,0.0735,0.0675,0.0863,1.4582,0.0612,9.03,2026-09-10
2020-09-23,0.5864,0.0739,0.068,0.0863,1.4537,0.0614,9.07,2026-09-10
2020-09-24,0.5838,0.0733,0.0673,0.0855,1.4684,0.0609,9.0,2026-09-10
2020-09-25,0.5876,0.0737,0.0674,0.086,1.4578,0.0612,9.06,2026-09-10
2020-09-28,0.5867,0.0738,0.0672,0.0859,1.4589,0.0612,9.04,2026-09-10
2020-09-29,0.5848,0.0734,0.0666,0.0857,1.4654,0.0609,9.05,2026-09-10
2020-10-02,0.5871,0.074,0.0674,0.0868,1.4477,0.0615,9.13,2026-09-10
2020-10-05,0.5897,0.0745,0.0675,0.0873,1.4361,0.0619,9.22,2026-09-10
2020-10-06,0.5858,0.0739,0.0671,0.0871,1.4451,0.0616,9.2,2026-09-10
2020-10-07,0.5849,0.074,0.0673,0.0868,1.446,0.0615,9.18,2026-09-10
2020-10-08,0.5861,0.0739,0.0673,0.0871,1.4432,0.0616,9.23,2026-09-10
2020-10-09,0.5845,0.074,0.0673,0.0872,1.4414,0.0617,9.23,2026-09-10
2020-10-12,0.5862,0.0739,0.0669,0.0873,1.4409,0.0617,9.21,2026-09-10
2020-10-13,0.5883,0.074,0.0668,0.0873,1.4409,0.0617,9.19,2026-09-10
2020-10-14,0.5869,0.0742,0.0675,0.0872,1.4384,0.0617,9.19,2026-09-10
2020-10-15,0.5843,0.074,0.0669,0.087,1.4433,0.0616,9.16,2026-09-10
2020-10-16,0.5822,0.0741,0.0673,0.0867,1.4452,0.0615,9.13,2026-09-10
2020-10-19,0.5832,0.0744,0.0673,0.0871,1.4381,0.0617,9.18,2026-09-10
2020-10-20,0.5813,0.074,0.0672,0.0871,1.4417,0.0616,9.19,2026-09-10
2020-10-21,0.5813,0.0739,0.0674,0.0876,1.4367,0.0617,9.22,2026-09-10
2020-10-22,0.5843,0.0741,0.0668,0.0878,1.434,0.0618,9.19,2026-09-10
2020-10-23,0.5863,0.0745,0.0673,0.0878,1.4291,0.062,9.2,2026-09-10
2020-10-26,0.5865,0.0742,0.0675,0.0879,1.4293,0.062,9.22,2026-09-10
2020-10-27,0.5888,0.0743,0.0675,0.0879,1.4274,0.062,9.21,2026-09-10
2020-10-28,0.5903,0.0746,0.0673,0.088,1.4245,0.0621,9.17,2026-09-10
2020-10-29,0.5872,0.0745,0.0673,0.0876,1.4298,0.0619,9.14,2026-09-10
2020-10-30,0.5841,0.0747,0.0676,0.0872,1.4322,0.0618,9.1,2026-09-10
2020-11-02,0.586,0.0753,0.0679,0.0876,1.4225,0.0621,9.17,2026-09-10
2020-11-03,0.5862,0.0752,0.0678,0.0876,1.4219,0.0621,9.18,2026-09-10
2020-11-04,0.5876,0.0752,0.0675,0.0877,1.421,0.0622,9.2,2026-09-10
2020-11-05,0.587,0.0753,0.0683,0.0885,1.4112,0.0625,9.23,2026-09-10
2020-11-06,0.59,0.0754,0.0679,0.0892,1.4044,0.0627,9.24,2026-09-10
2020-11-09,0.5893,0.0755,0.0682,0.0898,1.3968,0.063,9.3,2026-09-10
2020-11-10,0.5937,0.076,0.0682,0.0898,1.3902,0.0632,9.43,2026-09-10
2020-11-11,0.5896,0.0757,0.0675,0.0894,1.3979,0.0629,9.42,2026-09-10
2020-11-12,0.591,0.0758,0.0676,0.0891,1.3991,0.0629,9.37,2026-09-10
2020-11-13,0.5914,0.0756,0.068,0.0893,1.3975,0.0629,9.37,2026-09-10
2020-11-16,0.5906,0.0758,0.068,0.0899,1.3912,0.0632,9.39,2026-09-10
2020-11-17,0.5921,0.0761,0.0683,0.0902,1.3847,0.0634,9.43,2026-09-10
2020-11-18,0.59,0.076,0.068,0.0902,1.3879,0.0632,9.38,2026-09-10
2020-11-19,0.5899,0.0757,0.0678,0.0897,1.3935,0.063,9.32,2026-09-10
2020-11-20,0.5917,0.0758,0.0678,0.0901,1.3888,0.0632,9.35,2026-09-10
2020-11-23,0.5914,0.076,0.0677,0.0902,1.3869,0.0632,9.36,2026-09-10
2020-11-24,0.5934,0.0761,0.0676,0.0902,1.3847,0.0633,9.41,2026-09-10
2020-11-25,0.5959,0.0761,0.0679,0.0906,1.3787,0.0635,9.47,2026-09-10
2020-11-26,0.5963,0.0762,0.0679,0.0909,1.3748,0.0637,9.49,2026-09-10
2020-11-27,0.5963,0.0761,0.0678,0.0907,1.3782,0.0635,9.43,2026-09-10
2020-11-30,0.5959,0.0756,0.0679,0.0906,1.3819,0.0634,9.41,2026-09-10
2020-12-01,0.5919,0.0754,0.0675,0.0902,1.3878,0.0631,9.41,2026-09-10
2020-12-02,0.5937,0.0751,0.0676,0.0907,1.3849,0.0632,9.47,2026-09-10
2020-12-03,0.5931,0.0747,0.0676,0.0905,1.3889,0.0631,9.46,2026-09-10
2020-12-04,0.5938,0.0749,0.0677,0.0911,1.3822,0.0633,9.46,2026-09-10
2020-12-07,0.5929,0.0749,0.0678,0.0909,1.3838,0.0632,9.46,2026-09-10
2020-12-08,0.5933,0.0751,0.0681,0.091,1.3802,0.0634,9.47,2026-09-10
2020-12-09,0.5959,0.0754,0.0684,0.0916,1.3702,0.0637,9.54,2026-09-10
2020-12-10,0.5971,0.0756,0.0684,0.0914,1.3696,0.0637,9.55,2026-09-10
2020-12-11,0.5961,0.0751,0.0686,0.0914,1.3734,0.0636,9.51,2026-09-10
2020-12-14,0.595,0.0751,0.0684,0.0912,1.3754,0.0635,9.49,2026-09-10
2020-12-15,0.5972,0.0751,0.0685,0.0913,1.3736,0.0635,9.5,2026-09-10
2020-12-16,0.5987,0.0755,0.0682,0.0918,1.3668,0.0638,9.51,2026-09-10
2020-12-17,0.6006,0.0754,0.068,0.0923,1.3632,0.0639,9.53,2026-09-10
2020-12-18,0.6034,0.0754,0.0683,0.0924,1.36,0.064,9.55,2026-09-10
2020-12-21,0.6025,0.0756,0.069,0.0922,1.3592,0.064,9.53,2026-09-10
2020-12-22,0.6051,0.0757,0.0689,0.0925,1.3552,0.0642,9.56,2026-09-10
2020-12-23,0.6039,0.0758,0.0689,0.0924,1.355,0.0642,9.56,2026-09-10
2020-12-24,0.6039,0.0759,0.0684,0.0927,1.3522,0.0643,9.6,2026-09-10
2020-12-29,0.6044,0.0757,0.0688,0.0927,1.3518,0.0643,9.61,2026-09-10
2020-12-30,0.6019,0.0753,0.0683,0.0925,1.3583,0.064,9.56,2026-09-10
2020-12-31,0.6039,0.0754,0.068,0.0927,1.3561,0.0641,9.56,2026-09-10
2021-01-04,0.5977,0.0757,0.0678,0.0927,1.3563,0.0641,9.55,2026-09-10
2021-01-05,0.5963,0.0755,0.0681,0.0926,1.3576,0.064,9.53,2026-09-10
2021-01-06,0.5904,0.0746,0.0673,0.0917,1.3755,0.0633,9.42,2026-09-10
2021-01-07,0.5895,0.0743,0.0674,0.0915,1.3781,0.0632,9.45,2026-09-10
2021-01-08,0.585,0.0738,0.0667,0.0906,1.3921,0.0626,9.41,2026-09-10
2021-01-11,0.5849,0.0741,0.0668,0.0903,1.3917,0.0626,9.4,2026-09-10
2021-01-12,0.5811,0.074,0.0664,0.0899,1.397,0.0624,9.37,2026-09-10
2021-01-13,0.586,0.0744,0.0665,0.0909,1.3837,0.0629,9.43,2026-09-10
2021-01-14,0.5864,0.0746,0.0665,0.0907,1.3831,0.0629,9.44,2026-09-10
2021-01-15,0.5886,0.075,0.0666,0.091,1.3768,0.0631,9.45,2026-09-10
2021-01-18,0.5879,0.075,0.0667,0.0906,1.3807,0.063,9.39,2026-09-10
2021-01-19,0.5901,0.0751,0.0668,0.0909,1.375,0.0632,9.45,2026-09-10
2021-01-20,0.5917,0.0754,0.067,0.0915,1.3666,0.0635,9.5,2026-09-10
2021-01-21,0.5921,0.0755,0.0669,0.0917,1.3644,0.0636,9.48,2026-09-10
2021-01-22,0.5912,0.075,0.0666,0.0913,1.372,0.0633,9.46,2026-09-10
2021-01-25,0.5909,0.0748,0.0664,0.0911,1.3745,0.0632,9.45,2026-09-10
2021-01-26,0.5863,0.0745,0.0663,0.0904,1.3849,0.0628,9.37,2026-09-10
2021-01-27,0.5897,0.0749,0.0663,0.0911,1.3736,0.0632,9.45,2026-09-10
2021-01-28,0.5872,0.0748,0.0663,0.0905,1.38,0.0629,9.44,2026-09-10
2021-01-29,0.5863,0.0748,0.0661,0.0905,1.3797,0.0629,9.46,2026-09-10
2021-02-01,0.5875,0.075,0.0662,0.0909,1.3738,0.0631,9.52,2026-09-10
2021-02-02,0.5883,0.0754,0.0665,0.091,1.3693,0.0633,9.55,2026-09-10
2021-02-03,0.5892,0.0757,0.0668,0.0912,1.3632,0.0635,9.58,2026-09-10
2021-02-04,0.5879,0.0757,0.0669,0.0909,1.3654,0.0634,9.56,2026-09-10
2021-02-05,0.5892,0.076,0.0665,0.0909,1.3628,0.0635,9.6,2026-09-10
2021-02-08,0.5892,0.0759,0.0665,0.0913,1.3597,0.0636,9.64,2026-09-10
2021-02-09,0.5901,0.0758,0.0665,0.0916,1.3584,0.0636,9.6,2026-09-10
2021-02-10,0.5911,0.0759,0.0666,0.092,1.354,0.0638,9.62,2026-09-10
2021-02-11,0.5907,0.0758,0.0664,0.092,1.3544,0.0637,9.62,2026-09-10
2021-02-12,0.5927,0.076,0.0668,0.0922,1.3494,0.0639,9.66,2026-09-10
2021-02-15,0.5936,0.0764,0.0667,0.0927,1.3412,0.0642,9.75,2026-09-10
2021-02-16,0.595,0.0765,0.0666,0.0928,1.3387,0.0643,9.79,2026-09-10
2021-02-17,0.5917,0.076,0.0661,0.0918,1.352,0.0638,9.73,2026-09-10
2021-02-18,0.5925,0.0763,0.0664,0.0919,1.3473,0.064,9.74,2026-09-10
2021-02-19,0.5958,0.0763,0.066,0.0923,1.3449,0.064,9.74,2026-09-10
2021-02-22,0.5928,0.0757,0.0655,0.0917,1.3552,0.0636,9.69,2026-09-10
2021-02-23,0.5956,0.0758,0.0655,0.0922,1.3503,0.0638,9.69,2026-09-10
2021-02-24,0.5965,0.076,0.0652,0.0923,1.3472,0.0639,9.74,2026-09-10
2021-02-25,0.5973,0.0761,0.0654,0.0926,1.3421,0.0641,9.81,2026-09-10
2021-02-26,0.5893,0.0748,0.0652,0.091,1.3677,0.0631,9.66,2026-09-10
2021-03-01,0.5886,0.0753,0.0651,0.091,1.3636,0.0632,9.7,2026-09-10
2021-03-02,0.5878,0.0754,0.0653,0.0907,1.3644,0.0632,9.69,2026-09-10
2021-03-03,0.5889,0.0753,0.0653,0.091,1.3617,0.0633,9.73,2026-09-10
2021-03-04,0.5869,0.0752,0.065,0.0907,1.3662,0.0631,9.72,2026-09-10
2021-03-05,0.5829,0.0752,0.0647,0.0899,1.3732,0.0628,9.72,2026-09-10
2021-03-08,0.5841,0.0752,0.0648,0.0896,1.3752,0.0627,9.71,2026-09-10
2021-03-09,0.5828,0.0752,0.0644,0.0891,1.3797,0.0626,9.73,2026-09-10
2021-03-10,0.5835,0.0754,0.0646,0.0895,1.3745,0.0627,9.74,2026-09-10
2021-03-11,0.5869,0.0757,0.0648,0.0903,1.3627,0.0632,9.82,2026-09-10
2021-03-12,0.5894,0.0759,0.065,0.0908,1.3552,0.0634,9.88,2026-09-10
2021-03-15,0.5894,0.0758,0.065,0.0905,1.3576,0.0633,9.89,2026-09-10
2021-03-16,0.5903,0.0762,0.0655,0.0909,1.3501,0.0636,9.92,2026-09-10
2021-03-17,0.5898,0.0762,0.0653,0.0907,1.3516,0.0635,9.9,2026-09-10
2021-03-18,0.594,0.0764,0.0655,0.0915,1.3419,0.0639,9.96,2026-09-10
2021-03-19,0.5935,0.0764,0.0655,0.0911,1.3447,0.0638,9.92,2026-09-10
2021-03-22,0.5913,0.0764,0.0656,0.0908,1.3476,0.0637,9.88,2026-09-10
2021-03-23,0.5922,0.0763,0.0658,0.091,1.346,0.0637,9.89,2026-09-10
2021-03-24,0.5912,0.0765,0.0661,0.0906,1.3476,0.0636,9.83,2026-09-10
2021-03-25,0.5903,0.0764,0.066,0.0903,1.3499,0.0635,9.84,2026-09-10
2021-03-26,0.5905,0.0766,0.0656,0.0903,1.3496,0.0635,9.86,2026-09-10
2021-03-29,0.5901,0.0764,0.0654,0.09,1.353,0.0634,9.86,2026-09-10
2021-03-30,0.5937,0.0768,0.0656,0.0903,1.3446,0.0637,9.94,2026-09-10
2021-03-31,0.5924,0.077,0.0656,0.0902,1.3447,0.0637,9.98,2026-09-10
2021-04-01,0.5955,0.0772,0.0657,0.0905,1.3387,0.0639,10.02,2026-09-10
2021-04-06,0.5985,0.0773,0.0657,0.0913,1.33,0.0642,10.07,2026-09-10
2021-04-07,0.5986,0.077,0.0663,0.0915,1.3294,0.0642,10.04,2026-09-10
2021-04-08,0.5992,0.077,0.0664,0.0914,1.3295,0.0642,10.02,2026-09-10
2021-04-09,0.5992,0.0768,0.0666,0.0912,1.3321,0.0641,9.99,2026-09-10
2021-04-12,0.5975,0.0767,0.0665,0.0911,1.3337,0.064,9.99,2026-09-10
2021-04-13,0.5985,0.0767,0.0664,0.0913,1.3317,0.0641,10.01,2026-09-10
2021-04-14,0.6004,0.0767,0.0666,0.0918,1.3271,0.0643,9.99,2026-09-10
2021-04-15,0.6011,0.0768,0.0667,0.0919,1.3246,0.0643,10.01,2026-09-10
2021-04-16,0.6037,0.0773,0.0673,0.0924,1.3146,0.0647,10.06,2026-09-10
2021-04-19,0.6024,0.0772,0.0667,0.0924,1.3176,0.0646,10.03,2026-09-10
2021-04-20,0.6016,0.0769,0.0662,0.0927,1.3183,0.0646,10.03,2026-09-10
2021-04-21,0.5999,0.0768,0.0663,0.0924,1.3214,0.0644,9.98,2026-09-10
2021-04-22,0.5999,0.0769,0.0664,0.0925,1.3191,0.0645,9.99,2026-09-10
2021-04-23,0.5994,0.0768,0.0666,0.0923,1.3212,0.0644,9.97,2026-09-10
2021-04-26,0.6003,0.0764,0.0666,0.0926,1.3208,0.0644,9.98,2026-09-10
2021-04-27,0.599,0.0766,0.0666,0.0925,1.3204,0.0644,10.01,2026-09-10
2021-04-28,0.5975,0.0764,0.0664,0.0922,1.324,0.0642,10.04,2026-09-10
2021-04-29,0.5993,0.0764,0.0664,0.0927,1.3189,0.0644,10.08,2026-09-10
2021-04-30,0.5975,0.0762,0.0663,0.0924,1.3231,0.0643,10.05,2026-09-10
2021-05-04,0.595,0.0763,0.0662,0.0918,1.3271,0.0641,10.04,2026-09-10
2021-05-05,0.5951,0.0764,0.066,0.0917,1.3273,0.0641,10.04,2026-09-10
2021-05-06,0.5964,0.0767,0.0662,0.092,1.3216,0.0643,10.07,2026-09-10
2021-05-07,0.5972,0.0767,0.0665,0.0925,1.3168,0.0644,10.09,2026-09-10
2021-05-10,0.5987,0.0767,0.0663,0.0933,1.3102,0.0647,10.15,2026-09-10
2021-05-11,0.5991,0.0768,0.066,0.0932,1.3103,0.0647,10.15,2026-09-10
2021-05-12,0.6004,0.0769,0.066,0.0933,1.3081,0.0648,10.15,2026-09-10
2021-05-14,0.5986,0.0768,0.0661,0.093,1.3107,0.0646,10.17,2026-09-10
2021-05-17,0.5985,0.0766,0.0659,0.0929,1.313,0.0645,10.15,2026-09-10
2021-05-18,0.5994,0.0766,0.0658,0.0933,1.3098,0.0646,10.18,2026-09-10
2021-05-19,0.601,0.0764,0.0659,0.0935,1.308,0.0647,10.19,2026-09-10
2021-05-20,0.6,0.0764,0.066,0.0932,1.3104,0.0646,10.17,2026-09-10
2021-05-21,0.6015,0.0764,0.0659,0.0935,1.3075,0.0647,10.17,2026-09-10
2021-05-24,0.6016,0.0767,0.0661,0.0935,1.3047,0.0648,10.17,2026-09-10
2021-05-25,0.6005,0.0767,0.0661,0.0938,1.3019,0.0649,10.2,2026-09-10
2021-05-26,0.6002,0.0767,0.0664,0.094,1.2998,0.065,10.23,2026-09-10
2021-05-27,0.6001,0.0772,0.0667,0.0941,1.2942,0.0652,10.27,2026-09-10
2021-05-28,0.5979,0.0771,0.0662,0.0939,1.2977,0.065,10.31,2026-09-10
2021-05-31,0.5986,0.0771,0.0663,0.094,1.2958,0.0651,10.32,2026-09-10
2021-06-01,0.6008,0.0771,0.0663,0.0943,1.2931,0.0652,10.32,2026-09-10
2021-06-02,0.6002,0.0769,0.0664,0.094,1.2961,0.0651,10.31,2026-09-10
2021-06-03,0.6051,0.0777,0.0669,0.0947,1.2826,0.0656,10.4,2026-09-10
2021-06-04,0.6034,0.0778,0.0668,0.0942,1.2856,0.0655,10.38,2026-09-10
2021-06-07,0.6074,0.0781,0.0672,0.0949,1.2761,0.0659,10.39,2026-09-10
2021-06-08,0.6045,0.0777,0.0668,0.0946,1.2826,0.0656,10.36,2026-09-10
2021-06-09,0.6043,0.0776,0.0668,0.0945,1.2838,0.0655,10.35,2026-09-10
2021-06-10,0.5997,0.0772,0.0666,0.094,1.2919,0.0652,10.29,2026-09-10
2021-06-11,0.6039,0.0776,0.0667,0.0946,1.2829,0.0655,10.35,2026-09-10
2021-06-14,0.6012,0.0775,0.0665,0.0938,1.29,0.0652,10.29,2026-09-10
2021-06-15,0.6008,0.0774,0.0665,0.0939,1.2903,0.0652,10.33,2026-09-10
2021-06-16,0.6,0.0773,0.0665,0.0937,1.2916,0.0651,10.32,2026-09-10
2021-06-17,0.5965,0.0774,0.0663,0.0928,1.2993,0.0648,10.27,2026-09-10
2021-06-18,0.5954,0.0775,0.0665,0.0923,1.3024,0.0646,10.16,2026-09-10
2021-06-21,0.5924,0.0771,0.0663,0.0916,1.3127,0.0642,10.07,2026-09-10
2021-06-22,0.5944,0.0772,0.0661,0.0918,1.3088,0.0644,10.14,2026-09-10
2021-06-23,0.5964,0.077,0.0658,0.0919,1.3089,0.0643,10.18,2026-09-10
2021-06-24,0.5957,0.0771,0.0659,0.092,1.3072,0.0644,10.19,2026-09-10
2021-06-25,0.5947,0.0771,0.0661,0.0921,1.3053,0.0645,10.21,2026-09-10
2021-06-28,0.5951,0.0772,0.0662,0.0921,1.3045,0.0645,10.19,2026-09-10
2021-06-29,0.5931,0.077,0.0662,0.0918,1.3085,0.0643,10.15,2026-09-10
2021-06-30,0.5921,0.077,0.0662,0.0916,1.31,0.0642,10.13,2026-09-10
2021-07-02,0.5896,0.0768,0.0661,0.0909,1.3168,0.0639,10.15,2026-09-10
2021-07-05,0.5929,0.0773,0.0663,0.0917,1.3054,0.0644,10.19,2026-09-10
2021-07-06,0.5938,0.0773,0.0662,0.0919,1.3039,0.0644,10.19,2026-09-10
2021-07-07,0.591,0.0772,0.0661,0.0913,1.31,0.0642,10.11,2026-09-10
2021-07-08,0.5913,0.0773,0.0662,0.0912,1.3106,0.0641,10.06,2026-09-10
2021-07-09,0.5932,0.0772,0.0663,0.0913,1.3089,0.0642,10.05,2026-09-10
2021-07-12,0.5923,0.0771,0.0659,0.0914,1.31,0.0641,10.07,2026-09-10
2021-07-13,0.5899,0.0769,0.0657,0.0912,1.3141,0.064,10.06,2026-09-10
2021-07-14,0.5844,0.0765,0.0652,0.0902,1.327,0.0634,9.97,2026-09-10
2021-07-15,0.5878,0.0768,0.0657,0.091,1.3165,0.0638,9.99,2026-09-10
2021-07-16,0.5866,0.0768,0.0656,0.0907,1.319,0.0637,9.98,2026-09-10
2021-07-21,0.5838,0.0766,0.0662,0.0901,1.3251,0.0635,9.9,2026-09-10
2021-07-22,0.5861,0.0768,0.066,0.0906,1.3185,0.0637,9.98,2026-09-10
2021-07-23,0.5833,0.0765,0.0655,0.0901,1.3261,0.0634,9.93,2026-09-10
2021-07-26,0.5814,0.0761,0.0652,0.0896,1.3345,0.0631,9.88,2026-09-10
2021-07-27,0.5817,0.0761,0.065,0.0897,1.3335,0.0631,9.89,2026-09-10
2021-07-28,0.5861,0.0762,0.0648,0.09,1.3298,0.0632,9.89,2026-09-10
2021-07-29,0.5841,0.0761,0.0647,0.0902,1.3286,0.0633,9.9,2026-09-10
2021-07-30,0.5858,0.0762,0.0649,0.0906,1.3234,0.0634,9.93,2026-09-10
2021-08-02,0.5848,0.0762,0.065,0.0905,1.3244,0.0634,9.92,2026-09-10
2021-08-03,0.5884,0.0767,0.0655,0.091,1.3143,0.0638,9.94,2026-09-10
2021-08-04,0.5907,0.077,0.0657,0.0915,1.3069,0.0641,9.98,2026-09-10
2021-08-05,0.5887,0.077,0.0656,0.0911,1.3103,0.0639,9.99,2026-09-10
2021-08-06,0.5867,0.0768,0.0652,0.0908,1.3152,0.0637,9.97,2026-09-10
2021-08-09,0.5838,0.0766,0.0649,0.0901,1.3225,0.0634,9.93,2026-09-10
2021-08-10,0.5823,0.0765,0.0649,0.0898,1.3257,0.0633,9.92,2026-09-10
2021-08-11,0.5807,0.0764,0.0647,0.0895,1.3294,0.0631,9.91,2026-09-10
2021-08-12,0.5832,0.0767,0.0649,0.09,1.322,0.0634,9.94,2026-09-10
2021-08-13,0.5808,0.0764,0.065,0.0896,1.3278,0.0631,9.89,2026-09-10
2021-08-16,0.5827,0.0763,0.0649,0.0899,1.3262,0.0632,9.84,2026-09-10
2021-08-17,0.5798,0.076,0.0648,0.0894,1.3334,0.0629,9.78,2026-09-10
2021-08-18,0.5803,0.0764,0.0651,0.0895,1.3292,0.063,9.81,2026-09-10
2021-08-19,0.5774,0.0761,0.0648,0.0888,1.3378,0.0627,9.77,2026-09-10
2021-08-20,0.5746,0.0756,0.0648,0.0883,1.3463,0.0624,9.69,2026-09-10
2021-08-23,0.574,0.0754,0.0647,0.0883,1.3472,0.0623,9.71,2026-09-10
2021-08-24,0.5755,0.0756,0.0646,0.0888,1.3406,0.0626,9.75,2026-09-10
2021-08-25,0.5764,0.0758,0.0649,0.089,1.3366,0.0627,9.77,2026-09-10
2021-08-26,0.5777,0.0757,0.0648,0.0891,1.3356,0.0627,9.8,2026-09-10
2021-08-27,0.5792,0.0759,0.0652,0.0893,1.3307,0.0629,9.83,2026-09-10
2021-08-30,0.5813,0.0762,0.0653,0.0899,1.3232,0.0632,9.87,2026-09-10
2021-08-31,0.5827,0.0763,0.0654,0.0902,1.3185,0.0633,9.91,2026-09-10
2021-09-01,0.5839,0.0766,0.0658,0.0904,1.3124,0.0636,9.97,2026-09-10
2021-09-02,0.5862,0.0767,0.0659,0.0908,1.308,0.0637,9.98,2026-09-10
2021-09-03,0.5852,0.0764,0.0656,0.0907,1.3118,0.0636,9.98,2026-09-10
2021-09-06,0.5879,0.0768,0.0659,0.0912,1.3027,0.0639,10.01,2026-09-10
2021-09-07,0.5889,0.0769,0.066,0.0913,1.3007,0.064,10.03,2026-09-10
2021-09-08,0.5872,0.0768,0.066,0.0909,1.3042,0.0638,10.03,2026-09-10
2021-09-09,0.5894,0.0772,0.0663,0.0912,1.2974,0.0641,10.05,2026-09-10
2021-09-10,0.5883,0.0773,0.066,0.0914,1.2966,0.0641,10.04,2026-09-10
2021-09-13,0.5879,0.0773,0.0659,0.0911,1.2978,0.064,10.03,2026-09-10
2021-09-14,0.5885,0.0773,0.066,0.0913,1.2957,0.0641,10.05,2026-09-10
2021-09-15,0.585,0.0769,0.0657,0.0908,1.3043,0.0638,9.94,2026-09-10
2021-09-16,0.5826,0.0767,0.0655,0.0905,1.3093,0.0635,9.9,2026-09-10
2021-09-17,0.5809,0.0765,0.0653,0.0901,1.3142,0.0633,9.9,2026-09-10
2021-09-20,0.5789,0.0762,0.0652,0.0893,1.3237,0.063,9.81,2026-09-10
2021-09-21,0.5811,0.0765,0.0656,0.0897,1.3167,0.0632,9.83,2026-09-10
2021-09-22,0.5786,0.0763,0.0655,0.0895,1.3209,0.063,9.8,2026-09-10
2021-09-23,0.5784,0.0763,0.0656,0.0894,1.3201,0.0631,9.83,2026-09-10
2021-09-24,0.5773,0.0761,0.0651,0.0894,1.3225,0.0629,9.87,2026-09-10
2021-09-27,0.5752,0.076,0.0651,0.089,1.3266,0.0628,9.85,2026-09-10
2021-09-28,0.5731,0.0759,0.0648,0.0887,1.33,0.0626,9.87,2026-09-10
2021-09-29,0.5725,0.0758,0.0653,0.0885,1.3316,0.0626,9.86,2026-09-10
2021-10-04,0.5729,0.0765,0.0655,0.0888,1.3232,0.0629,9.86,2026-09-10
2021-10-05,0.5699,0.0762,0.065,0.0883,1.3319,0.0625,9.82,2026-09-10
2021-10-06,0.5693,0.0762,0.0649,0.0882,1.3318,0.0625,9.86,2026-09-10
2021-10-07,0.5717,0.0767,0.0652,0.0886,1.324,0.0628,9.87,2026-09-10
2021-10-08,0.571,0.0766,0.0651,0.0885,1.3245,0.0628,9.9,2026-09-10
2021-10-11,0.5698,0.0764,0.0648,0.0885,1.3256,0.0627,9.98,2026-09-10
2021-10-12,0.5694,0.0763,0.0648,0.0882,1.3285,0.0626,9.98,2026-09-10
2021-10-13,0.5711,0.0767,0.0651,0.0885,1.3213,0.0628,10.05,2026-09-10
2021-10-14,0.5726,0.0767,0.065,0.089,1.3161,0.063,10.1,2026-09-10
2021-10-15,0.5726,0.0767,0.0651,0.089,1.315,0.0631,10.15,2026-09-10
2021-10-18,0.5739,0.0771,0.065,0.0892,1.3103,0.0632,10.19,2026-09-10
2021-10-19,0.5734,0.0769,0.065,0.0896,1.3078,0.0633,10.22,2026-09-10
2021-10-20,0.5727,0.0771,0.0651,0.0897,1.3049,0.0634,10.27,2026-09-10
2021-10-21,0.5755,0.0773,0.0652,0.09,1.2998,0.0636,10.27,2026-09-10
2021-10-22,0.5717,0.0769,0.0648,0.0895,1.309,0.0632,10.2,2026-09-10
2021-10-25,0.5677,0.0764,0.0646,0.089,1.318,0.0629,10.11,2026-09-10
2021-10-26,0.5695,0.0769,0.0649,0.0893,1.3104,0.0632,10.17,2026-09-10
2021-10-27,0.5667,0.0765,0.0645,0.0888,1.3184,0.0628,10.12,2026-09-10
2021-10-28,0.5642,0.076,0.0642,0.0882,1.329,0.0624,10.01,2026-09-10
2021-10-29,0.5624,0.0755,0.0639,0.0881,1.335,0.0622,10.0,2026-09-10
2021-11-01,0.5601,0.0757,0.064,0.0875,1.3372,0.0621,10.0,2026-09-10
2021-11-02,0.5574,0.0751,0.0639,0.0871,1.3463,0.0617,9.91,2026-09-10
2021-11-03,0.5581,0.0753,0.064,0.0872,1.3434,0.0618,9.93,2026-09-10
2021-11-04,0.5593,0.0755,0.064,0.0875,1.3386,0.062,9.99,2026-09-10
2021-11-05,0.5604,0.0758,0.0649,0.0876,1.3338,0.0621,9.95,2026-09-10
2021-11-08,0.5643,0.0763,0.0654,0.0882,1.3218,0.0626,10.02,2026-09-10
2021-11-09,0.5654,0.0762,0.0652,0.0885,1.3209,0.0626,9.98,2026-09-10
2021-11-10,0.5623,0.076,0.0649,0.088,1.328,0.0623,9.93,2026-09-10
2021-11-11,0.5566,0.0757,0.0648,0.0869,1.3399,0.0619,9.91,2026-09-10
2021-11-12,0.5567,0.0762,0.0652,0.0872,1.3333,0.0621,9.96,2026-09-10
2021-11-15,0.5561,0.0761,0.0649,0.0872,1.3335,0.0621,9.93,2026-09-10
2021-11-16,0.5555,0.0766,0.0649,0.0872,1.3304,0.0622,9.95,2026-09-10
2021-11-17,0.552,0.0765,0.0643,0.0864,1.3396,0.0618,9.93,2026-09-10
2021-11-18,0.552,0.0765,0.0641,0.0866,1.3391,0.0618,9.89,2026-09-10
2021-11-19,0.551,0.076,0.064,0.0863,1.3448,0.0616,9.87,2026-09-10
2021-11-22,0.5478,0.0761,0.0639,0.0858,1.3494,0.0614,9.8,2026-09-10
2021-11-23,0.5452,0.076,0.0638,0.0854,1.355,0.0612,9.82,2026-09-10
2021-11-24,0.5459,0.076,0.0639,0.0854,1.3533,0.0612,9.82,2026-09-10
2021-11-25,0.5447,0.076,0.0639,0.0853,1.3544,0.0612,9.84,2026-09-10
2021-11-26,0.5405,0.0753,0.0636,0.0845,1.3689,0.0606,9.68,2026-09-10
2021-11-29,0.5416,0.0752,0.0636,0.0848,1.368,0.0607,9.59,2026-09-10
2021-11-30,0.5399,0.0749,0.0636,0.0847,1.3717,0.0605,9.58,2026-09-10
2021-12-01,0.5459,0.0756,0.0643,0.0857,1.3521,0.0612,9.74,2026-09-10
2021-12-02,0.5431,0.0753,0.0641,0.0852,1.3605,0.0609,9.64,2026-09-10
2021-12-03,0.5432,0.0755,0.0641,0.0853,1.358,0.061,9.66,2026-09-10
2021-12-06,0.5413,0.0753,0.0642,0.0849,1.3631,0.0608,9.6,2026-09-10
2021-12-07,0.5439,0.0756,0.0643,0.0854,1.3546,0.0611,9.71,2026-09-10
2021-12-08,0.5426,0.0757,0.0644,0.0854,1.3538,0.0611,9.7,2026-09-10
2021-12-09,0.5439,0.0757,0.0649,0.0858,1.3487,0.0613,9.74,2026-09-10
2021-12-10,0.5414,0.0753,0.0643,0.085,1.3602,0.0608,9.65,2026-09-10
2021-12-13,0.5415,0.0753,0.0642,0.0851,1.3593,0.0609,9.66,2026-09-10
2021-12-14,0.5408,0.0753,0.0643,0.0849,1.361,0.0608,9.64,2026-09-10
2021-12-15,0.5401,0.0752,0.064,0.0848,1.3629,0.0607,9.64,2026-09-10
2021-12-16,0.5411,0.0752,0.0641,0.0849,1.3604,0.0608,9.69,2026-09-10
2021-12-17,0.5437,0.0752,0.064,0.0853,1.3569,0.0609,9.68,2026-09-10
2021-12-20,0.543,0.0756,0.0643,0.085,1.356,0.0609,9.64,2026-09-10
2021-12-21,0.5451,0.0758,0.0647,0.0855,1.3478,0.0612,9.72,2026-09-10
2021-12-22,0.5428,0.0755,0.0642,0.0851,1.3542,0.061,9.71,2026-09-10
2021-12-23,0.5462,0.0756,0.0642,0.0857,1.3468,0.0612,9.78,2026-09-10
2021-12-24,0.5473,0.0758,0.0641,0.0858,1.343,0.0614,9.82,2026-09-10
2021-12-29,0.5445,0.0756,0.0636,0.0854,1.3492,0.0611,9.82,2026-09-10
2021-12-30,0.5414,0.0751,0.0631,0.085,1.3584,0.0608,9.79,2026-09-10
2021-12-31,0.5427,0.0753,0.0631,0.0852,1.3548,0.0609,9.8,2026-09-10
2022-01-05,0.5402,0.075,0.0626,0.0848,1.361,0.0606,9.83,2026-09-10
2022-01-06,0.5423,0.0752,0.0628,0.085,1.3567,0.0608,9.84,2026-09-10
2022-01-07,0.5456,0.0756,0.0631,0.0855,1.3468,0.0611,9.91,2026-09-10
2022-01-10,0.5476,0.0758,0.0632,0.0858,1.3409,0.0613,9.94,2026-09-10
2022-01-11,0.5475,0.0757,0.0631,0.0858,1.3422,0.0613,9.89,2026-09-10
2022-01-12,0.5493,0.0758,0.0632,0.0862,1.3365,0.0615,9.94,2026-09-10
2022-01-13,0.5526,0.0759,0.0633,0.0868,1.3299,0.0617,9.95,2026-09-10
2022-01-14,0.5514,0.0756,0.0632,0.0868,1.3331,0.0616,9.87,2026-09-10
2022-01-17,0.5491,0.0758,0.0632,0.0865,1.3344,0.0615,9.9,2026-09-10
2022-01-18,0.5486,0.0758,0.0634,0.0864,1.3334,0.0615,9.93,2026-09-10
2022-01-19,0.5474,0.076,0.0633,0.0862,1.3352,0.0615,9.85,2026-09-10
2022-01-20,0.5498,0.0763,0.0635,0.0866,1.3277,0.0617,9.92,2026-09-10
2022-01-21,0.5511,0.0767,0.0639,0.0869,1.3216,0.062,9.89,2026-09-10
2022-01-24,0.5517,0.077,0.0643,0.0871,1.3167,0.0621,9.91,2026-09-10
2022-01-25,0.5482,0.0765,0.0642,0.0865,1.3253,0.0618,9.85,2026-09-10
2022-01-26,0.549,0.0768,0.0642,0.0868,1.3212,0.0619,9.88,2026-09-10
2022-01-27,0.5468,0.0767,0.0641,0.0861,1.3277,0.0617,9.87,2026-09-10
2022-01-28,0.5464,0.077,0.0641,0.0859,1.3263,0.0617,9.91,2026-09-10
2022-01-31,0.5455,0.0766,0.0637,0.0856,1.3326,0.0615,9.88,2026-09-10
2022-02-01,0.5486,0.0767,0.0641,0.0862,1.3253,0.0617,9.91,2026-09-10
2022-02-02,0.5514,0.0768,0.064,0.0865,1.3203,0.0619,9.93,2026-09-10
2022-02-03,0.5492,0.0764,0.0636,0.0862,1.327,0.0616,9.88,2026-09-10
2022-02-04,0.5516,0.0758,0.0639,0.0868,1.3238,0.0617,9.98,2026-09-10
2022-02-07,0.5485,0.0754,0.0637,0.0862,1.3324,0.0614,9.94,2026-09-10
2022-02-08,0.5471,0.0753,0.0635,0.0859,1.3361,0.0612,9.93,2026-09-10
2022-02-09,0.5501,0.0757,0.0638,0.0864,1.3273,0.0616,9.98,2026-09-10
2022-02-10,0.5522,0.076,0.0641,0.0868,1.3194,0.0619,10.04,2026-09-10
2022-02-11,0.5516,0.0761,0.064,0.0866,1.3197,0.0618,10.06,2026-09-10
2022-02-14,0.5516,0.0764,0.064,0.0867,1.3182,0.0619,10.0,2026-09-10
2022-02-15,0.5522,0.0768,0.0642,0.0869,1.3128,0.0621,10.02,2026-09-10
2022-02-16,0.5515,0.0766,0.0642,0.087,1.3118,0.0621,10.07,2026-09-10
2022-02-17,0.5517,0.0767,0.0641,0.0872,1.3105,0.0621,10.05,2026-09-10
2022-02-18,0.5533,0.0769,0.0642,0.0874,1.3066,0.0623,10.06,2026-09-10
2022-02-21,0.5509,0.0766,0.0639,0.0871,1.3124,0.062,10.01,2026-09-10
2022-02-22,0.5496,0.0767,0.0638,0.0867,1.3161,0.0619,9.95,2026-09-10
2022-02-23,0.551,0.0769,0.0641,0.0871,1.3088,0.0621,10.02,2026-09-10
2022-02-24,0.5456,0.0768,0.0639,0.0864,1.3185,0.0618,9.89,2026-09-10
2022-02-25,0.544,0.0768,0.0642,0.0862,1.3188,0.0617,9.93,2026-09-10
2022-02-28,0.5426,0.077,0.0643,0.086,1.3191,0.0617,9.93,2026-09-10
2022-03-01,0.5427,0.0767,0.064,0.0859,1.3219,0.0616,9.89,2026-09-10
2022-03-02,0.541,0.0771,0.0644,0.0857,1.3213,0.0616,9.86,2026-09-10
2022-03-03,0.5427,0.0774,0.064,0.0858,1.3175,0.0617,9.93,2026-09-10
2022-03-04,0.544,0.078,0.0645,0.086,1.3101,0.062,9.94,2026-09-10
2022-03-07,0.5402,0.0785,0.0646,0.0854,1.3138,0.0618,9.82,2026-09-10
2022-03-08,0.5393,0.0786,0.0651,0.0853,1.3126,0.0619,9.85,2026-09-10
2022-03-09,0.5423,0.0785,0.0653,0.0857,1.3075,0.0621,9.92,2026-09-10
2022-03-10,0.5471,0.0781,0.0656,0.0865,1.3004,0.0623,10.03,2026-09-10
2022-03-11,0.5458,0.0784,0.0659,0.0862,1.2998,0.0623,10.06,2026-09-10
2022-03-14,0.5476,0.0787,0.066,0.086,1.2973,0.0624,10.13,2026-09-10
2022-03-15,0.5495,0.0783,0.0659,0.0859,1.2994,0.0623,10.17,2026-09-10
2022-03-16,0.5476,0.0784,0.0659,0.0861,1.2978,0.0624,10.18,2026-09-10
2022-03-17,0.5504,0.0784,0.0658,0.0865,1.2922,0.0626,10.28,2026-09-10
2022-03-18,0.5513,0.0781,0.0658,0.0867,1.2921,0.0626,10.29,2026-09-10
2022-03-21,0.5506,0.0782,0.0656,0.0863,1.2942,0.0625,10.3,2026-09-10
2022-03-22,0.5504,0.0786,0.0658,0.0863,1.2904,0.0626,10.39,2026-09-10
2022-03-23,0.5539,0.0786,0.0653,0.0868,1.2849,0.0628,10.51,2026-09-10
2022-03-24,0.5543,0.079,0.0658,0.0868,1.2805,0.063,10.55,2026-09-10
2022-03-25,0.5573,0.0793,0.0662,0.0874,1.271,0.0634,10.65,2026-09-10
2022-03-28,0.5558,0.0794,0.0662,0.087,1.2726,0.0633,10.71,2026-09-10
2022-03-29,0.5542,0.079,0.0663,0.0868,1.2765,0.0631,10.72,2026-09-10
2022-03-30,0.5576,0.0788,0.0668,0.0876,1.2698,0.0634,10.67,2026-09-10
2022-03-31,0.557,0.0785,0.0667,0.0876,1.2717,0.0633,10.67,2026-09-10
2022-04-01,0.5542,0.0788,0.0664,0.0871,1.2749,0.0631,10.66,2026-09-10
2022-04-04,0.5545,0.0788,0.0663,0.087,1.275,0.0631,10.68,2026-09-10
2022-04-05,0.5546,0.0795,0.0664,0.0871,1.2699,0.0633,10.68,2026-09-10
2022-04-06,0.5517,0.0795,0.0663,0.0865,1.2745,0.0631,10.73,2026-09-10
2022-04-07,0.5521,0.0794,0.0663,0.0868,1.2728,0.0632,10.73,2026-09-10
2022-04-08,0.55,0.0796,0.0662,0.0864,1.2752,0.0631,10.73,2026-09-10
2022-04-11,0.5525,0.0796,0.0666,0.0866,1.2708,0.0632,10.85,2026-09-10
2022-04-12,0.5537,0.0799,0.0667,0.0868,1.2653,0.0634,10.91,2026-09-10
2022-04-13,0.5547,0.0803,0.0669,0.087,1.26,0.0636,10.97,2026-09-10
2022-04-14,0.5544,0.0797,0.0662,0.087,1.2657,0.0634,10.91,2026-09-10
2022-04-19,0.5506,0.08,0.0663,0.0863,1.2683,0.0633,11.06,2026-09-10
2022-04-20,0.5492,0.0791,0.0656,0.0855,1.282,0.0627,11.0,2026-09-10
2022-04-21,0.5527,0.0785,0.0654,0.0854,1.2859,0.0625,10.94,2026-09-10
2022-04-22,0.5469,0.0777,0.0647,0.0842,1.3048,0.0618,10.78,2026-09-10
2022-04-25,0.5502,0.0778,0.0654,0.0835,1.3075,0.0617,10.72,2026-09-10
2022-04-26,0.5479,0.0778,0.0654,0.0834,1.3098,0.0616,10.66,2026-09-10
2022-04-27,0.5461,0.078,0.0659,0.0829,1.3121,0.0615,10.61,2026-09-10
2022-04-28,0.5474,0.0784,0.0658,0.0824,1.3123,0.0614,10.73,2026-09-10
2022-04-29,0.5467,0.0783,0.0659,0.0825,1.3112,0.0615,10.75,2026-09-10
2022-05-03,0.5484,0.0781,0.0655,0.082,1.3177,0.0612,10.67,2026-09-10
2022-05-04,0.5494,0.0786,0.0662,0.0827,1.3058,0.0616,10.76,2026-09-10
2022-05-05,0.5539,0.0787,0.0665,0.0834,1.2962,0.062,10.8,2026-09-10
2022-05-06,0.5501,0.078,0.0664,0.0819,1.3156,0.0612,10.7,2026-09-10
2022-05-09,0.552,0.0777,0.0665,0.0817,1.3184,0.0611,10.7,2026-09-10
2022-05-10,0.5508,0.0774,0.0662,0.0818,1.3193,0.0611,10.67,2026-09-10
2022-05-11,0.552,0.0776,0.0663,0.0818,1.3173,0.0611,10.66,2026-09-10
2022-05-12,0.5548,0.0776,0.0668,0.0816,1.3185,0.0611,10.55,2026-09-10
2022-05-13,0.5576,0.0787,0.0669,0.0817,1.3097,0.0614,10.52,2026-09-10
2022-05-16,0.5535,0.0781,0.0664,0.0813,1.319,0.061,10.48,2026-09-10
2022-05-17,0.5539,0.0782,0.0662,0.0818,1.3136,0.0612,10.57,2026-09-10
2022-05-18,0.5552,0.0781,0.066,0.0822,1.3101,0.0614,10.61,2026-09-10
2022-05-19,0.5547,0.078,0.0662,0.0818,1.3138,0.0612,10.52,2026-09-10
2022-05-20,0.5526,0.078,0.0661,0.0825,1.3082,0.0614,10.55,2026-09-10
2022-05-23,0.5516,0.078,0.0658,0.0827,1.3071,0.0614,10.56,2026-09-10
2022-05-24,0.5533,0.0776,0.0658,0.0827,1.3086,0.0614,10.57,2026-09-10
2022-05-25,0.5549,0.0777,0.0662,0.0831,1.304,0.0615,10.54,2026-09-10
2022-05-27,0.5618,0.0773,0.0658,0.0831,1.3042,0.0615,10.54,2026-09-10
2022-05-30,0.5569,0.0776,0.0661,0.0836,1.2981,0.0617,10.62,2026-09-10
2022-05-31,0.5569,0.0778,0.0663,0.0836,1.2954,0.0618,10.69,2026-09-10
2022-06-01,0.5574,0.0776,0.066,0.0831,1.3002,0.0616,10.74,2026-09-10
2022-06-02,0.5567,0.078,0.0666,0.0832,1.2952,0.0618,10.81,2026-09-10
2022-06-03,0.555,0.0778,0.0665,0.0836,1.2925,0.0619,10.86,2026-09-10
2022-06-06,0.5555,0.0778,0.0668,0.0834,1.2927,0.0619,10.9,2026-09-10
2022-06-07,0.5552,0.0779,0.0668,0.0832,1.2922,0.0619,11.06,2026-09-10
2022-06-08,0.5576,0.0781,0.0665,0.0835,1.2871,0.0621,11.12,2026-09-10
2022-06-09,0.5604,0.0782,0.0669,0.0838,1.2814,0.0623,11.22,2026-09-10
2022-06-10,0.5574,0.0784,0.0667,0.0833,1.2857,0.0621,11.16,2026-09-10
2022-06-13,0.5513,0.0778,0.0666,0.0816,1.3067,0.0613,10.99,2026-09-10
2022-06-14,0.5495,0.0782,0.067,0.0816,1.3051,0.0613,10.97,2026-09-10
2022-06-15,0.5492,0.0779,0.0679,0.0817,1.3032,0.0614,11.0,2026-09-10
2022-06-16,0.5496,0.0785,0.0675,0.0819,1.2977,0.0616,11.0,2026-09-10
2022-06-17,0.5478,0.0777,0.0665,0.0818,1.3065,0.0612,10.96,2026-09-10
2022-06-20,0.5463,0.0777,0.0668,0.0818,1.3056,0.0612,11.03,2026-09-10
2022-06-21,0.5463,0.0776,0.0665,0.0816,1.3083,0.0611,11.02,2026-09-10
2022-06-22,0.5492,0.0777,0.0667,0.0816,1.3046,0.0613,11.13,2026-09-10
2022-06-23,0.5489,0.0775,0.0668,0.0818,1.3039,0.0613,11.12,2026-09-10
2022-06-24,0.5476,0.0776,0.0667,0.0818,1.304,0.0613,11.03,2026-09-10
2022-06-27,0.5486,0.0777,0.0669,0.0821,1.2998,0.0614,11.09,2026-09-10
2022-06-28,0.5487,0.0775,0.0668,0.0821,1.3003,0.0614,11.12,2026-09-10
2022-06-29,0.5461,0.0775,0.0668,0.0814,1.3074,0.0611,11.06,2026-09-10
2022-06-30,0.5422,0.0774,0.0666,0.0809,1.3142,0.0608,11.03,2026-09-10
2022-07-04,0.54,0.0773,0.0666,0.0807,1.3177,0.0607,10.92,2026-09-10
2022-07-05,0.5409,0.0774,0.0667,0.0808,1.3144,0.0608,11.0,2026-09-10
2022-07-06,0.5357,0.0778,0.0669,0.0798,1.3245,0.0604,10.79,2026-09-10
2022-07-07,0.5322,0.0777,0.0664,0.0794,1.33,0.0602,10.79,2026-09-10
2022-07-08,0.5324,0.0781,0.0661,0.0794,1.3283,0.0602,10.77,2026-09-10
2022-07-11,0.5292,0.0778,0.0659,0.0789,1.3358,0.0599,10.8,2026-09-10
2022-07-12,0.5278,0.0781,0.066,0.0783,1.3392,0.0598,10.76,2026-09-10
2022-07-13,0.5288,0.0783,0.066,0.0786,1.3347,0.0599,10.77,2026-09-10
2022-07-14,0.5289,0.0783,0.0662,0.0785,1.3342,0.06,10.87,2026-09-10
2022-07-15,0.5285,0.0779,0.066,0.0781,1.3406,0.0597,10.84,2026-09-10
2022-07-20,0.5303,0.0767,0.0654,0.0785,1.3446,0.0595,10.85,2026-09-10
2022-07-21,0.5306,0.0768,0.0654,0.0784,1.344,0.0596,10.85,2026-09-10
2022-07-22,0.5323,0.0771,0.0657,0.0786,1.3392,0.0597,10.83,2026-09-10
2022-07-25,0.5335,0.0775,0.066,0.079,1.3328,0.0599,10.77,2026-09-10
2022-07-26,0.5355,0.0775,0.0657,0.0793,1.3284,0.0601,10.84,2026-09-10
2022-07-27,0.5332,0.0778,0.0654,0.0788,1.3325,0.0599,10.79,2026-09-10
2022-07-28,0.5363,0.0778,0.0653,0.0795,1.3251,0.0602,10.77,2026-09-10
2022-07-29,0.5407,0.0782,0.0656,0.0801,1.3161,0.0605,10.63,2026-09-10
2022-08-01,0.5382,0.0779,0.0653,0.0796,1.3254,0.0602,10.54,2026-09-10
2022-08-02,0.5416,0.078,0.0654,0.08,1.3204,0.0603,10.47,2026-09-10
2022-08-03,0.5366,0.078,0.0652,0.0794,1.3259,0.0601,10.57,2026-09-10
2022-08-04,0.5349,0.0779,0.0652,0.0791,1.3285,0.06,10.63,2026-09-10
2022-08-05,0.5372,0.0778,0.0655,0.0796,1.3233,0.0602,10.61,2026-09-10
2022-08-08,0.5355,0.0777,0.0655,0.0791,1.327,0.06,10.72,2026-09-10
2022-08-09,0.5369,0.0779,0.0658,0.0794,1.3218,0.0602,10.73,2026-09-10
2022-08-10,0.5372,0.0778,0.0658,0.0795,1.3212,0.0602,10.73,2026-09-10
2022-08-11,0.543,0.0783,0.066,0.0806,1.3057,0.0608,10.72,2026-09-10
2022-08-12,0.5426,0.0781,0.066,0.0805,1.3071,0.0607,10.74,2026-09-10
2022-08-15,0.5436,0.0784,0.0663,0.0803,1.3066,0.0607,10.7,2026-09-10
2022-08-16,0.5434,0.0785,0.0662,0.0798,1.3105,0.0606,10.64,2026-09-10
2022-08-17,0.5415,0.0785,0.0659,0.0798,1.3111,0.0605,10.73,2026-09-10
2022-08-18,0.5382,0.0778,0.0657,0.0791,1.3234,0.0601,10.69,2026-09-10
2022-08-19,0.5354,0.0779,0.0659,0.0785,1.3279,0.0599,10.7,2026-09-10
2022-08-22,0.5348,0.0779,0.0661,0.0782,1.3302,0.0598,10.71,2026-09-10
2022-08-23,0.536,0.0786,0.0664,0.0779,1.3278,0.0599,10.7,2026-09-10
2022-08-24,0.5359,0.0784,0.066,0.0779,1.3294,0.0598,10.66,2026-09-10
2022-08-25,0.5379,0.0783,0.0662,0.0785,1.3225,0.06,10.72,2026-09-10
2022-08-26,0.5393,0.0788,0.0665,0.0785,1.3176,0.0602,10.75,2026-09-10
2022-08-29,0.5405,0.0785,0.0669,0.078,1.3216,0.06,10.83,2026-09-10
2022-08-30,0.542,0.0783,0.0669,0.0783,1.3191,0.0601,10.85,2026-09-10
2022-08-31,0.5395,0.0779,0.0669,0.0782,1.3234,0.0599,10.82,2026-09-10
2022-09-01,0.5359,0.0774,0.067,0.0775,1.3333,0.0596,10.8,2026-09-10
2022-09-02,0.534,0.0775,0.067,0.0772,1.3355,0.0595,10.84,2026-09-10
2022-09-05,0.5348,0.0778,0.0672,0.077,1.3354,0.0595,10.81,2026-09-10
2022-09-06,0.5388,0.0778,0.067,0.0775,1.3276,0.0597,10.94,2026-09-10
2022-09-07,0.5369,0.0777,0.067,0.0769,1.3331,0.0595,11.07,2026-09-10
2022-09-08,0.5377,0.0771,0.0671,0.0772,1.3328,0.0595,11.08,2026-09-10
2022-09-09,0.5339,0.0764,0.0664,0.077,1.3423,0.0592,11.0,2026-09-10
2022-09-12,0.5367,0.0765,0.0665,0.0773,1.3364,0.0594,11.08,2026-09-10
2022-09-13,0.5388,0.0767,0.0664,0.0778,1.3295,0.0596,11.06,2026-09-10
2022-09-14,0.5349,0.0769,0.0667,0.0767,1.3393,0.0592,11.02,2026-09-10
2022-09-15,0.5347,0.0769,0.0666,0.0766,1.3407,0.0592,11.0,2026-09-10
2022-09-16,0.5367,0.0765,0.0669,0.0764,1.3438,0.0591,10.97,2026-09-10
2022-09-19,0.5346,0.0763,0.0668,0.0762,1.3482,0.0589,10.92,2026-09-10
2022-09-20,0.535,0.076,0.0666,0.0763,1.3496,0.0588,10.93,2026-09-10
2022-09-21,0.5361,0.0765,0.0669,0.076,1.3478,0.0589,10.92,2026-09-10
2022-09-22,0.5376,0.0771,0.0674,0.0757,1.3442,0.059,10.99,2026-09-10
2022-09-23,0.5398,0.0774,0.0676,0.076,1.3403,0.0591,10.8,2026-09-10
2022-09-26,0.5361,0.0775,0.0704,0.0748,1.3481,0.0588,10.76,2026-09-10
2022-09-27,0.5368,0.0777,0.0694,0.075,1.3452,0.0589,10.83,2026-09-10
2022-09-28,0.5386,0.0779,0.0698,0.0745,1.3487,0.0588,10.78,2026-09-10
2022-09-29,0.539,0.0775,0.0694,0.0748,1.3467,0.0588,10.83,2026-09-10
2022-10-03,0.5367,0.0766,0.067,0.0751,1.3535,0.0586,10.89,2026-09-10
2022-10-04,0.5352,0.0769,0.0668,0.0758,1.3441,0.0589,10.98,2026-09-10
2022-10-05,0.5348,0.0764,0.0666,0.0762,1.3434,0.0589,10.98,2026-09-10
2022-10-06,0.5339,0.0765,0.067,0.0758,1.3459,0.0588,10.96,2026-09-10
2022-10-07,0.5342,0.0768,0.0674,0.075,1.3518,0.0586,10.88,2026-09-10
2022-10-10,0.5318,0.0767,0.0674,0.0747,1.3564,0.0584,10.86,2026-09-10
2022-10-11,0.5362,0.077,0.0677,0.0746,1.3529,0.0585,10.87,2026-09-10
2022-10-12,0.5346,0.0767,0.0678,0.0747,1.3535,0.0585,10.91,2026-09-10
2022-10-13,0.5341,0.0766,0.0671,0.0743,1.3596,0.0583,10.9,2026-09-10
2022-10-14,0.5359,0.0763,0.066,0.0747,1.3573,0.0583,11.01,2026-09-10
2022-10-17,0.5365,0.0764,0.066,0.0744,1.3578,0.0583,11.07,2026-09-10
2022-10-18,0.5401,0.0761,0.0661,0.075,1.3505,0.0586,11.17,2026-09-10
2022-10-19,0.5408,0.0759,0.0661,0.0747,1.3544,0.0584,11.16,2026-09-10
2022-10-20,0.5385,0.0759,0.0662,0.0743,1.3591,0.0582,11.14,2026-09-10
2022-10-21,0.5387,0.0759,0.0663,0.0741,1.3602,0.0582,11.15,2026-09-10
2022-10-24,0.543,0.0758,0.0657,0.0747,1.3549,0.0583,11.12,2026-09-10
2022-10-25,0.5435,0.075,0.0656,0.0741,1.3658,0.058,11.03,2026-09-10
2022-10-26,0.5449,0.075,0.0652,0.0748,1.3589,0.0582,11.06,2026-09-10
2022-10-27,0.5451,0.075,0.065,0.0755,1.3532,0.0584,10.99,2026-09-10
2022-10-28,0.5445,0.0754,0.0651,0.0751,1.3536,0.0583,11.01,2026-09-10
2022-10-31,0.5448,0.0751,0.0644,0.0747,1.3604,0.0581,11.03,2026-09-10
2022-11-01,0.5434,0.0751,0.0646,0.0746,1.3609,0.0581,11.03,2026-09-10
2022-11-02,0.5437,0.0756,0.0649,0.0747,1.3562,0.0582,11.0,2026-09-10
2022-11-03,0.5443,0.0757,0.0652,0.0743,1.3594,0.0581,10.96,2026-09-10
2022-11-04,0.5392,0.0759,0.0661,0.0742,1.3583,0.0581,10.98,2026-09-10
2022-11-07,0.542,0.0754,0.0662,0.075,1.351,0.0584,11.04,2026-09-10
2022-11-08,0.5482,0.0755,0.0658,0.0756,1.3423,0.0587,11.09,2026-09-10
2022-11-09,0.5487,0.0752,0.0656,0.0757,1.3436,0.0586,11.03,2026-09-10
2022-11-10,0.5478,0.0753,0.0662,0.0755,1.344,0.0586,11.04,2026-09-10
2022-11-11,0.5452,0.0752,0.0656,0.0768,1.3356,0.0589,10.87,2026-09-10
2022-11-14,0.5434,0.0748,0.0656,0.0772,1.3356,0.0589,10.76,2026-09-10
2022-11-15,0.5444,0.0748,0.0656,0.0773,1.3332,0.0589,10.85,2026-09-10
2022-11-16,0.5465,0.0744,0.065,0.0772,1.337,0.0588,10.79,2026-09-10
2022-11-17,0.5512,0.0744,0.0649,0.0772,1.3355,0.0588,10.77,2026-09-10
2022-11-18,0.55,0.0743,0.0648,0.077,1.3377,0.0587,10.78,2026-09-10
2022-11-21,0.5512,0.0749,0.065,0.0769,1.3334,0.0589,10.82,2026-09-10
2022-11-22,0.5507,0.075,0.0649,0.0769,1.3328,0.0589,10.9,2026-09-10
2022-11-23,0.5521,0.0747,0.0649,0.0771,1.3315,0.0589,10.9,2026-09-10
2022-11-24,0.5574,0.0748,0.0645,0.078,1.3221,0.0592,10.84,2026-09-10
2022-11-25,0.5578,0.0748,0.0643,0.0778,1.324,0.0592,10.79,2026-09-10
2022-11-28,0.5588,0.0747,0.0642,0.0774,1.3283,0.059,10.71,2026-09-10
2022-11-29,0.5563,0.0747,0.0646,0.0776,1.3263,0.0591,10.75,2026-09-10
2022-11-30,0.5562,0.0752,0.065,0.0778,1.3201,0.0593,10.77,2026-09-10
2022-12-01,0.5494,0.0745,0.0643,0.0778,1.3295,0.0589,10.61,2026-09-10
2022-12-02,0.5432,0.0732,0.063,0.0771,1.352,0.0581,10.41,2026-09-10
2022-12-05,0.5398,0.0735,0.063,0.0777,1.3439,0.0584,10.46,2026-09-10
2022-12-06,0.5379,0.0735,0.0633,0.0771,1.3483,0.0582,10.57,2026-09-10
2022-12-07,0.5392,0.0739,0.0638,0.0772,1.3414,0.0584,10.64,2026-09-10
2022-12-08,0.542,0.074,0.0638,0.0778,1.3346,0.0587,10.64,2026-09-10
2022-12-09,0.5423,0.0737,0.0636,0.0779,1.3354,0.0586,10.61,2026-09-10
2022-12-12,0.5399,0.0736,0.0633,0.0774,1.3425,0.0584,10.6,2026-09-10
2022-12-13,0.5372,0.0729,0.0626,0.0769,1.3533,0.058,10.58,2026-09-10
2022-12-14,0.5413,0.0731,0.0629,0.0778,1.3425,0.0583,10.53,2026-09-10
2022-12-15,0.5426,0.0731,0.0628,0.0779,1.3402,0.0584,10.57,2026-09-10
2022-12-16,0.539,0.0725,0.0633,0.0773,1.3492,0.0581,10.61,2026-09-10
2022-12-19,0.5366,0.0724,0.0631,0.0769,1.3565,0.0578,10.45,2026-09-10
2022-12-20,0.5408,0.073,0.0638,0.0774,1.3458,0.0582,10.28,2026-09-10
2022-12-21,0.5414,0.0731,0.0638,0.0776,1.3433,0.0582,10.25,2026-09-10
2022-12-22,0.5445,0.0732,0.0643,0.078,1.3368,0.0585,10.28,2026-09-10
2022-12-23,0.5443,0.0734,0.0647,0.0778,1.3359,0.0585,10.32,2026-09-10
2022-12-28,0.542,0.073,0.0646,0.0778,1.3382,0.0584,10.41,2026-09-10
2022-12-29,0.5434,0.0734,0.0648,0.078,1.3322,0.0586,10.43,2026-09-10
2022-12-30,0.5454,0.0735,0.065,0.0783,1.3281,0.0587,10.37,2026-09-10
2023-01-04,0.5394,0.074,0.0653,0.0782,1.3283,0.0587,10.23,2026-09-10
2023-01-05,0.5395,0.0739,0.0652,0.0784,1.3253,0.0588,10.38,2026-09-10
2023-01-06,0.5327,0.0738,0.0651,0.0776,1.3353,0.0584,10.41,2026-09-10
2023-01-09,0.5309,0.0733,0.0644,0.0783,1.336,0.0584,10.32,2026-09-10
2023-01-10,0.5329,0.0732,0.0646,0.0786,1.3323,0.0585,10.37,2026-09-10
2023-01-11,0.532,0.073,0.0645,0.0785,1.3341,0.0585,10.39,2026-09-10
2023-01-12,0.5321,0.0731,0.0647,0.0786,1.3322,0.0585,10.35,2026-09-10
2023-01-13,0.5338,0.073,0.0649,0.0792,1.328,0.0587,10.21,2026-09-10
2023-01-16,0.532,0.073,0.0647,0.0792,1.3304,0.0586,10.12,2026-09-10
2023-01-17,0.532,0.0725,0.0644,0.0785,1.3395,0.0583,10.12,2026-09-10
2023-01-18,0.531,0.0727,0.0638,0.0784,1.3398,0.0582,10.25,2026-09-10
2023-01-19,0.532,0.0727,0.0636,0.0785,1.3412,0.0582,10.03,2026-09-10
2023-01-20,0.5298,0.0722,0.0632,0.0782,1.3484,0.0579,10.09,2026-09-10
2023-01-23,0.5316,0.072,0.0632,0.0784,1.3447,0.058,10.19,2026-09-10
2023-01-24,0.5309,0.072,0.0632,0.0783,1.3458,0.058,10.2,2026-09-10
2023-01-25,0.5305,0.0718,0.0635,0.0784,1.3457,0.058,10.22,2026-09-10
2023-01-26,0.5302,0.0719,0.0633,0.0785,1.3444,0.058,10.16,2026-09-10
2023-01-27,0.5286,0.0719,0.0632,0.0782,1.3477,0.0579,10.17,2026-09-10
2023-01-30,0.5289,0.0721,0.0632,0.0783,1.3462,0.058,10.14,2026-09-10
2023-01-31,0.5253,0.0717,0.063,0.0778,1.3553,0.0576,10.13,2026-09-10
2023-02-01,0.5257,0.0716,0.0632,0.0778,1.3548,0.0576,10.14,2026-09-10
2023-02-02,0.5292,0.0715,0.0636,0.0788,1.3447,0.058,10.13,2026-09-10
2023-02-03,0.5298,0.0721,0.0643,0.0785,1.3418,0.0581,10.1,2026-09-10
2023-02-06,0.5262,0.0718,0.0642,0.0775,1.3533,0.0577,10.21,2026-09-10
2023-02-07,0.5236,0.0718,0.064,0.0771,1.3582,0.0575,10.19,2026-09-10
2023-02-08,0.5245,0.072,0.0641,0.0773,1.3549,0.0576,10.14,2026-09-10
2023-02-09,0.5227,0.0717,0.0636,0.077,1.3613,0.0574,10.1,2026-09-10
2023-02-10,0.5233,0.0716,0.0635,0.0768,1.3632,0.0573,10.11,2026-09-10
2023-02-13,0.5222,0.0715,0.0634,0.0764,1.3686,0.0571,10.1,2026-09-10
2023-02-14,0.5226,0.0713,0.0631,0.0766,1.3682,0.0571,10.11,2026-09-10
2023-02-15,0.5227,0.0712,0.0628,0.0763,1.3717,0.057,10.15,2026-09-10
2023-02-16,0.5227,0.0711,0.0632,0.0761,1.3721,0.057,10.2,2026-09-10
2023-02-17,0.5207,0.0711,0.0633,0.0756,1.3787,0.0567,10.18,2026-09-10
2023-02-20,0.5221,0.0711,0.0632,0.076,1.3729,0.0569,10.2,2026-09-10
2023-02-21,0.5218,0.0711,0.0631,0.0759,1.3751,0.0569,10.2,2026-09-10
2023-02-22,0.5215,0.0709,0.0625,0.0756,1.3799,0.0567,10.19,2026-09-10
2023-02-23,0.5209,0.0711,0.0626,0.0756,1.3781,0.0567,10.19,2026-09-10
2023-02-24,0.5242,0.0713,0.0628,0.0755,1.3764,0.0568,10.17,2026-09-10
2023-02-27,0.5233,0.0711,0.0628,0.0749,1.3831,0.0566,10.21,2026-09-10
2023-02-28,0.5223,0.0709,0.0623,0.075,1.3845,0.0565,10.23,2026-09-10
2023-03-01,0.5208,0.0711,0.0626,0.0754,1.3789,0.0567,10.27,2026-09-10
2023-03-02,0.5216,0.071,0.063,0.0755,1.376,0.0568,10.32,2026-09-10
2023-03-03,0.5221,0.0712,0.0631,0.0756,1.3733,0.0569,10.32,2026-09-10
2023-03-06,0.5234,0.0711,0.0629,0.0756,1.3748,0.0568,10.27,2026-09-10
2023-03-07,0.5245,0.0707,0.0627,0.0755,1.378,0.0567,10.26,2026-09-10
2023-03-08,0.5203,0.0708,0.0631,0.0746,1.3877,0.0564,10.27,2026-09-10
2023-03-09,0.5213,0.0708,0.063,0.0746,1.3875,0.0564,10.21,2026-09-10
2023-03-10,0.5219,0.0706,0.0627,0.0748,1.3864,0.0564,10.23,2026-09-10
2023-03-13,0.5219,0.0707,0.0626,0.0758,1.3773,0.0567,10.18,2026-09-10
2023-03-14,0.5202,0.0708,0.0622,0.0757,1.3791,0.0566,10.11,2026-09-10
2023-03-15,0.5227,0.0707,0.0624,0.0758,1.3761,0.0567,10.22,2026-09-10
2023-03-16,0.5188,0.0709,0.0623,0.0752,1.3851,0.0564,9.99,2026-09-10
2023-03-17,0.5183,0.0708,0.0621,0.0754,1.3831,0.0565,10.03,2026-09-10
2023-03-20,0.5203,0.0707,0.0619,0.0754,1.3856,0.0564,9.91,2026-09-10
2023-03-21,0.5168,0.0702,0.0613,0.0751,1.3947,0.0561,9.87,2026-09-10
2023-03-22,0.5183,0.0699,0.0615,0.0752,1.3934,0.0561,9.96,2026-09-10
2023-03-23,0.5196,0.0698,0.0618,0.0762,1.383,0.0565,9.97,2026-09-10
2023-03-24,0.5216,0.0703,0.062,0.0762,1.3788,0.0566,9.92,2026-09-10
2023-03-27,0.5219,0.0705,0.062,0.0758,1.3801,0.0565,9.96,2026-09-10
2023-03-28,0.5216,0.0701,0.0615,0.0758,1.3852,0.0564,9.92,2026-09-10
2023-03-29,0.5233,0.0701,0.0617,0.0759,1.3811,0.0565,10.01,2026-09-10
2023-03-30,0.5236,0.0702,0.0618,0.0761,1.3775,0.0566,10.08,2026-09-10
2023-03-31,0.5233,0.0701,0.0617,0.0759,1.3811,0.0565,10.01,2026-09-10
2023-04-03,0.5261,0.0706,0.0621,0.0763,1.3685,0.0569,10.21,2026-09-10
2023-04-04,0.528,0.0704,0.0618,0.0767,1.3675,0.0569,10.18,2026-09-10
2023-04-05,0.527,0.07,0.0614,0.0767,1.372,0.0568,10.08,2026-09-10
2023-04-06,0.5247,0.0699,0.0612,0.0762,1.3788,0.0565,10.02,2026-09-10
2023-04-11,0.5202,0.0693,0.0608,0.0755,1.392,0.0561,10.07,2026-09-10
2023-04-12,0.5213,0.0693,0.0609,0.0756,1.3896,0.0562,10.12,2026-09-10
2023-04-13,0.5208,0.0689,0.0606,0.0757,1.3926,0.0561,10.09,2026-09-10
2023-04-14,0.5237,0.0692,0.0611,0.0766,1.3795,0.0565,10.14,2026-09-10
2023-04-24,0.5257,0.0693,0.0612,0.0761,1.3798,0.0564,10.22,2026-09-10
2023-04-25,0.5265,0.0689,0.061,0.0761,1.383,0.0563,10.21,2026-09-10
2023-04-26,0.525,0.0689,0.0609,0.0757,1.388,0.0562,10.13,2026-09-10
2023-04-27,0.5255,0.0686,0.0608,0.0758,1.3887,0.0561,10.15,2026-09-10
2023-04-28,0.5243,0.0687,0.0607,0.0757,1.3886,0.0561,10.23,2026-09-10
2023-05-02,0.5252,0.0688,0.0605,0.0756,1.3879,0.0561,10.39,2026-09-10
2023-05-03,0.5238,0.0685,0.0605,0.0755,1.3913,0.056,10.28,2026-09-10
2023-05-04,0.5254,0.0686,0.0604,0.076,1.3864,0.0562,10.21,2026-09-10
2023-05-05,0.5248,0.0688,0.0602,0.0759,1.3879,0.0561,10.18,2026-09-10
2023-05-08,0.524,0.0686,0.0598,0.0757,1.391,0.056,10.2,2026-09-10
2023-05-09,0.5244,0.0688,0.06,0.0757,1.3891,0.0561,10.2,2026-09-10
2023-05-10,0.52,0.0684,0.0594,0.075,1.4018,0.0556,10.16,2026-09-10
2023-05-11,0.5176,0.068,0.0591,0.0746,1.4124,0.0553,10.01,2026-09-10
2023-05-12,0.5136,0.0676,0.059,0.0738,1.4256,0.0549,9.95,2026-09-10
2023-05-15,0.517,0.0683,0.0596,0.0743,1.4108,0.0553,10.11,2026-09-10
2023-05-16,0.5159,0.0681,0.0593,0.074,1.4173,0.0551,10.06,2026-09-10
2023-05-17,0.5186,0.0681,0.0594,0.074,1.4146,0.0552,10.12,2026-09-10
2023-05-19,0.5183,0.0682,0.0592,0.0736,1.4168,0.0551,10.17,2026-09-10
2023-05-22,0.5153,0.0677,0.0589,0.0733,1.4274,0.0548,10.1,2026-09-10
2023-05-23,0.5197,0.0681,0.0592,0.0736,1.4164,0.0551,10.2,2026-09-10
2023-05-24,0.5201,0.0683,0.0592,0.0737,1.4133,0.0552,10.21,2026-09-10
2023-05-25,0.5196,0.0683,0.0594,0.0733,1.4166,0.0551,10.23,2026-09-10
2023-05-26,0.5133,0.0677,0.0588,0.0727,1.433,0.0546,10.15,2026-09-10
2023-05-29,0.5149,0.0677,0.0588,0.0728,1.4301,0.0547,10.21,2026-09-10
2023-05-30,0.5144,0.0677,0.0587,0.0724,1.4343,0.0545,10.2,2026-09-10
2023-05-31,0.5156,0.0678,0.0586,0.0725,1.4335,0.0546,10.11,2026-09-10
2023-06-01,0.5162,0.0679,0.0583,0.0725,1.4329,0.0546,10.13,2026-09-10
2023-06-02,0.5169,0.0677,0.0582,0.073,1.4289,0.0547,10.13,2026-09-10
2023-06-05,0.5194,0.0682,0.0587,0.0729,1.4227,0.0549,10.23,2026-09-10
2023-06-06,0.523,0.0685,0.059,0.0735,1.412,0.0552,10.24,2026-09-10
2023-06-07,0.5229,0.0686,0.0591,0.0733,1.4127,0.0552,10.21,2026-09-10
2023-06-08,0.5262,0.0688,0.0592,0.0736,1.4053,0.0554,10.31,2026-09-10
2023-06-09,0.529,0.0688,0.0591,0.0742,1.398,0.0556,10.34,2026-09-10
2023-06-12,0.5321,0.0692,0.0592,0.0744,1.3906,0.0559,10.38,2026-09-10
2023-06-13,0.5352,0.0692,0.0595,0.0747,1.3861,0.056,10.42,2026-09-10
2023-06-14,0.5347,0.0691,0.0591,0.0745,1.3884,0.0559,10.44,2026-09-10
2023-06-15,0.5371,0.0693,0.0593,0.075,1.3791,0.0562,10.6,2026-09-10
2023-06-16,0.5377,0.069,0.059,0.0756,1.3756,0.0563,10.64,2026-09-10
2023-06-19,0.5403,0.069,0.0589,0.0755,1.3749,0.0564,10.69,2026-09-10
2023-06-20,0.5416,0.0691,0.0591,0.0755,1.3728,0.0564,10.73,2026-09-10
2023-06-21,0.5396,0.0687,0.0587,0.075,1.3831,0.0561,10.65,2026-09-10
2023-06-22,0.5401,0.0684,0.0589,0.0752,1.3823,0.0561,10.66,2026-09-10
2023-06-23,0.5392,0.0683,0.0587,0.0747,1.3882,0.0559,10.69,2026-09-10
2023-06-26,0.5377,0.0682,0.0584,0.0744,1.3935,0.0557,10.67,2026-09-10
2023-06-27,0.5388,0.0684,0.0586,0.0747,1.3866,0.0559,10.73,2026-09-10
2023-06-28,0.5406,0.0682,0.0586,0.0747,1.3874,0.0559,10.75,2026-09-10
2023-06-29,0.5395,0.0682,0.0589,0.0743,1.3909,0.0558,10.75,2026-09-10
2023-06-30,0.5388,0.0683,0.0588,0.0742,1.3922,0.0557,10.72,2026-09-10
2023-07-04,0.5379,0.0682,0.0586,0.0744,1.3907,0.0558,10.74,2026-09-10
2023-07-05,0.5386,0.0683,0.0585,0.0743,1.39,0.0558,10.75,2026-09-10
2023-07-06,0.5385,0.0683,0.0584,0.0742,1.3918,0.0557,10.67,2026-09-10
2023-07-07,0.5342,0.0676,0.0578,0.0737,1.4065,0.0552,10.57,2026-09-10
2023-07-10,0.5375,0.0678,0.0579,0.0742,1.3986,0.0555,10.57,2026-09-10
2023-07-11,0.5373,0.0677,0.0578,0.0746,1.3964,0.0556,10.5,2026-09-10
2023-07-12,0.5398,0.0681,0.0579,0.0751,1.3879,0.0558,10.46,2026-09-10
2023-07-13,0.5444,0.0681,0.0583,0.0759,1.3761,0.0562,10.52,2026-09-10
2023-07-14,0.5447,0.0681,0.0583,0.0764,1.3715,0.0564,10.54,2026-09-10
2023-07-19,0.5515,0.0681,0.059,0.0764,1.3661,0.0565,10.65,2026-09-10
2023-07-20,0.5492,0.0682,0.0591,0.0764,1.3654,0.0566,10.67,2026-09-10
2023-07-21,0.547,0.0685,0.0591,0.0763,1.3644,0.0566,10.69,2026-09-10
2023-07-24,0.5474,0.0683,0.0591,0.076,1.367,0.0565,10.76,2026-09-10
2023-07-25,0.5473,0.0691,0.0596,0.0766,1.3541,0.0569,10.83,2026-09-10
2023-07-26,0.5494,0.0694,0.0596,0.0769,1.3483,0.0571,10.81,2026-09-10
2023-07-27,0.548,0.0692,0.0592,0.0767,1.353,0.0569,10.75,2026-09-10
2023-07-28,0.5454,0.0694,0.0596,0.0762,1.3576,0.0568,10.62,2026-09-10
2023-07-31,0.5479,0.0696,0.0596,0.0766,1.3485,0.0571,10.86,2026-09-10
2023-08-01,0.5453,0.0692,0.0592,0.076,1.3591,0.0567,10.84,2026-09-10
2023-08-02,0.5402,0.0684,0.0588,0.0751,1.3782,0.0561,10.72,2026-09-10
2023-08-03,0.5382,0.0683,0.0589,0.0748,1.3817,0.0559,10.73,2026-09-10
2023-08-04,0.5355,0.068,0.0586,0.0745,1.3895,0.0557,10.61,2026-09-10
2023-08-07,0.5385,0.0681,0.0588,0.0748,1.3842,0.0559,10.63,2026-09-10
2023-08-08,0.5365,0.0675,0.0582,0.0742,1.396,0.0555,10.62,2026-09-10
2023-08-09,0.535,0.0675,0.058,0.0741,1.398,0.0554,10.61,2026-09-10
2023-08-10,0.5342,0.0673,0.0581,0.074,1.4007,0.0553,10.65,2026-09-10
2023-08-11,0.5367,0.0674,0.0583,0.0741,1.3958,0.0554,10.73,2026-09-10
2023-08-14,0.5362,0.0674,0.0581,0.0737,1.4012,0.0553,10.67,2026-09-10
2023-08-15,0.5371,0.0674,0.0579,0.0736,1.4018,0.0552,10.71,2026-09-10
2023-08-16,0.5381,0.0673,0.0578,0.0735,1.4027,0.0552,10.69,2026-09-10
2023-08-17,0.5375,0.0674,0.0576,0.0733,1.4051,0.0551,10.72,2026-09-10
2023-08-18,0.5376,0.0677,0.0579,0.0736,1.3988,0.0553,10.7,2026-09-10
2023-08-21,0.5392,0.0676,0.0578,0.0735,1.4,0.0553,10.69,2026-09-10
2023-08-22,0.5385,0.0677,0.0578,0.0739,1.3941,0.0555,10.78,2026-09-10
2023-08-23,0.5402,0.0682,0.0581,0.074,1.3874,0.0557,10.78,2026-09-10
2023-08-24,0.5422,0.0686,0.0586,0.0745,1.3784,0.056,10.81,2026-09-10
2023-08-25,0.5374,0.0683,0.0586,0.0738,1.3889,0.0556,10.77,2026-09-10
2023-08-28,0.541,0.0686,0.0589,0.0742,1.3799,0.0559,10.86,2026-09-10
2023-08-29,0.5416,0.0687,0.0588,0.0743,1.3779,0.056,10.87,2026-09-10
2023-08-30,0.5427,0.0684,0.0588,0.0744,1.3784,0.0559,10.88,2026-09-10
2023-08-31,0.5409,0.0679,0.0583,0.0741,1.3868,0.0557,10.82,2026-09-10
2023-09-01,0.5357,0.0681,0.0583,0.0737,1.3925,0.0555,10.73,2026-09-10
2023-09-04,0.5363,0.0684,0.0585,0.0738,1.3879,0.0556,10.78,2026-09-10
2023-09-05,0.5329,0.0678,0.058,0.073,1.4029,0.0551,10.73,2026-09-10
2023-09-06,0.5343,0.0681,0.0581,0.0731,1.3983,0.0553,10.76,2026-09-10
2023-09-07,0.5348,0.068,0.0583,0.073,1.3994,0.0552,10.76,2026-09-10
2023-09-08,0.5376,0.0682,0.0585,0.0731,1.3953,0.0553,10.76,2026-09-10
2023-09-11,0.535,0.0683,0.0585,0.0732,1.3945,0.0554,10.7,2026-09-10
2023-09-12,0.5368,0.0684,0.0587,0.0734,1.3892,0.0555,10.79,2026-09-10
2023-09-13,0.5348,0.0683,0.0589,0.0734,1.3907,0.0555,10.8,2026-09-10
2023-09-14,0.5363,0.0686,0.059,0.0737,1.3837,0.0557,10.84,2026-09-10
2023-09-15,0.5326,0.0687,0.0589,0.0732,1.3899,0.0555,10.8,2026-09-10
2023-09-18,0.5339,0.0687,0.0591,0.0733,1.3883,0.0555,10.81,2026-09-10
2023-09-19,0.5338,0.0684,0.0591,0.0731,1.3914,0.0554,10.81,2026-09-10
2023-09-20,0.5358,0.0685,0.0593,0.0733,1.3871,0.0556,10.84,2026-09-10
2023-09-21,0.5355,0.0688,0.0595,0.0733,1.3844,0.0556,10.87,2026-09-10
2023-09-22,0.5351,0.0688,0.0597,0.0733,1.3844,0.0556,10.85,2026-09-10
2023-09-25,0.5365,0.0689,0.06,0.0734,1.3806,0.0558,10.89,2026-09-10
2023-09-26,0.5349,0.0692,0.0601,0.0732,1.3807,0.0557,10.91,2026-09-10
2023-09-27,0.5324,0.069,0.06,0.0728,1.3873,0.0555,10.86,2026-09-10
2023-09-28,0.5303,0.069,0.0598,0.0725,1.3912,0.0554,10.83,2026-09-10
2023-09-29,0.5335,0.0691,0.0598,0.0732,1.382,0.0557,10.9,2026-09-10
2023-10-04,0.5278,0.0689,0.0598,0.072,1.3987,0.0551,10.75,2026-09-10
2023-10-05,0.529,0.0688,0.0595,0.0723,1.3969,0.0552,10.75,2026-09-10
2023-10-06,0.5266,0.0683,0.0592,0.072,1.4049,0.0549,10.72,2026-09-10
2023-10-09,0.5271,0.0686,0.0592,0.0723,1.3992,0.0551,10.78,2026-09-10
2023-10-10,0.5276,0.0685,0.0592,0.0724,1.3984,0.0551,10.76,2026-09-10
2023-10-11,0.5318,0.0687,0.0593,0.0729,1.3879,0.0554,10.86,2026-09-10
2023-10-12,0.5348,0.0689,0.0595,0.0733,1.3806,0.0557,10.92,2026-09-10
2023-10-13,0.5317,0.069,0.0597,0.0728,1.3855,0.0555,10.9,2026-09-10
2023-10-16,0.533,0.0692,0.0599,0.0729,1.3819,0.0556,10.9,2026-09-10
2023-10-17,0.5355,0.0694,0.0601,0.0732,1.3759,0.0558,10.95,2026-09-10
2023-10-18,0.5366,0.0693,0.0601,0.0733,1.3741,0.0559,10.98,2026-09-10
2023-10-19,0.5329,0.069,0.0599,0.0727,1.3849,0.0555,10.89,2026-09-10
2023-10-20,0.534,0.0689,0.0601,0.0728,1.3842,0.0555,10.91,2026-09-10
2023-10-23,0.5331,0.0688,0.0599,0.0728,1.3854,0.0555,10.91,2026-09-10
2023-10-24,0.5351,0.0685,0.0596,0.0732,1.3824,0.0556,10.95,2026-09-10
2023-10-25,0.533,0.0687,0.0599,0.0729,1.3842,0.0555,10.92,2026-09-10
2023-10-26,0.5304,0.0687,0.0599,0.0724,1.3909,0.0553,10.9,2026-09-10
2023-10-27,0.5335,0.069,0.0601,0.0729,1.3811,0.0556,10.95,2026-09-10
2023-10-30,0.5355,0.0692,0.0603,0.0731,1.3762,0.0558,10.93,2026-09-10
2023-10-31,0.5352,0.0689,0.0601,0.073,1.3796,0.0556,10.97,2026-09-10
2023-11-01,0.5379,0.0694,0.0604,0.0733,1.3696,0.056,11.09,2026-09-10
2023-11-03,0.5418,0.0696,0.0606,0.074,1.359,0.0563,11.12,2026-09-10
2023-11-06,0.5422,0.0693,0.0601,0.0744,1.3576,0.0563,11.13,2026-09-10
2023-11-07,0.5405,0.0693,0.0602,0.0742,1.36,0.0563,11.15,2026-09-10
2023-11-08,0.5392,0.0693,0.0603,0.0741,1.3608,0.0562,11.16,2026-09-10
2023-11-09,0.5388,0.069,0.0602,0.0739,1.3647,0.0561,11.16,2026-09-10
2023-11-10,0.5367,0.0689,0.0601,0.0735,1.3705,0.0559,11.13,2026-09-10
2023-11-13,0.5363,0.0686,0.06,0.0734,1.3739,0.0558,11.13,2026-09-10
2023-11-14,0.5361,0.0686,0.0598,0.0734,1.3737,0.0558,11.14,2026-09-10
2023-11-15,0.5403,0.0686,0.0597,0.0746,1.3605,0.0562,11.23,2026-09-10
2023-11-16,0.5409,0.0687,0.0601,0.0745,1.3584,0.0563,11.27,2026-09-10
2023-11-17,0.5383,0.0684,0.0598,0.0743,1.3652,0.056,11.18,2026-09-10
2023-11-20,0.5361,0.0683,0.0598,0.0746,1.3637,0.0561,11.13,2026-09-10
2023-11-21,0.5331,0.0681,0.0596,0.0746,1.3672,0.056,11.03,2026-09-10
2023-11-22,0.5286,0.0678,0.0591,0.0739,1.3794,0.0555,11.01,2026-09-10
2023-11-23,0.5264,0.0675,0.0589,0.0737,1.3851,0.0554,10.98,2026-09-10
2023-11-24,0.5269,0.0675,0.0587,0.0736,1.3858,0.0553,10.99,2026-09-10
2023-11-27,0.5278,0.0673,0.0584,0.0737,1.3867,0.0553,10.98,2026-09-10
2023-11-28,0.5295,0.0676,0.0586,0.074,1.3809,0.0555,10.97,2026-09-10
2023-11-29,0.5288,0.0675,0.0584,0.0742,1.3802,0.0555,10.92,2026-09-10
2023-11-30,0.5277,0.0674,0.0582,0.074,1.3842,0.0554,10.87,2026-09-10
2023-12-01,0.5265,0.0675,0.0583,0.0737,1.3866,0.0553,10.91,2026-09-10
2023-12-04,0.528,0.068,0.0583,0.074,1.3799,0.0555,10.84,2026-09-10
2023-12-05,0.5262,0.0679,0.0583,0.0736,1.3848,0.0553,10.81,2026-09-10
2023-12-06,0.5255,0.068,0.0582,0.0733,1.3873,0.0552,10.8,2026-09-10
2023-12-07,0.525,0.0681,0.0584,0.0733,1.3881,0.0552,10.72,2026-09-10
2023-12-08,0.5281,0.0683,0.0585,0.0737,1.3813,0.0554,10.61,2026-09-10
2023-12-11,0.5263,0.0679,0.0583,0.0732,1.39,0.0551,10.65,2026-09-10
2023-12-12,0.5254,0.0679,0.0581,0.0731,1.3916,0.0551,10.63,2026-09-10
2023-12-13,0.5265,0.0678,0.0583,0.0731,1.3905,0.0551,10.66,2026-09-10
2023-12-14,0.5289,0.0679,0.0586,0.0741,1.3806,0.0554,10.5,2026-09-10
2023-12-15,0.5316,0.068,0.0586,0.0747,1.371,0.0557,10.61,2026-09-10
2023-12-18,0.5328,0.0684,0.0589,0.0747,1.3669,0.0558,10.63,2026-09-10
2023-12-19,0.5299,0.0678,0.0586,0.0741,1.3784,0.0555,10.65,2026-09-10
2023-12-20,0.5325,0.0681,0.0587,0.0746,1.3692,0.0558,10.72,2026-09-10
2023-12-21,0.5338,0.0682,0.0591,0.0747,1.3665,0.0558,10.69,2026-09-10
2023-12-22,0.5337,0.0678,0.0588,0.0746,1.372,0.0557,10.61,2026-09-10
2023-12-27,0.5316,0.0673,0.0584,0.0744,1.3791,0.0554,10.61,2026-09-10
2023-12-28,0.5321,0.0674,0.0584,0.0748,1.3743,0.0556,10.57,2026-09-10
2023-12-29,0.5285,0.0673,0.0584,0.0745,1.3796,0.0554,10.52,2026-09-10
2024-01-03,0.5306,0.0678,0.0587,0.0742,1.3766,0.0555,10.55,2026-09-10
2024-01-04,0.5294,0.0676,0.0583,0.0739,1.3811,0.0553,10.62,2026-09-10
2024-01-05,0.5294,0.0675,0.0582,0.0738,1.3825,0.0553,10.71,2026-09-10
2024-01-08,0.5293,0.0675,0.0581,0.0738,1.3828,0.0552,10.65,2026-09-10
2024-01-09,0.5308,0.0676,0.0581,0.074,1.379,0.0554,10.66,2026-09-10
2024-01-10,0.53,0.0675,0.0581,0.0738,1.3825,0.0552,10.69,2026-09-10
2024-01-11,0.5305,0.0674,0.058,0.074,1.3798,0.0553,10.77,2026-09-10
2024-01-12,0.5312,0.0675,0.058,0.0741,1.3785,0.0554,10.75,2026-09-10
2024-01-15,0.5312,0.0675,0.058,0.074,1.3794,0.0553,10.74,2026-09-10
2024-01-16,0.5298,0.0674,0.0581,0.0736,1.3827,0.0552,10.76,2026-09-10
2024-01-17,0.5269,0.0672,0.0579,0.073,1.3918,0.0549,10.79,2026-09-10
2024-01-18,0.5279,0.0671,0.0577,0.0732,1.3901,0.055,10.82,2026-09-10
2024-01-19,0.5276,0.0673,0.0576,0.0732,1.3886,0.055,10.89,2026-09-10
2024-01-22,0.5265,0.067,0.0574,0.0731,1.3933,0.0548,10.81,2026-09-10
2024-01-23,0.5239,0.067,0.0573,0.073,1.3948,0.0548,10.81,2026-09-10
2024-01-24,0.5244,0.0673,0.0576,0.0731,1.39,0.0549,10.82,2026-09-10
2024-01-25,0.5258,0.0674,0.0577,0.0734,1.3859,0.0551,10.84,2026-09-10
2024-01-26,0.5268,0.0676,0.0577,0.0733,1.384,0.0551,10.83,2026-09-10
2024-01-29,0.5281,0.0677,0.0578,0.0734,1.3812,0.0552,10.86,2026-09-10
2024-01-30,0.5276,0.0678,0.0578,0.0734,1.3807,0.0552,10.82,2026-09-10
2024-01-31,0.5273,0.0678,0.0579,0.0733,1.3816,0.0552,10.84,2026-09-10
2024-02-01,0.5287,0.0681,0.058,0.0735,1.3771,0.0553,10.8,2026-09-10
2024-02-02,0.5312,0.0679,0.0579,0.0739,1.3735,0.0554,10.82,2026-09-10
2024-02-05,0.5275,0.0678,0.058,0.0731,1.3824,0.0551,10.85,2026-09-10
2024-02-06,0.5253,0.0678,0.0581,0.0729,1.3853,0.055,10.82,2026-09-10
2024-02-07,0.5268,0.068,0.0581,0.0732,1.3807,0.0552,10.83,2026-09-10
2024-02-08,0.5271,0.0678,0.0579,0.0731,1.3822,0.0551,10.87,2026-09-10
2024-02-09,0.5265,0.0678,0.0578,0.073,1.3836,0.0551,10.9,2026-09-10
2024-02-12,0.526,0.0675,0.0577,0.0728,1.3881,0.0549,10.87,2026-09-10
2024-02-13,0.5273,0.0678,0.0579,0.0731,1.3813,0.0551,10.92,2026-09-10
2024-02-14,0.525,0.0678,0.0576,0.0727,1.3869,0.055,10.94,2026-09-10
2024-02-15,0.5255,0.0678,0.0579,0.0727,1.3855,0.055,10.92,2026-09-10
2024-02-16,0.5266,0.0678,0.058,0.0729,1.3821,0.0551,10.96,2026-09-10
2024-02-19,0.527,0.0678,0.0579,0.0731,1.3799,0.0552,10.97,2026-09-10
2024-02-20,0.5253,0.0677,0.0579,0.0729,1.3839,0.055,10.96,2026-09-10
2024-02-21,0.5257,0.0676,0.0579,0.0731,1.3813,0.0551,10.97,2026-09-10
2024-02-22,0.526,0.0675,0.0578,0.0731,1.3826,0.0551,10.98,2026-09-10
2024-02-23,0.5237,0.0671,0.0574,0.0726,1.392,0.0547,10.94,2026-09-10
2024-02-26,0.5218,0.0669,0.0572,0.0724,1.3975,0.0546,10.89,2026-09-10
2024-02-27,0.5223,0.0668,0.0571,0.0724,1.3978,0.0545,10.9,2026-09-10
2024-02-28,0.5244,0.0671,0.0574,0.0727,1.3906,0.0548,10.95,2026-09-10
2024-02-29,0.5226,0.0669,0.0572,0.0725,1.3956,0.0546,10.86,2026-09-10
2024-03-01,0.5232,0.0671,0.0575,0.0726,1.3917,0.0547,10.92,2026-09-10
2024-03-04,0.5244,0.0671,0.0574,0.0727,1.3902,0.0548,10.93,2026-09-10
2024-03-05,0.5249,0.0671,0.0574,0.0728,1.3884,0.0548,10.96,2026-09-10
2024-03-06,0.5266,0.0673,0.0575,0.073,1.384,0.055,10.95,2026-09-10
2024-03-07,0.5289,0.0673,0.0576,0.0733,1.3803,0.0551,10.89,2026-09-10
2024-03-08,0.5302,0.0673,0.0575,0.0736,1.3765,0.0552,10.89,2026-09-10
2024-03-11,0.5285,0.0672,0.0572,0.0735,1.3806,0.055,10.8,2026-09-10
2024-03-12,0.5292,0.0674,0.0575,0.0737,1.3757,0.0552,10.86,2026-09-10
2024-03-13,0.5297,0.0674,0.0575,0.0736,1.3758,0.0552,10.86,2026-09-10
2024-03-14,0.5309,0.0674,0.0577,0.0738,1.3726,0.0553,10.91,2026-09-10
2024-03-15,0.5289,0.0675,0.0576,0.0734,1.3764,0.0552,10.89,2026-09-10
2024-03-18,0.5287,0.0674,0.0576,0.0734,1.3771,0.0551,10.94,2026-09-10
2024-03-19,0.5254,0.0671,0.0573,0.0729,1.386,0.0548,10.95,2026-09-10
2024-03-20,0.5266,0.0672,0.0574,0.073,1.3817,0.055,11.07,2026-09-10
2024-03-21,0.5305,0.0673,0.0575,0.0736,1.3733,0.0552,11.11,2026-09-10
2024-03-22,0.5295,0.0673,0.0577,0.0729,1.3798,0.055,11.04,2026-09-10
2024-03-25,0.528,0.0673,0.0578,0.0728,1.3814,0.055,11.01,2026-09-10
2024-03-26,0.5291,0.0673,0.0577,0.073,1.3783,0.0551,11.05,2026-09-10
2024-03-27,0.5278,0.0672,0.0577,0.0728,1.3826,0.0549,11.04,2026-09-10
2024-03-28,0.5284,0.0673,0.0577,0.0729,1.3803,0.055,11.02,2026-09-10
2024-04-02,0.5282,0.0678,0.058,0.0727,1.3774,0.0551,11.03,2026-09-10
2024-04-03,0.5299,0.0678,0.0581,0.073,1.3725,0.0552,11.08,2026-09-10
2024-04-04,0.5319,0.0677,0.058,0.0734,1.3686,0.0553,11.13,2026-09-10
2024-04-05,0.5312,0.0677,0.0581,0.0733,1.3697,0.0553,11.09,2026-09-10
2024-04-08,0.5311,0.0677,0.058,0.0733,1.3696,0.0553,11.13,2026-09-10
2024-04-09,0.5321,0.0677,0.058,0.0735,1.3673,0.0554,11.16,2026-09-10
2024-04-10,0.5336,0.0679,0.0581,0.0737,1.3615,0.0556,11.19,2026-09-10
2024-04-11,0.5296,0.068,0.0582,0.073,1.3692,0.0553,11.18,2026-09-10
2024-04-12,0.5295,0.0682,0.0582,0.073,1.3683,0.0553,11.18,2026-09-10
2024-04-15,0.5284,0.0683,0.0583,0.0728,1.3687,0.0553,11.2,2026-09-10
2024-04-16,0.5256,0.0681,0.0582,0.0722,1.377,0.055,11.16,2026-09-10
2024-04-17,0.5241,0.068,0.058,0.0722,1.3788,0.055,11.17,2026-09-10
2024-04-18,0.526,0.0679,0.0582,0.0726,1.3743,0.0551,11.19,2026-09-10
2024-04-19,0.522,0.0677,0.058,0.072,1.3849,0.0547,11.11,2026-09-10
2024-04-22,0.5238,0.0677,0.0583,0.0722,1.3794,0.0549,11.18,2026-09-10
2024-04-23,0.5222,0.0676,0.0584,0.072,1.3837,0.0548,11.14,2026-09-10
2024-04-24,0.5249,0.0676,0.0581,0.0723,1.3798,0.0549,11.2,2026-09-10
2024-04-25,0.5243,0.0673,0.0578,0.0722,1.3834,0.0548,11.23,2026-09-10
2024-04-26,0.5261,0.0675,0.0579,0.0725,1.3763,0.055,11.31,2026-09-10
2024-04-29,0.5288,0.068,0.0581,0.0729,1.3664,0.0553,11.45,2026-09-10
2024-04-30,0.5293,0.0682,0.0582,0.073,1.363,0.0554,11.44,2026-09-10
2024-05-02,0.5291,0.0683,0.0584,0.0733,1.3591,0.0555,11.38,2026-09-10
2024-05-03,0.528,0.0683,0.0584,0.0733,1.3604,0.0555,11.23,2026-09-10
2024-05-06,0.5299,0.0682,0.0585,0.0734,1.3584,0.0556,11.29,2026-09-10
2024-05-07,0.5294,0.0681,0.0584,0.0733,1.36,0.0555,11.33,2026-09-10
2024-05-08,0.5298,0.0682,0.0587,0.0733,1.3585,0.0555,11.38,2026-09-10
2024-05-10,0.531,0.0682,0.0586,0.0735,1.3558,0.0556,11.43,2026-09-10
2024-05-13,0.5323,0.0682,0.0587,0.0735,1.354,0.0557,11.46,2026-09-10
2024-05-14,0.5327,0.0682,0.0586,0.0735,1.3532,0.0557,11.51,2026-09-10
2024-05-15,0.5324,0.068,0.0585,0.0737,1.3533,0.0557,11.52,2026-09-10
2024-05-16,0.5336,0.068,0.0583,0.0739,1.3523,0.0557,11.4,2026-09-10
2024-05-17,0.5351,0.0682,0.0585,0.0741,1.3471,0.0559,11.53,2026-09-10
2024-05-20,0.5369,0.0681,0.0584,0.0742,1.3454,0.0559,11.55,2026-09-10
2024-05-21,0.5359,0.0681,0.0582,0.074,1.3477,0.0559,11.57,2026-09-10
2024-05-22,0.538,0.0684,0.0582,0.0742,1.3421,0.056,11.61,2026-09-10
2024-05-23,0.5346,0.068,0.0579,0.0737,1.3524,0.0557,11.54,2026-09-10
2024-05-24,0.5333,0.068,0.0579,0.0735,1.3551,0.0556,11.54,2026-09-10
2024-05-27,0.5344,0.0679,0.0578,0.0736,1.3542,0.0556,11.54,2026-09-10
2024-05-28,0.5351,0.0678,0.0577,0.0737,1.3538,0.0556,11.56,2026-09-10
2024-05-29,0.5363,0.068,0.0579,0.0738,1.3494,0.0558,11.6,2026-09-10
2024-05-30,0.5327,0.0679,0.0578,0.0733,1.357,0.0555,11.5,2026-09-10
2024-05-31,0.5289,0.0674,0.0573,0.0729,1.3689,0.0551,11.43,2026-09-10
2024-06-03,0.5285,0.0671,0.0572,0.0728,1.3716,0.055,11.45,2026-09-10
2024-06-04,0.5326,0.0673,0.0573,0.0734,1.3619,0.0553,11.45,2026-09-10
2024-06-05,0.5305,0.0673,0.0573,0.0731,1.3662,0.0552,11.39,2026-09-10
2024-06-06,0.5275,0.0668,0.0568,0.0727,1.3768,0.0548,11.35,2026-09-10
2024-06-07,0.5276,0.0668,0.0569,0.0728,1.376,0.0548,11.29,2026-09-10
2024-06-10,0.5278,0.0675,0.0571,0.0726,1.3697,0.055,11.41,2026-09-10
2024-06-11,0.5295,0.0677,0.0573,0.0729,1.3647,0.0552,11.46,2026-09-10
2024-06-12,0.5316,0.0681,0.0574,0.0731,1.3576,0.0554,11.5,2026-09-10
2024-06-13,0.5339,0.068,0.0575,0.0735,1.3527,0.0556,11.55,2026-09-10
2024-06-14,0.5328,0.0683,0.0575,0.0733,1.3526,0.0556,11.59,2026-09-10
2024-06-17,0.5334,0.0686,0.0579,0.0734,1.3488,0.0557,11.54,2026-09-10
2024-06-18,0.5355,0.0686,0.058,0.0736,1.3439,0.0559,11.63,2026-09-10
2024-06-19,0.5391,0.069,0.0583,0.0741,1.3341,0.0562,11.69,2026-09-10
2024-06-20,0.5398,0.069,0.0583,0.0741,1.333,0.0562,11.72,2026-09-10
2024-06-21,0.5395,0.0691,0.0585,0.074,1.3324,0.0562,11.77,2026-09-10
2024-06-24,0.5385,0.069,0.0584,0.0739,1.3342,0.0562,11.8,2026-09-10
2024-06-25,0.538,0.0688,0.0582,0.0739,1.3367,0.0561,11.78,2026-09-10
2024-06-26,0.5359,0.0687,0.0579,0.0735,1.3429,0.0559,11.75,2026-09-10
2024-06-27,0.5365,0.0687,0.0582,0.0735,1.3407,0.0559,11.79,2026-09-10
2024-06-28,0.5336,0.0684,0.0579,0.0731,1.3486,0.0556,11.77,2026-09-10
2024-07-02,0.535,0.0682,0.0579,0.0732,1.348,0.0557,11.84,2026-09-10
2024-07-03,0.5331,0.0679,0.0575,0.0729,1.3543,0.0554,11.81,2026-09-10
2024-07-04,0.5355,0.068,0.0575,0.0733,1.3487,0.0556,11.84,2026-09-10
2024-07-05,0.5372,0.0681,0.0577,0.0737,1.3427,0.0558,11.84,2026-09-10
2024-07-08,0.5375,0.0682,0.0576,0.0737,1.342,0.0558,11.85,2026-09-10
2024-07-09,0.5384,0.0682,0.0577,0.0739,1.3395,0.0559,11.88,2026-09-10
2024-07-10,0.5385,0.0683,0.0577,0.0738,1.3388,0.0559,11.92,2026-09-10
2024-07-11,0.5387,0.0682,0.0575,0.0739,1.3381,0.056,11.95,2026-09-10
2024-07-12,0.5397,0.0683,0.0575,0.0742,1.3365,0.056,11.8,2026-09-10
2024-07-17,0.5398,0.068,0.0571,0.0741,1.3406,0.0559,11.7,2026-09-10
2024-07-18,0.5383,0.0677,0.057,0.074,1.3449,0.0557,11.57,2026-09-10
2024-07-19,0.5367,0.0677,0.057,0.0737,1.3483,0.0556,11.63,2026-09-10
2024-07-22,0.537,0.0677,0.057,0.0736,1.3495,0.0555,11.53,2026-09-10
2024-07-23,0.5371,0.0677,0.057,0.0737,1.3491,0.0555,11.53,2026-09-10
2024-07-24,0.5352,0.0677,0.057,0.0735,1.3527,0.0554,11.36,2026-09-10
2024-07-25,0.5327,0.0678,0.057,0.0735,1.3536,0.0554,11.23,2026-09-10
2024-07-26,0.5349,0.0679,0.0573,0.0737,1.3484,0.0555,11.33,2026-09-10
2024-07-29,0.5359,0.068,0.0573,0.0738,1.3468,0.0556,11.31,2026-09-10
2024-07-30,0.5335,0.0678,0.0571,0.0734,1.3532,0.0554,11.36,2026-09-10
2024-07-31,0.5335,0.0681,0.0574,0.0737,1.3469,0.0556,11.26,2026-09-10
2024-08-01,0.5347,0.0683,0.0576,0.0739,1.3453,0.0556,11.08,2026-09-10
2024-08-02,0.5324,0.0683,0.058,0.0738,1.346,0.0556,11.01,2026-09-10
2024-08-05,0.5264,0.0677,0.058,0.0738,1.358,0.0552,10.53,2026-09-10
2024-08-06,0.5264,0.0673,0.0577,0.0737,1.3598,0.0551,10.74,2026-09-10
2024-08-07,0.5291,0.0675,0.058,0.0737,1.3561,0.0552,10.82,2026-09-10
2024-08-08,0.5286,0.0675,0.0581,0.0738,1.3546,0.0553,10.8,2026-09-10
2024-08-09,0.5296,0.0676,0.0579,0.0738,1.353,0.0553,10.86,2026-09-10
2024-08-12,0.5306,0.0677,0.0578,0.0739,1.3516,0.0554,10.88,2026-09-10
2024-08-13,0.5308,0.0676,0.0578,0.074,1.3501,0.0554,10.93,2026-09-10
2024-08-14,0.5312,0.0676,0.0579,0.0743,1.3464,0.0555,10.94,2026-09-10
2024-08-15,0.5324,0.0676,0.0579,0.0744,1.3452,0.0556,10.95,2026-09-10
2024-08-16,0.5351,0.0679,0.0579,0.0746,1.3387,0.0558,11.1,2026-09-10
2024-08-19,0.5343,0.0678,0.0578,0.0749,1.3384,0.0558,10.89,2026-09-10
2024-08-20,0.5369,0.0678,0.0578,0.0752,1.3327,0.056,11.06,2026-09-10
2024-08-21,0.5351,0.0675,0.0576,0.075,1.3387,0.0558,10.94,2026-09-10
2024-08-22,0.5344,0.0672,0.0573,0.075,1.3426,0.0556,10.89,2026-09-10
2024-08-23,0.5335,0.0672,0.057,0.0748,1.3457,0.0555,10.88,2026-09-10
2024-08-26,0.5361,0.0673,0.0571,0.0753,1.3385,0.0558,10.84,2026-09-10
2024-08-27,0.5369,0.0675,0.0571,0.0754,1.3356,0.0559,10.91,2026-09-10
2024-08-28,0.5371,0.0676,0.0569,0.0753,1.3366,0.0558,10.88,2026-09-10
2024-08-29,0.5349,0.0676,0.0569,0.0753,1.337,0.0558,10.88,2026-09-10
2024-08-30,0.5336,0.068,0.0571,0.0753,1.3334,0.0559,10.92,2026-09-10
2024-09-02,0.533,0.0679,0.0571,0.075,1.3359,0.0558,10.98,2026-09-10
2024-09-03,0.533,0.0677,0.0571,0.0748,1.3392,0.0557,10.94,2026-09-10
2024-09-04,0.5312,0.0676,0.057,0.0747,1.3437,0.0555,10.85,2026-09-10
2024-09-05,0.5327,0.0677,0.0571,0.0751,1.3387,0.0557,10.74,2026-09-10
2024-09-06,0.534,0.0678,0.0572,0.0754,1.3336,0.0559,10.73,2026-09-10
2024-09-09,0.5327,0.0677,0.0571,0.0749,1.3403,0.0556,10.71,2026-09-10
2024-09-10,0.5338,0.0679,0.0573,0.0749,1.3373,0.0557,10.74,2026-09-10
2024-09-11,0.5335,0.0679,0.0572,0.075,1.3389,0.0557,10.6,2026-09-10
2024-09-12,0.533,0.0679,0.0573,0.0748,1.3392,0.0557,10.67,2026-09-10
2024-09-13,0.5344,0.0679,0.0573,0.0752,1.3351,0.0558,10.61,2026-09-10
2024-09-16,0.5352,0.0679,0.0573,0.0754,1.3334,0.0558,10.57,2026-09-10
2024-09-17,0.5364,0.0679,0.0572,0.0756,1.3312,0.0559,10.62,2026-09-10
2024-09-18,0.5364,0.068,0.0574,0.0756,1.329,0.056,10.7,2026-09-10
2024-09-19,0.5355,0.068,0.0572,0.0757,1.3262,0.0561,10.81,2026-09-10
2024-09-20,0.5344,0.0679,0.0569,0.0759,1.3277,0.056,10.77,2026-09-10
2024-09-23,0.536,0.0681,0.057,0.076,1.3226,0.0562,10.94,2026-09-10
2024-09-24,0.5352,0.0684,0.057,0.076,1.3195,0.0563,10.97,2026-09-10
2024-09-25,0.5346,0.0681,0.0568,0.0762,1.3216,0.0562,10.93,2026-09-10
2024-09-26,0.5354,0.0685,0.0572,0.0764,1.3142,0.0565,11.05,2026-09-10
2024-09-27,0.5346,0.0684,0.0571,0.0764,1.3155,0.0564,10.99,2026-09-10
2024-10-02,0.5334,0.0686,0.0572,0.076,1.3184,0.0563,10.93,2026-09-10
2024-10-03,0.5337,0.0687,0.0575,0.0758,1.3163,0.0564,11.12,2026-09-10
2024-10-04,0.5339,0.0686,0.0576,0.0757,1.3189,0.0563,11.05,2026-09-10
2024-10-07,0.5347,0.0688,0.0575,0.0754,1.3175,0.0563,11.2,2026-09-10
2024-10-08,0.5335,0.0688,0.0577,0.0755,1.3171,0.0563,11.17,2026-09-10
2024-10-09,0.531,0.0686,0.0575,0.0752,1.3229,0.0561,11.17,2026-09-10
2024-10-10,0.5314,0.0686,0.0574,0.0751,1.3231,0.0561,11.19,2026-09-10
2024-10-11,0.5331,0.0688,0.0577,0.0753,1.3185,0.0562,11.2,2026-09-10
2024-10-14,0.5342,0.069,0.0577,0.0754,1.3144,0.0564,11.25,2026-09-10
2024-10-15,0.5343,0.0688,0.0574,0.075,1.3211,0.0561,11.2,2026-09-10
2024-10-16,0.5342,0.0689,0.0576,0.0749,1.3208,0.0561,11.18,2026-09-10
2024-10-17,0.5334,0.0689,0.0576,0.0748,1.3223,0.0561,11.19,2026-09-10
2024-10-18,0.5334,0.0691,0.0574,0.0749,1.3187,0.0562,11.24,2026-09-10
2024-10-21,0.5334,0.069,0.0574,0.0749,1.3204,0.0561,11.19,2026-09-10
2024-10-22,0.5344,0.0692,0.0576,0.0749,1.3165,0.0563,11.29,2026-09-10
2024-10-23,0.5349,0.0694,0.0577,0.0749,1.3139,0.0564,11.4,2026-09-10
2024-10-24,0.5306,0.0691,0.0576,0.0745,1.3219,0.0561,11.34,2026-09-10
2024-10-25,0.5323,0.069,0.0575,0.0746,1.3211,0.0561,11.33,2026-09-10
2024-10-28,0.5324,0.0691,0.0576,0.0745,1.3197,0.0561,11.43,2026-09-10
2024-10-29,0.5336,0.069,0.0575,0.0745,1.3203,0.0561,11.4,2026-09-10
2024-11-01,0.5333,0.0688,0.058,0.0748,1.3182,0.0562,11.4,2026-09-10
2024-11-04,0.5322,0.0689,0.0578,0.075,1.3159,0.0562,11.4,2026-09-10
2024-11-05,0.5331,0.069,0.0579,0.075,1.3145,0.0563,11.43,2026-09-10
2024-11-06,0.5335,0.0693,0.0578,0.0742,1.3194,0.0561,11.44,2026-09-10
2024-11-07,0.5366,0.0695,0.0577,0.0746,1.3124,0.0563,11.5,2026-09-10
2024-11-11,0.5372,0.0696,0.0578,0.0746,1.3114,0.0564,11.45,2026-09-10
2024-11-12,0.5341,0.0693,0.0575,0.0737,1.3253,0.0559,11.32,2026-09-10
2024-11-13,0.5313,0.0692,0.0576,0.0734,1.3281,0.0558,11.39,2026-09-10
2024-11-14,0.5294,0.0692,0.0575,0.073,1.3329,0.0556,11.38,2026-09-10
2024-11-15,0.5283,0.0692,0.0576,0.0729,1.3338,0.0556,11.4,2026-09-10
2024-11-18,0.5307,0.0695,0.058,0.0732,1.328,0.0558,11.31,2026-09-10
2024-11-19,0.5329,0.0695,0.0581,0.0736,1.3217,0.056,11.38,2026-09-10
2024-11-20,0.5316,0.0693,0.0579,0.0734,1.3259,0.0558,11.41,2026-09-10
2024-11-21,0.5305,0.0694,0.0579,0.0732,1.3279,0.0558,11.33,2026-09-10
2024-11-22,0.5308,0.0699,0.0582,0.0732,1.3243,0.0559,11.33,2026-09-10
2024-11-25,0.5311,0.0699,0.0582,0.0733,1.323,0.0559,11.32,2026-09-10
2024-11-26,0.5316,0.0698,0.0583,0.0732,1.3243,0.0559,11.26,2026-09-10
2024-11-27,0.5315,0.0698,0.0582,0.0732,1.3264,0.0558,11.13,2026-09-10
2024-11-28,0.5302,0.0693,0.0577,0.0731,1.3319,0.0556,11.08,2026-09-10
2024-11-29,0.5315,0.0695,0.0578,0.0734,1.3273,0.0557,11.02,2026-09-10
2024-12-02,0.5329,0.0696,0.0577,0.0732,1.3284,0.0557,11.02,2026-09-10
2024-12-03,0.5338,0.0698,0.0578,0.0732,1.3271,0.0557,10.98,2026-09-10
2024-12-04,0.5336,0.0697,0.0577,0.0733,1.3267,0.0557,10.99,2026-09-10
2024-12-05,0.5329,0.0696,0.0576,0.0732,1.3283,0.0557,10.97,2026-09-10
2024-12-06,0.5339,0.0695,0.0577,0.0735,1.3252,0.0558,11.02,2026-09-10
2024-12-09,0.5353,0.0697,0.0577,0.0735,1.3231,0.0558,11.03,2026-09-10
2024-12-10,0.5352,0.0699,0.0579,0.0739,1.3155,0.0561,11.16,2026-09-10
2024-12-11,0.535,0.0701,0.0578,0.0738,1.3151,0.0561,11.19,2026-09-10
2024-12-12,0.5377,0.0704,0.058,0.074,1.3082,0.0563,11.3,2026-09-10
2024-12-13,0.5368,0.0704,0.0582,0.0737,1.3113,0.0562,11.26,2026-09-10
2024-12-16,0.5364,0.07,0.0583,0.0736,1.3141,0.0561,11.32,2026-09-10
2024-12-17,0.5363,0.07,0.0581,0.0735,1.3147,0.0561,11.33,2026-09-10
2024-12-18,0.5337,0.0697,0.0576,0.0732,1.323,0.0558,11.23,2026-09-10
2024-12-19,0.5313,0.07,0.0577,0.0727,1.3265,0.0557,11.28,2026-09-10
2024-12-20,0.5288,0.0698,0.0579,0.0724,1.3298,0.0556,11.35,2026-09-10
2024-12-23,0.5306,0.0696,0.0578,0.0726,1.3282,0.0556,11.37,2026-09-10
2024-12-24,0.5269,0.0694,0.0575,0.0721,1.3368,0.0553,11.32,2026-09-10
2024-12-30,0.5258,0.069,0.0572,0.0719,1.3422,0.0551,11.36,2026-09-10
2024-12-31,0.5248,0.0689,0.0571,0.0717,1.3471,0.0549,11.2,2026-09-10
2025-01-06,0.5264,0.0694,0.0575,0.0716,1.3434,0.0551,11.28,2026-09-10
2025-01-07,0.5291,0.0693,0.0575,0.0721,1.3378,0.0553,11.38,2026-09-10
2025-01-08,0.5268,0.0693,0.0574,0.0717,1.3422,0.0551,11.34,2026-09-10
2025-01-09,0.5235,0.0691,0.0578,0.0712,1.3479,0.0549,11.26,2026-09-10
2025-01-10,0.523,0.0692,0.0579,0.0711,1.3483,0.0549,11.26,2026-09-10
2025-01-13,0.5199,0.0692,0.0582,0.0707,1.353,0.0547,11.13,2026-09-10
2025-01-14,0.5218,0.0693,0.0582,0.071,1.3484,0.0548,11.19,2026-09-10
2025-01-15,0.5229,0.0691,0.0583,0.0712,1.347,0.0549,11.21,2026-09-10
2025-01-16,0.5253,0.0695,0.0585,0.0715,1.342,0.0551,11.16,2026-09-10
2025-01-17,0.5244,0.0694,0.0585,0.0714,1.3431,0.055,11.12,2026-09-10
2025-01-20,0.5246,0.0695,0.0587,0.0716,1.3399,0.0552,11.18,2026-09-10
2025-01-21,0.5237,0.0693,0.0586,0.0719,1.3388,0.0552,11.18,2026-09-10
2025-01-22,0.5255,0.0693,0.0585,0.0721,1.3364,0.0553,11.24,2026-09-10
2025-01-23,0.5254,0.0693,0.0586,0.0721,1.3354,0.0553,11.3,2026-09-10
2025-01-24,0.525,0.0693,0.0584,0.0725,1.3335,0.0554,11.25,2026-09-10
2025-01-27,0.5248,0.069,0.058,0.0722,1.3375,0.0552,11.27,2026-09-10
2025-01-28,0.5212,0.0686,0.0575,0.0716,1.3475,0.0548,11.15,2026-09-10
2025-01-29,0.5225,0.0689,0.0578,0.072,1.3414,0.0551,11.18,2026-09-10
2025-01-30,0.5238,0.0692,0.058,0.0721,1.3382,0.0552,11.15,2026-09-10
2025-01-31,0.5261,0.0693,0.058,0.072,1.337,0.0552,11.15,2026-09-10
2025-02-03,0.5216,0.0694,0.0578,0.0711,1.3474,0.0548,11.04,2026-09-10
2025-02-04,0.5229,0.0694,0.0576,0.0715,1.343,0.055,11.1,2026-09-10
2025-02-05,0.5235,0.0692,0.0576,0.0719,1.3413,0.055,11.02,2026-09-10
2025-02-06,0.5248,0.0693,0.0577,0.072,1.3387,0.0551,10.98,2026-09-10
2025-02-07,0.5265,0.0696,0.0581,0.0722,1.3346,0.0553,10.95,2026-09-10
2025-02-10,0.527,0.0699,0.0581,0.0721,1.334,0.0553,10.94,2026-09-10
2025-02-11,0.5273,0.07,0.0584,0.0722,1.3313,0.0554,10.97,2026-09-10
2025-02-12,0.5272,0.0696,0.0579,0.0721,1.3345,0.0553,11.07,2026-09-10
2025-02-13,0.5266,0.0692,0.0578,0.0723,1.3344,0.0553,11.13,2026-09-10
2025-02-14,0.5262,0.0691,0.0576,0.0723,1.3362,0.0552,11.03,2026-09-10
2025-02-17,0.5266,0.0692,0.0577,0.0726,1.3324,0.0553,11.02,2026-09-10
2025-02-18,0.527,0.0692,0.0574,0.0723,1.3354,0.0552,10.99,2026-09-10
2025-02-19,0.5279,0.0693,0.0574,0.0725,1.3331,0.0553,10.99,2026-09-10
2025-02-20,0.5254,0.0693,0.0574,0.0723,1.3363,0.0552,10.86,2026-09-10
2025-02-21,0.5262,0.0692,0.0573,0.0726,1.334,0.0553,10.92,2026-09-10
2025-02-24,0.5268,0.0692,0.0574,0.0727,1.3328,0.0553,10.87,2026-09-10
2025-02-25,0.5271,0.0693,0.0575,0.0726,1.3328,0.0553,10.87,2026-09-10
2025-02-26,0.5264,0.0691,0.0573,0.0725,1.3356,0.0552,10.84,2026-09-10
2025-02-27,0.5265,0.0692,0.0572,0.0724,1.3362,0.0551,10.82,2026-09-10
2025-02-28,0.5269,0.0696,0.0574,0.0722,1.3343,0.0552,10.83,2026-09-10
2025-03-03,0.5252,0.0691,0.0571,0.0719,1.3407,0.0549,10.82,2026-09-10
2025-03-04,0.5255,0.0687,0.0567,0.0721,1.3423,0.0549,10.77,2026-09-10
2025-03-05,0.5267,0.0682,0.0567,0.0725,1.3404,0.0549,10.85,2026-09-10
2025-03-06,0.5295,0.0677,0.0567,0.0731,1.3376,0.055,10.89,2026-09-10
2025-03-07,0.532,0.0679,0.057,0.0734,1.333,0.0552,10.84,2026-09-10
2025-03-10,0.5312,0.0675,0.0566,0.0732,1.3381,0.055,10.8,2026-09-10
2025-03-11,0.5298,0.0673,0.0567,0.0732,1.3396,0.0549,10.78,2026-09-10
2025-03-12,0.5302,0.0672,0.0566,0.0732,1.3397,0.0549,10.84,2026-09-10
2025-03-13,0.529,0.0672,0.0564,0.0731,1.3419,0.0548,10.79,2026-09-10
2025-03-14,0.5297,0.0675,0.0565,0.0731,1.3381,0.055,10.87,2026-09-10
2025-03-17,0.5309,0.0674,0.0567,0.0733,1.336,0.0551,10.91,2026-09-10
2025-03-18,0.5323,0.0675,0.0567,0.0736,1.3321,0.0552,11.02,2026-09-10
2025-03-19,0.5316,0.0672,0.0566,0.0734,1.3348,0.0551,11.01,2026-09-10
2025-03-20,0.532,0.0675,0.0566,0.0735,1.3335,0.0551,10.9,2026-09-10
2025-03-21,0.5316,0.0677,0.0567,0.0733,1.3333,0.0551,10.96,2026-09-10
2025-03-24,0.5318,0.0676,0.0566,0.0732,1.3339,0.0551,10.96,2026-09-10
2025-03-25,0.5312,0.0677,0.0566,0.0731,1.3342,0.0551,11.01,2026-09-10
2025-03-26,0.5313,0.0677,0.0565,0.0731,1.3344,0.0551,11.0,2026-09-10
2025-03-27,0.5319,0.0679,0.0566,0.0732,1.3321,0.0552,11.0,2026-09-10
2025-03-28,0.5317,0.0678,0.0565,0.0731,1.3327,0.0551,11.02,2026-09-10
2025-03-31,0.5307,0.0675,0.0564,0.0731,1.3359,0.055,10.88,2026-09-10
2025-04-01,0.5306,0.0675,0.0564,0.0729,1.3374,0.0549,10.92,2026-09-10
2025-04-02,0.5272,0.0671,0.0561,0.0724,1.3454,0.0546,10.86,2026-09-10
2025-04-03,0.5255,0.0656,0.0549,0.0719,1.3641,0.0538,10.59,2026-09-10
2025-04-04,0.5234,0.0653,0.0552,0.0722,1.3642,0.0538,10.54,2026-09-10
2025-04-07,0.5215,0.0647,0.0552,0.0712,1.3777,0.0533,10.37,2026-09-10
2025-04-08,0.5216,0.0648,0.0556,0.0709,1.3779,0.0533,10.45,2026-09-10
2025-04-09,0.5206,0.0638,0.055,0.0705,1.3912,0.0528,10.26,2026-09-10
2025-04-10,0.5239,0.0649,0.0554,0.0713,1.3733,0.0534,10.46,2026-09-10
2025-04-11,0.5236,0.0634,0.055,0.0714,1.3842,0.053,10.28,2026-09-10
2025-04-14,0.5291,0.0635,0.0551,0.0724,1.3737,0.0534,10.32,2026-09-10
2025-04-15,0.5309,0.064,0.055,0.0726,1.368,0.0536,10.38,2026-09-10
2025-04-16,0.5298,0.0635,0.0544,0.0723,1.3754,0.0533,10.29,2026-09-10
2025-04-17,0.5308,0.0639,0.0549,0.0726,1.3682,0.0536,10.37,2026-09-10
2025-04-22,0.5351,0.0635,0.0546,0.0732,1.3668,0.0537,10.26,2026-09-10
2025-04-23,0.5345,0.0644,0.0551,0.0733,1.3579,0.054,10.39,2026-09-10
2025-04-24,0.5325,0.0643,0.0549,0.073,1.3613,0.0539,10.42,2026-09-10
2025-04-25,0.529,0.064,0.0546,0.0726,1.3674,0.0536,10.43,2026-09-10
2025-04-28,0.5322,0.0642,0.055,0.0729,1.362,0.0538,10.48,2026-09-10
2025-04-29,0.5325,0.0643,0.0546,0.0732,1.3592,0.0539,10.43,2026-09-10
2025-04-30,0.5318,0.0643,0.0547,0.0732,1.3588,0.0539,10.44,2026-09-10
2025-05-02,0.5317,0.0648,0.0551,0.0734,1.3517,0.0542,10.65,2026-09-10
2025-05-05,0.5293,0.0649,0.0553,0.0735,1.3513,0.0542,10.6,2026-09-10
2025-05-06,0.5318,0.0651,0.0554,0.0737,1.3472,0.0544,10.6,2026-09-10
2025-05-07,0.5336,0.065,0.0553,0.0739,1.3459,0.0544,10.56,2026-09-10
2025-05-08,0.5328,0.0652,0.0554,0.0736,1.3454,0.0544,10.62,2026-09-10
2025-05-09,0.5333,0.0655,0.0556,0.0736,1.3428,0.0545,10.71,2026-09-10
2025-05-12,0.5322,0.0657,0.0555,0.0737,1.3406,0.0546,10.77,2026-09-10
2025-05-13,0.5278,0.0661,0.0557,0.0734,1.3398,0.0546,10.86,2026-09-10
2025-05-14,0.5295,0.0656,0.0552,0.0735,1.3438,0.0545,10.8,2026-09-10
2025-05-15,0.5303,0.0657,0.0554,0.0736,1.3421,0.0545,10.73,2026-09-10
2025-05-16,0.5331,0.066,0.0556,0.0741,1.3346,0.0548,10.76,2026-09-10
2025-05-19,0.5337,0.066,0.0556,0.074,1.3354,0.0548,10.73,2026-09-10
2025-05-20,0.5339,0.0657,0.0553,0.074,1.338,0.0547,10.69,2026-09-10
2025-05-21,0.5364,0.0656,0.0553,0.0745,1.3336,0.0549,10.69,2026-09-10
2025-05-22,0.5356,0.0656,0.0554,0.0744,1.335,0.0548,10.65,2026-09-10
2025-05-23,0.5351,0.0657,0.0553,0.0743,1.3347,0.0548,10.67,2026-09-10
2025-05-26,0.5362,0.0655,0.055,0.0748,1.3319,0.0549,10.68,2026-09-10
2025-05-27,0.5362,0.0656,0.055,0.0746,1.3329,0.0549,10.69,2026-09-10
2025-05-28,0.5343,0.0656,0.0551,0.0743,1.335,0.0548,10.72,2026-09-10
2025-05-30,0.5361,0.0657,0.0553,0.0746,1.3311,0.0549,10.73,2026-09-10
2025-06-02,0.5365,0.0653,0.055,0.0744,1.336,0.0547,10.65,2026-09-10
2025-06-03,0.5375,0.0653,0.0552,0.0747,1.3328,0.0548,10.67,2026-09-10
2025-06-04,0.5363,0.0656,0.0552,0.0746,1.3318,0.0549,10.74,2026-09-10
2025-06-05,0.5365,0.0655,0.0551,0.0747,1.3314,0.0549,10.69,2026-09-10
2025-06-06,0.5379,0.0655,0.0553,0.0749,1.3282,0.055,10.79,2026-09-10
2025-06-09,0.5378,0.0655,0.0552,0.0748,1.3284,0.055,10.8,2026-09-10
2025-06-10,0.5379,0.0656,0.0553,0.0748,1.3274,0.055,10.82,2026-09-10
2025-06-11,0.5384,0.0656,0.0556,0.0749,1.3254,0.0551,10.88,2026-09-10
2025-06-12,0.5387,0.0651,0.0553,0.075,1.3289,0.055,10.78,2026-09-10
2025-06-13,0.535,0.0646,0.055,0.0745,1.3388,0.0545,10.69,2026-09-10
2025-06-16,0.5361,0.0647,0.055,0.0746,1.336,0.0546,10.76,2026-09-10
2025-06-17,0.5371,0.0647,0.0551,0.0748,1.3336,0.0547,10.82,2026-09-10
2025-06-18,0.5353,0.0647,0.0553,0.0745,1.3359,0.0546,10.79,2026-09-10
2025-06-19,0.5328,0.0647,0.0553,0.0741,1.3402,0.0545,10.76,2026-09-10
2025-06-20,0.5339,0.0645,0.0551,0.0743,1.3383,0.0545,10.81,2026-09-10
2025-06-23,0.5326,0.0644,0.0552,0.0741,1.3402,0.0544,10.92,2026-09-10
2025-06-24,0.5381,0.0646,0.0552,0.075,1.3311,0.0548,10.88,2026-09-10
2025-06-25,0.5374,0.0645,0.055,0.075,1.3319,0.0548,10.88,2026-09-10
2025-06-26,0.5385,0.0644,0.0549,0.0752,1.3313,0.0548,10.87,2026-09-10
2025-06-27,0.5376,0.0641,0.0546,0.075,1.3352,0.0546,10.83,2026-09-10
2025-06-30,0.5381,0.0641,0.0547,0.0752,1.3337,0.0547,10.82,2026-09-10
2025-07-02,0.5407,0.064,0.0549,0.0755,1.3303,0.0548,10.84,2026-09-10
2025-07-03,0.5414,0.0641,0.0554,0.0756,1.3275,0.0549,10.87,2026-09-10
2025-07-04,0.5418,0.0642,0.0553,0.0756,1.3257,0.055,10.91,2026-09-10
2025-07-07,0.5386,0.0638,0.0552,0.0751,1.3336,0.0547,10.89,2026-09-10
2025-07-08,0.5377,0.0639,0.055,0.075,1.3342,0.0546,10.95,2026-09-10
2025-07-09,0.5383,0.064,0.0552,0.0749,1.3327,0.0547,11.02,2026-09-10
2025-07-10,0.539,0.064,0.0551,0.0751,1.3315,0.0547,10.98,2026-09-10
2025-07-11,0.5371,0.0641,0.0553,0.0749,1.3315,0.0547,11.0,2026-09-10
2025-07-14,0.5339,0.0639,0.0553,0.0745,1.3372,0.0545,10.97,2026-09-10
2025-07-15,0.5361,0.0639,0.0556,0.0747,1.3331,0.0546,11.03,2026-09-10
2025-07-16,0.5352,0.0641,0.0556,0.0745,1.3329,0.0546,11.08,2026-09-10
2025-07-17,0.535,0.0643,0.0557,0.0745,1.3319,0.0546,11.08,2026-09-10
2025-07-18,0.5365,0.0643,0.0557,0.0747,1.3292,0.0547,11.11,2026-09-10
2025-07-23,0.5398,0.0642,0.0557,0.0754,1.3238,0.055,11.06,2026-09-10
2025-07-24,0.5391,0.0641,0.0556,0.0754,1.3247,0.0549,11.03,2026-09-10
2025-07-25,0.5384,0.064,0.0557,0.0752,1.3269,0.0548,11.05,2026-09-10
2025-07-28,0.5366,0.0639,0.0558,0.0748,1.3296,0.0547,11.09,2026-09-10
2025-07-29,0.5339,0.0643,0.0557,0.0744,1.3316,0.0546,11.03,2026-09-10
2025-07-30,0.5342,0.0644,0.0557,0.0744,1.3302,0.0546,11.01,2026-09-10
2025-07-31,0.5332,0.0647,0.0558,0.0741,1.3306,0.0546,11.02,2026-09-10
2025-08-01,0.5302,0.0643,0.0556,0.0735,1.3385,0.0543,11.06,2026-09-10
2025-08-04,0.5314,0.064,0.0558,0.074,1.3364,0.0543,10.94,2026-09-10
2025-08-05,0.5334,0.0642,0.0559,0.0742,1.332,0.0545,10.92,2026-09-10
2025-08-06,0.5351,0.0642,0.0559,0.0744,1.3297,0.0546,10.97,2026-09-10
2025-08-07,0.5372,0.0641,0.0559,0.0748,1.3263,0.0547,11.01,2026-09-10
2025-08-08,0.5373,0.0642,0.0557,0.0748,1.3257,0.0547,11.02,2026-09-10
2025-08-11,0.5378,0.0641,0.0556,0.0748,1.3252,0.0547,11.04,2026-09-10
2025-08-12,0.5373,0.0643,0.0556,0.0747,1.325,0.0547,11.07,2026-09-10
2025-08-13,0.5399,0.0643,0.0556,0.0752,1.3195,0.0549,11.11,2026-09-10
2025-08-14,0.5398,0.0643,0.0554,0.0753,1.3201,0.0549,11.01,2026-09-10
2025-08-15,0.5396,0.0644,0.0554,0.0751,1.3203,0.0549,11.05,2026-09-10
2025-08-18,0.5389,0.0641,0.0554,0.075,1.3224,0.0548,11.06,2026-09-10
2025-08-19,0.5381,0.0642,0.0555,0.0749,1.3228,0.0548,11.05,2026-09-10
2025-08-20,0.5372,0.0643,0.0554,0.0748,1.3237,0.0547,11.01,2026-09-10
2025-08-21,0.5368,0.0643,0.0556,0.0748,1.323,0.0547,11.03,2026-09-10
2025-08-22,0.5361,0.0644,0.0557,0.0746,1.3228,0.0547,11.08,2026-09-10
2025-08-25,0.5391,0.0643,0.0557,0.0754,1.3157,0.055,11.1,2026-09-10
2025-08-26,0.5362,0.0644,0.0557,0.0749,1.3194,0.0548,11.07,2026-09-10
2025-08-27,0.5356,0.0644,0.0556,0.0748,1.3209,0.0548,11.05,2026-09-10
2025-08-28,0.5346,0.0643,0.0554,0.0748,1.3223,0.0547,11.01,2026-09-10
2025-08-29,0.5327,0.0641,0.0554,0.0747,1.3246,0.0546,10.99,2026-09-10
2025-09-01,0.5347,0.064,0.0555,0.075,1.3214,0.0547,11.02,2026-09-10
2025-09-02,0.535,0.064,0.0554,0.0749,1.3215,0.0547,11.09,2026-09-10
2025-09-03,0.5335,0.0642,0.0558,0.0747,1.3214,0.0547,11.09,2026-09-10
2025-09-04,0.5333,0.0641,0.0556,0.0747,1.3224,0.0546,11.07,2026-09-10
2025-09-05,0.5327,0.064,0.0554,0.0747,1.3234,0.0546,11.07,2026-09-10
2025-09-08,0.535,0.064,0.0555,0.075,1.3189,0.0548,11.11,2026-09-10
2025-09-09,0.5362,0.064,0.0555,0.0753,1.3171,0.0548,11.07,2026-09-10
2025-09-10,0.5349,0.0642,0.0555,0.0751,1.317,0.0548,11.08,2026-09-10
2025-09-11,0.535,0.0643,0.0556,0.0751,1.3158,0.0548,11.1,2026-09-10
2025-09-12,0.5371,0.0643,0.0557,0.0754,1.3117,0.055,11.13,2026-09-10
2025-09-15,0.5374,0.0644,0.0556,0.0754,1.3114,0.055,11.13,2026-09-10
2025-09-16,0.5378,0.0642,0.0555,0.0756,1.3112,0.055,11.11,2026-09-10
2025-09-17,0.5376,0.0638,0.0555,0.0757,1.3129,0.0549,11.09,2026-09-10
2025-09-18,0.5355,0.0639,0.0554,0.0753,1.3153,0.0548,11.11,2026-09-10
2025-09-19,0.5364,0.0641,0.0559,0.0754,1.3117,0.0549,11.14,2026-09-10
2025-09-22,0.537,0.0643,0.056,0.0755,1.3091,0.055,11.18,2026-09-10
2025-09-23,0.5376,0.0641,0.0559,0.0755,1.3099,0.055,11.16,2026-09-10
2025-09-24,0.5398,0.0642,0.0561,0.0758,1.3053,0.0552,11.22,2026-09-10
2025-09-25,0.5378,0.0642,0.056,0.0754,1.3083,0.055,11.23,2026-09-10
2025-09-26,0.5366,0.0643,0.0563,0.0751,1.3094,0.055,11.25,2026-09-10
2025-10-02,0.54,0.0645,0.0562,0.0757,1.3033,0.0552,11.14,2026-09-10
2025-10-03,0.5388,0.0644,0.0562,0.0755,1.3054,0.0551,11.14,2026-09-10
2025-10-06,0.5396,0.0645,0.0562,0.0755,1.303,0.0552,11.34,2026-09-10
2025-10-07,0.5396,0.0647,0.0562,0.0756,1.3007,0.0553,11.39,2026-09-10
2025-10-08,0.5385,0.0649,0.0563,0.0753,1.3002,0.0553,11.49,2026-09-10
2025-10-09,0.5385,0.0651,0.0565,0.0755,1.2966,0.0554,11.54,2026-09-10
2025-10-10,0.5375,0.0652,0.0567,0.0754,1.2963,0.0554,11.53,2026-09-10
2025-10-13,0.5366,0.0647,0.0563,0.0752,1.3028,0.0551,11.42,2026-09-10
2025-10-14,0.535,0.0647,0.0563,0.0749,1.3049,0.055,11.37,2026-09-10
2025-10-15,0.5361,0.0647,0.0563,0.0752,1.3021,0.0552,11.36,2026-09-10
2025-10-16,0.5363,0.0645,0.0561,0.0752,1.3034,0.0551,11.37,2026-09-10
2025-10-17,0.5357,0.0642,0.0559,0.0752,1.3068,0.0549,11.27,2026-09-10
2025-10-20,0.5354,0.0644,0.056,0.0752,1.3045,0.055,11.32,2026-09-10
2025-10-21,0.5361,0.0647,0.0563,0.0753,1.3,0.0552,11.41,2026-09-10
2025-10-22,0.5346,0.0646,0.0562,0.075,1.3031,0.055,11.39,2026-09-10
2025-10-23,0.5338,0.0646,0.0561,0.0749,1.3042,0.055,11.42,2026-09-10
2025-10-24,0.5352,0.0647,0.0564,0.0751,1.3002,0.0551,11.49,2026-09-10
2025-10-27,0.5362,0.0648,0.0566,0.0754,1.296,0.0553,11.54,2026-09-10
2025-10-28,0.535,0.0646,0.0564,0.0754,1.2984,0.0552,11.46,2026-09-10
2025-10-29,0.5357,0.0649,0.057,0.0755,1.2942,0.0554,11.49,2026-09-10
2025-10-30,0.5351,0.0648,0.057,0.0753,1.2955,0.0553,11.53,2026-09-10
2025-10-31,0.5333,0.0648,0.057,0.075,1.2979,0.0552,11.55,2026-09-10
2025-11-03,0.5336,0.065,0.057,0.075,1.2966,0.0552,11.56,2026-09-10
2025-11-04,0.5328,0.0649,0.057,0.0748,1.2993,0.0551,11.48,2026-09-10
2025-11-05,0.5309,0.0648,0.0572,0.0744,1.3023,0.055,11.44,2026-09-10
2025-11-06,0.5322,0.0649,0.0572,0.0747,1.299,0.0551,11.49,2026-09-10
2025-11-07,0.5328,0.0648,0.057,0.0748,1.2986,0.0551,11.47,2026-09-10
2025-11-10,0.5343,0.0649,0.057,0.075,1.2948,0.0552,11.55,2026-09-10
2025-11-11,0.536,0.0651,0.0571,0.0752,1.2908,0.0554,11.61,2026-09-10
2025-11-12,0.536,0.065,0.0573,0.0753,1.2902,0.0554,11.64,2026-09-10
2025-11-13,0.5355,0.0651,0.0575,0.0754,1.2885,0.0555,11.68,2026-09-10
2025-11-14,0.536,0.0649,0.0574,0.0755,1.2881,0.0555,11.67,2026-09-10
2025-11-17,0.5354,0.0649,0.0573,0.0753,1.2894,0.0554,11.66,2026-09-10
2025-11-18,0.5343,0.0648,0.0571,0.0751,1.2926,0.0553,11.65,2026-09-10
2025-11-19,0.5348,0.0649,0.0572,0.0752,1.2901,0.0554,11.68,2026-09-10
2025-11-20,0.5336,0.0651,0.0574,0.075,1.2896,0.0554,11.81,2026-09-10
2025-11-21,0.533,0.0649,0.0572,0.0749,1.292,0.0552,11.77,2026-09-10
2025-11-24,0.5307,0.0648,0.057,0.0747,1.2953,0.0551,11.7,2026-09-10
2025-11-25,0.5308,0.0649,0.0571,0.0748,1.2927,0.0552,11.73,2026-09-10
2025-11-26,0.532,0.0648,0.057,0.0752,1.2903,0.0553,11.73,2026-09-10
2025-11-27,0.5326,0.0649,0.0568,0.0753,1.289,0.0553,11.75,2026-09-10
2025-11-28,0.5315,0.0648,0.0568,0.0751,1.2902,0.0553,11.75,2026-09-10
2025-12-01,0.5317,0.0649,0.0569,0.0752,1.2894,0.0553,11.7,2026-09-10
2025-12-02,0.5325,0.0649,0.057,0.0753,1.2878,0.0553,11.73,2026-09-10
2025-12-03,0.5319,0.0647,0.0569,0.0754,1.2882,0.0553,11.72,2026-09-10
2025-12-04,0.5331,0.0647,0.0566,0.0754,1.2876,0.0553,11.72,2026-09-10
2025-12-05,0.5349,0.0649,0.0567,0.0757,1.2837,0.0555,11.7,2026-09-10
2025-12-08,0.5352,0.0649,0.0568,0.0757,1.2824,0.0555,11.76,2026-09-10
2025-12-09,0.5334,0.0648,0.0566,0.0754,1.286,0.0554,11.78,2026-09-10
2025-12-10,0.5325,0.0649,0.0567,0.0754,1.285,0.0554,11.82,2026-09-10
2025-12-11,0.5341,0.0648,0.0566,0.0757,1.2836,0.0554,11.81,2026-09-10
2025-12-12,0.5359,0.0647,0.0567,0.076,1.2802,0.0556,11.84,2026-09-10
2025-12-15,0.5356,0.0647,0.0569,0.076,1.2801,0.0556,11.78,2026-09-10
2025-12-16,0.5353,0.0647,0.0569,0.0761,1.2793,0.0556,11.78,2026-09-10
2025-12-17,0.5363,0.065,0.0569,0.0762,1.2763,0.0557,11.83,2026-09-10
2025-12-18,0.5358,0.0648,0.057,0.0761,1.2766,0.0557,11.87,2026-09-10
2025-12-19,0.5358,0.065,0.0569,0.0762,1.2755,0.0557,11.88,2026-09-10
2025-12-22,0.5357,0.065,0.0569,0.0762,1.2744,0.0557,11.98,2026-09-10
2025-12-23,0.5357,0.0648,0.0566,0.0763,1.2754,0.0557,11.91,2026-09-10
2025-12-24,0.5358,0.0648,0.0565,0.0764,1.2743,0.0557,11.9,2026-09-10
2025-12-29,0.535,0.0649,0.0566,0.0764,1.2733,0.0558,11.93,2026-09-10
2025-12-30,0.534,0.0649,0.0566,0.0764,1.2733,0.0557,11.93,2026-09-10
2025-12-31,0.5342,0.0652,0.0568,0.0765,1.2701,0.0559,11.98,2026-09-10
2026-01-05,0.5347,0.0656,0.0571,0.0766,1.2651,0.0561,12.04,2026-09-10
2026-01-06,0.5382,0.0657,0.0569,0.0771,1.2594,0.0563,12.07,2026-09-10
2026-01-07,0.5375,0.0658,0.057,0.077,1.2602,0.0563,12.03,2026-09-10
2026-01-08,0.535,0.0656,0.0569,0.0766,1.2644,0.0561,12.0,2026-09-10
2026-01-09,0.5341,0.0657,0.057,0.0765,1.2648,0.056,12.04,2026-09-10
2026-01-12,0.5346,0.0657,0.0571,0.0767,1.2616,0.0562,12.12,2026-09-10
2026-01-13,0.535,0.0658,0.057,0.0767,1.2601,0.0562,12.2,2026-09-10
2026-01-14,0.5359,0.066,0.0572,0.0768,1.2572,0.0563,12.24,2026-09-10
2026-01-15,0.5346,0.0659,0.0571,0.0767,1.259,0.0562,12.17,2026-09-10
2026-01-16,0.535,0.0662,0.0574,0.0768,1.2562,0.0564,12.17,2026-09-10
2026-01-19,0.5337,0.066,0.0572,0.0767,1.2589,0.0562,12.11,2026-09-10
2026-01-20,0.5338,0.0658,0.0571,0.0767,1.2591,0.0562,12.16,2026-09-10
2026-01-21,0.5349,0.0656,0.0572,0.0768,1.2594,0.0562,12.15,2026-09-10
2026-01-22,0.5363,0.0659,0.0574,0.0771,1.2539,0.0564,12.24,2026-09-10
2026-01-23,0.5395,0.066,0.0575,0.0775,1.2486,0.0566,12.3,2026-09-10
2026-01-26,0.5414,0.0657,0.057,0.0779,1.2506,0.0565,12.01,2026-09-10
2026-01-27,0.5422,0.0657,0.057,0.078,1.249,0.0566,12.05,2026-09-10
2026-01-28,0.5456,0.0655,0.0569,0.0786,1.2445,0.0568,12.01,2026-09-10
2026-01-29,0.5481,0.0659,0.0571,0.079,1.2387,0.057,12.08,2026-09-10
2026-01-30,0.5446,0.0658,0.057,0.0784,1.2439,0.0568,12.06,2026-09-10
2026-02-02,0.5368,0.0652,0.0565,0.0772,1.2587,0.0561,11.96,2026-09-10
2026-02-03,0.5411,0.066,0.0569,0.078,1.2449,0.0567,12.13,2026-09-10
2026-02-04,0.541,0.066,0.0569,0.078,1.2445,0.0567,12.2,2026-09-10
2026-02-05,0.538,0.0658,0.0569,0.0775,1.25,0.0565,12.16,2026-09-10
2026-02-06,0.5366,0.0655,0.057,0.0773,1.2529,0.0563,12.13,2026-09-10
2026-02-09,0.5398,0.0658,0.0573,0.0779,1.2453,0.0566,12.19,2026-09-10
2026-02-10,0.54,0.0657,0.0572,0.0782,1.2446,0.0567,12.15,2026-09-10
2026-02-11,0.5406,0.0657,0.0572,0.0782,1.2445,0.0567,11.98,2026-09-10
2026-02-12,0.5393,0.0659,0.0574,0.0781,1.2436,0.0567,11.98,2026-09-10
2026-02-13,0.5378,0.0657,0.0573,0.0779,1.2472,0.0565,11.93,2026-09-10
2026-02-16,0.5378,0.0658,0.0573,0.0781,1.2442,0.0566,11.96,2026-09-10
2026-02-17,0.5363,0.0657,0.0572,0.0778,1.2475,0.0565,11.9,2026-09-10
2026-02-18,0.536,0.0657,0.0574,0.0779,1.2462,0.0565,11.95,2026-09-10
2026-02-19,0.5359,0.0658,0.0575,0.0777,1.2461,0.0565,12.05,2026-09-10
2026-02-20,0.5336,0.0658,0.0575,0.0773,1.2492,0.0564,12.0,2026-09-10
2026-02-23,0.5359,0.0658,0.0575,0.0778,1.245,0.0565,12.01,2026-09-10
2026-02-24,0.5353,0.0659,0.0576,0.0777,1.2446,0.0565,12.05,2026-09-10
2026-02-25,0.5352,0.066,0.0576,0.0779,1.2413,0.0567,12.13,2026-09-10
2026-02-26,0.534,0.0661,0.0576,0.0781,1.239,0.0568,12.19,2026-09-10
2026-02-27,0.5342,0.066,0.0579,0.078,1.2404,0.0567,12.15,2026-09-10
2026-03-02,0.5316,0.0658,0.0577,0.0772,1.2474,0.0564,12.13,2026-09-10
2026-03-03,0.5318,0.0661,0.0577,0.0771,1.2461,0.0564,12.13,2026-09-10
2026-03-04,0.5266,0.0655,0.0571,0.0761,1.2601,0.0558,11.98,2026-09-10
2026-03-05,0.5268,0.0659,0.0573,0.0764,1.2553,0.056,12.0,2026-09-10
2026-03-06,0.5246,0.0654,0.0569,0.0759,1.2619,0.0557,11.99,2026-09-10
2026-03-09,0.5214,0.0652,0.0566,0.0754,1.2685,0.0554,11.95,2026-09-10
2026-03-10,0.528,0.066,0.057,0.0767,1.2509,0.0561,12.09,2026-09-10
2026-03-11,0.5274,0.0661,0.0571,0.0769,1.2486,0.0562,12.14,2026-09-10
2026-03-12,0.5228,0.0658,0.0568,0.076,1.2581,0.0558,12.08,2026-09-10
2026-03-13,0.5188,0.0655,0.0565,0.0753,1.2666,0.0554,12.0,2026-09-10
2026-03-16,0.5186,0.0657,0.0567,0.0751,1.2663,0.0554,11.97,2026-09-10
2026-03-17,0.5194,0.0657,0.0567,0.0754,1.2638,0.0555,12.02,2026-09-10
2026-03-18,0.5213,0.0657,0.0567,0.0759,1.2597,0.0557,12.03,2026-09-10
2026-03-19,0.5165,0.0653,0.0564,0.0748,1.2717,0.0551,11.95,2026-09-10
2026-03-20,0.5202,0.0652,0.0562,0.0754,1.2666,0.0553,11.95,2026-09-10
2026-03-23,0.5145,0.0646,0.056,0.0744,1.2804,0.0547,11.87,2026-09-10
2026-03-24,0.5178,0.0649,0.056,0.0751,1.2717,0.0551,11.92,2026-09-10
2026-03-25,0.5177,0.0647,0.0561,0.075,1.2729,0.055,11.93,2026-09-10
2026-03-26,0.517,0.0648,0.056,0.0749,1.2739,0.055,11.94,2026-09-10
2026-03-27,0.5167,0.0647,0.056,0.0747,1.2754,0.0549,11.92,2026-09-10
2026-03-30,0.5162,0.0649,0.0563,0.0747,1.2738,0.0549,11.93,2026-09-10
2026-03-31,0.5147,0.0649,0.0564,0.0745,1.2752,0.0549,11.88,2026-09-10
2026-04-01,0.5176,0.0649,0.0566,0.0752,1.2677,0.0552,11.92,2026-09-10
2026-04-02,0.5153,0.0649,0.0566,0.0748,1.2718,0.055,11.92,2026-09-10
2026-04-07,0.5162,0.0651,0.0567,0.0751,1.2676,0.0552,11.99,2026-09-10
2026-04-08,0.5212,0.0653,0.0568,0.0764,1.2545,0.0557,12.07,2026-09-10
2026-04-09,0.5211,0.0654,0.057,0.0762,1.2538,0.0557,12.11,2026-09-10
2026-04-10,0.5211,0.0653,0.0569,0.0763,1.254,0.0557,12.15,2026-09-10
2026-04-13,0.5193,0.065,0.0567,0.076,1.2579,0.0555,12.14,2026-09-10
2026-04-14,0.521,0.065,0.0566,0.0764,1.2546,0.0557,12.17,2026-09-10
2026-04-15,0.5224,0.065,0.0565,0.0766,1.2524,0.0558,12.18,2026-09-10
2026-04-16,0.5222,0.0649,0.0565,0.0766,1.2529,0.0557,12.17,2026-09-10
2026-04-17,0.5213,0.0649,0.0565,0.0764,1.2548,0.0556,12.18,2026-09-10
2026-04-20,0.5209,0.065,0.0566,0.0764,1.2541,0.0557,12.14,2026-09-10
2026-04-21,0.5214,0.065,0.0566,0.0765,1.2524,0.0557,12.16,2026-09-10
2026-04-22,0.5209,0.0649,0.0564,0.0763,1.2542,0.0556,12.15,2026-09-10
2026-04-23,0.5198,0.065,0.0564,0.0761,1.2558,0.0555,12.14,2026-09-10
2026-04-24,0.5175,0.0648,0.0562,0.0757,1.2609,0.0553,12.09,2026-09-10
2026-04-27,0.5191,0.0648,0.0562,0.076,1.2577,0.0554,12.11,2026-09-10
2026-04-28,0.5184,0.0648,0.0561,0.0759,1.2589,0.0554,12.08,2026-09-10
2026-04-29,0.5191,0.0648,0.0562,0.0759,1.2569,0.0554,12.13,2026-09-10
2026-04-30,0.5142,0.0644,0.0558,0.0751,1.2678,0.0549,12.07,2026-09-10
2026-05-04,0.5179,0.0647,0.0559,0.076,1.2593,0.0553,11.91,2026-09-10
2026-05-05,0.5149,0.0645,0.0557,0.0753,1.2668,0.055,11.85,2026-09-10
2026-05-06,0.5192,0.0649,0.056,0.0761,1.2563,0.0554,11.9,2026-09-10
2026-05-07,0.5199,0.065,0.0562,0.0764,1.2524,0.0556,11.95,2026-09-10
2026-05-08,0.5193,0.0649,0.0562,0.0764,1.2526,0.0556,11.97,2026-09-10
2026-05-11,0.5174,0.0648,0.0561,0.0762,1.2559,0.0554,11.96,2026-09-10
2026-05-12,0.5168,0.0647,0.0561,0.0761,1.2566,0.0554,11.98,2026-09-10
2026-05-13,0.5172,0.065,0.0562,0.0762,1.2537,0.0555,12.01,2026-09-10
2026-05-18,0.5135,0.0648,0.0565,0.0754,1.2601,0.0552,11.98,2026-09-10
2026-05-19,0.5142,0.0649,0.0564,0.0756,1.2574,0.0553,12.03,2026-09-10
2026-05-20,0.5137,0.065,0.0563,0.0754,1.2587,0.0552,11.98,2026-09-10
2026-05-21,0.5166,0.0653,0.0565,0.0759,1.2513,0.0555,12.07,2026-09-10
2026-05-22,0.5163,0.0654,0.0566,0.0759,1.2502,0.0555,12.08,2026-09-10
2026-05-25,0.517,0.0655,0.0565,0.0762,1.247,0.0557,12.11,2026-09-10
2026-05-26,0.5177,0.0656,0.0566,0.0763,1.2455,0.0557,12.13,2026-09-10
2026-05-27,0.5166,0.0654,0.0567,0.0762,1.2467,0.0557,12.14,2026-09-10
2026-05-28,0.515,0.0654,0.0567,0.0759,1.249,0.0556,12.11,2026-09-10
2026-05-29,0.5177,0.0657,0.0569,0.0765,1.2417,0.0559,12.18,2026-09-10
2026-06-01,0.5174,0.0656,0.0568,0.0765,1.2419,0.0558,12.2,2026-09-10
2026-06-02,0.5168,0.0656,0.0567,0.0765,1.2418,0.0558,12.21,2026-09-10
2026-06-03,0.5162,0.0656,0.0567,0.0762,1.2436,0.0557,12.19,2026-09-10
2026-06-04,0.5162,0.0656,0.0567,0.0762,1.2439,0.0557,12.18,2026-09-10
2026-06-05,0.5162,0.0656,0.0567,0.0762,1.2435,0.0557,12.19,2026-09-10
2026-06-08,0.5118,0.0654,0.0566,0.0754,1.2518,0.0553,12.09,2026-09-10
2026-06-09,0.5133,0.0656,0.0567,0.0758,1.2468,0.0556,12.14,2026-09-10
2026-06-10,0.5125,0.0655,0.0565,0.0756,1.2492,0.0554,12.13,2026-09-10
2026-06-11,0.5121,0.0655,0.0565,0.0756,1.2496,0.0554,12.13,2026-09-10
2026-06-12,0.515,0.0658,0.0568,0.0762,1.241,0.0558,12.21,2026-09-10
2026-06-15,0.517,0.0659,0.0569,0.0765,1.2368,0.056,12.25,2026-09-10
2026-06-16,0.5161,0.0659,0.057,0.0763,1.238,0.0559,12.23,2026-09-10
2026-06-17,0.5163,0.0658,0.057,0.0764,1.2377,0.0559,12.25,2026-09-10
2026-06-18,0.5142,0.066,0.0571,0.076,1.2398,0.0558,12.21,2026-09-10
2026-06-19,0.5124,0.066,0.0572,0.0755,1.244,0.0556,12.17,2026-09-10
2026-06-22,0.5124,0.066,0.0572,0.0756,1.2424,0.0556,12.22,2026-09-10
2026-06-23,0.5121,0.0661,0.057,0.0755,1.243,0.0556,12.2,2026-09-10
2026-06-24,0.5117,0.0661,0.057,0.0752,1.2447,0.0555,12.15,2026-09-10
2026-06-25,0.5115,0.0661,0.057,0.0751,1.2449,0.0555,12.16,2026-09-10
2026-06-26,0.5126,0.0662,0.0571,0.0753,1.2422,0.0556,12.18,2026-09-10
2026-06-29,0.5129,0.0662,0.0571,0.0755,1.2405,0.0557,12.21,2026-09-10
2026-06-30,0.5125,0.0662,0.057,0.0755,1.2403,0.0557,12.25,2026-09-10
2026-07-02,0.513,0.0664,0.0568,0.0756,1.2387,0.0557,12.26,2026-09-10
2026-07-03,0.5161,0.0664,0.0569,0.0761,1.2331,0.056,12.25,2026-09-10
2026-07-06,0.5158,0.0665,0.0569,0.0759,1.2336,0.0559,12.31,2026-09-10
2026-07-07,0.5165,0.0664,0.0568,0.0759,1.2336,0.0559,12.3,2026-09-10
2026-07-08,0.5157,0.0664,0.0567,0.0758,1.2345,0.0559,12.3,2026-09-10
2026-07-09,0.5146,0.0661,0.0564,0.0757,1.2378,0.0557,12.28,2026-09-10
2026-07-10,0.5145,0.0663,0.0565,0.0759,1.2355,0.0558,12.26,2026-09-10
2026-07-13,0.5129,0.0663,0.0564,0.0756,1.2379,0.0557,12.26,2026-09-10
2026-07-14,0.5108,0.0662,0.0564,0.0753,1.2408,0.0555,12.23,2026-09-10
2026-07-15,0.5125,0.0662,0.0564,0.0757,1.2368,0.0557,12.28,2026-09-10
2026-07-16,0.5128,0.0661,0.056,0.0758,1.2377,0.0556,12.28,2026-09-10
2026-07-17,0.5112,0.0659,0.056,0.0755,1.241,0.0555,12.25,2026-09-10
2026-07-22,0.51,0.066,0.0563,0.0753,1.2412,0.0555,12.28,2026-09-10
2026-07-23,0.5113,0.0661,0.0564,0.0755,1.2376,0.0556,12.32,2026-09-10
2026-07-24,0.5052,0.0655,0.056,0.0746,1.251,0.055,12.21,2026-09-10
2026-07-27,0.5066,0.0656,0.056,0.0749,1.2474,0.0551,12.24,2026-09-10
2026-07-28,0.5043,0.0655,0.0561,0.0745,1.2507,0.055,12.2,2026-09-10
2026-07-29,0.5057,0.0656,0.0562,0.0747,1.2485,0.0551,12.21,2026-09-10
2026-07-30,0.5053,0.0653,0.0561,0.0748,1.249,0.055,12.23,2026-09-10
2026-07-31,0.5089,0.0655,0.0561,0.0755,1.2428,0.0553,12.1,2026-09-10
2026-08-03,0.5101,0.0655,0.0561,0.0756,1.243,0.0553,11.84,2026-09-10
2026-08-04,0.5088,0.0655,0.0561,0.0754,1.2443,0.0552,11.88,2026-09-10
2026-08-05,0.5108,0.0656,0.0563,0.0757,1.2395,0.0554,11.94,2026-09-10
2026-08-06,0.5114,0.0656,0.0563,0.0758,1.2385,0.0554,11.96,2026-09-10
2026-08-07,0.511,0.0657,0.0563,0.0758,1.2376,0.0555,11.99,2026-09-10
2026-08-10,0.5139,0.0659,0.0565,0.0762,1.2314,0.0557,12.07,2026-09-10
2026-08-11,0.5127,0.0659,0.0563,0.076,1.2334,0.0556,12.1,2026-09-10
2026-08-12,0.5134,0.066,0.0563,0.0761,1.2317,0.0557,12.13,2026-09-10
2026-08-13,0.5134,0.0661,0.0564,0.0761,1.2304,0.0557,12.13,2026-09-10
2026-08-14,0.5128,0.0659,0.0563,0.076,1.2321,0.0557,12.11,2026-09-10
2026-08-17,0.514,0.0658,0.0563,0.0763,1.2304,0.0557,12.13,2026-09-10
2026-08-18,0.512,0.0656,0.0561,0.0759,1.2346,0.0555,12.12,2026-09-10
2026-08-19,0.5124,0.0656,0.0561,0.076,1.2337,0.0555,12.1,2026-09-10
2026-08-20,0.5141,0.0655,0.0562,0.0764,1.2306,0.0557,12.12,2026-09-10
2026-08-21,0.5142,0.0654,0.0561,0.0765,1.2299,0.0557,12.16,2026-09-10
2026-08-24,0.5153,0.0656,0.0562,0.0766,1.2268,0.0558,12.18,2026-09-10
2026-08-25,0.5149,0.0657,0.0562,0.0766,1.2264,0.0558,12.2,2026-09-10
2026-08-26,0.516,0.0658,0.0563,0.0768,1.2235,0.0559,12.21,2026-09-10
2026-08-27,0.5155,0.0658,0.0564,0.0767,1.2237,0.0559,12.22,2026-09-10
2026-08-28,0.5149,0.0658,0.0563,0.0766,1.225,0.0559,12.21,2026-09-10
2026-08-31,0.5117,0.0657,0.0562,0.0761,1.2296,0.0556,12.17,2026-09-10
2026-09-01,0.5122,0.0657,0.0563,0.0762,1.2286,0.0557,12.19,2026-09-10
2026-09-02,0.5115,0.0657,0.0563,0.0761,1.2296,0.0556,12.14,2026-09-10
2026-09-03,0.5133,0.0659,0.0567,0.0763,1.2256,0.0558,12.01,2026-09-10
2026-09-04,0.5142,0.0659,0.0566,0.0766,1.2242,0.0558,11.96,2026-09-10
2026-09-07,0.514,0.066,0.0566,0.0766,1.2235,0.0558,11.93,2026-09-10
2026-09-08,0.5134,0.0658,0.0565,0.0765,1.2265,0.0557,11.76,2026-09-10
2026-09-09,0.5138,0.0658,0.0565,0.0766,1.2252,0.0557,11.74,2026-09-10
2026-09-10,0.513,0.0657,0.0564,0.0765,1.2267,0.0557,11.75,2026-09-10
2026-09-11,0.5108,0.0656,0.0563,0.0761,1.2309,0.0555,11.73,2026-09-12
2026-09-14,0.5097,0.0658,0.0563,0.076,1.2307,0.0555,11.72,2026-09-15
2026-09-15,0.5079,0.0656,0.0562,0.0757,1.2345,0.0553,11.71,2026-09-15
2026-09-16,0.5088,0.0657,0.0563,0.0759,1.2317,0.0554,11.77,2026-09-18
2026-09-17,0.507,0.0659,0.0565,0.0756,1.2321,0.0554,11.76,2026-09-18
2026-09-18,0.5071,0.0659,0.0566,0.0757,1.2295,0.0555,11.9,2026-09-19
2026-09-21,0.5069,0.066,0.0566,0.0757,1.2291,0.0555,11.89,2026-09-22
2026-09-22,0.5063,0.066,0.0565,0.0756,1.2301,0.0554,11.92,2026-09-24
2026-09-23,0.5076,0.0662,0.0568,0.0757,1.2266,0.0556,11.93,2026-09-24
